-- MySQL dump 10.13  Distrib 8.0.34, for Win64 (x86_64)
--
-- Host: 192.168.200.146    Database: zzyl
-- ------------------------------------------------------
-- Server version	8.0.30

/*!40101 SET @OLD_CHARACTER_SET_CLIENT=@@CHARACTER_SET_CLIENT */;
/*!40101 SET @OLD_CHARACTER_SET_RESULTS=@@CHARACTER_SET_RESULTS */;
/*!40101 SET @OLD_COLLATION_CONNECTION=@@COLLATION_CONNECTION */;
/*!50503 SET NAMES utf8mb4 */;
/*!40103 SET @OLD_TIME_ZONE=@@TIME_ZONE */;
/*!40103 SET TIME_ZONE='+00:00' */;
/*!40014 SET @OLD_UNIQUE_CHECKS=@@UNIQUE_CHECKS, UNIQUE_CHECKS=0 */;
/*!40014 SET @OLD_FOREIGN_KEY_CHECKS=@@FOREIGN_KEY_CHECKS, FOREIGN_KEY_CHECKS=0 */;
/*!40101 SET @OLD_SQL_MODE=@@SQL_MODE, SQL_MODE='NO_AUTO_VALUE_ON_ZERO' */;
/*!40111 SET @OLD_SQL_NOTES=@@SQL_NOTES, SQL_NOTES=0 */;

--
-- Table structure for table `alert_data`
--

create database zzly default character set utf8;
  
use zzly;

DROP TABLE IF EXISTS `alert_data`;
/*!40101 SET @saved_cs_client     = @@character_set_client */;
/*!50503 SET character_set_client = utf8mb4 */;
CREATE TABLE `alert_data` (
  `id` bigint NOT NULL AUTO_INCREMENT COMMENT '主键',
  `iot_id` varchar(50) CHARACTER SET utf8mb4 COLLATE utf8mb4_general_ci NOT NULL COMMENT '物联网设备id',
  `device_name` varchar(50) CHARACTER SET utf8mb4 COLLATE utf8mb4_general_ci DEFAULT NULL COMMENT '设备名称',
  `nickname` varchar(50) CHARACTER SET utf8mb4 COLLATE utf8mb4_general_ci DEFAULT NULL COMMENT '设备备注名称',
  `product_key` varchar(50) CHARACTER SET utf8mb4 COLLATE utf8mb4_general_ci NOT NULL COMMENT '所属产品key',
  `product_name` varchar(50) CHARACTER SET utf8mb4 COLLATE utf8mb4_general_ci DEFAULT NULL COMMENT '产品名称',
  `function_id` varchar(50) CHARACTER SET utf8mb4 COLLATE utf8mb4_general_ci NOT NULL COMMENT '功能标识符',
  `access_location` varchar(100) CHARACTER SET utf8mb4 COLLATE utf8mb4_general_ci DEFAULT NULL COMMENT '接入位置',
  `location_type` int DEFAULT NULL COMMENT '位置类型 0：随身设备 1：固定设备',
  `physical_location_type` int DEFAULT NULL COMMENT '物理位置类型 0楼层 1房间 2床位',
  `device_description` varchar(50) CHARACTER SET utf8mb4 COLLATE utf8mb4_general_ci DEFAULT NULL COMMENT '位置备注',
  `data_value` varchar(100) CHARACTER SET utf8mb4 COLLATE utf8mb4_general_ci NOT NULL COMMENT '数据值',
  `alert_rule_id` bigint NOT NULL COMMENT '报警规则id',
  `alert_reason` varchar(500) CHARACTER SET utf8mb4 COLLATE utf8mb4_general_ci NOT NULL COMMENT '报警原因，格式：功能名称+运算符+阈值+持续周期+聚合周期',
  `processing_result` varchar(500) CHARACTER SET utf8mb4 COLLATE utf8mb4_general_ci DEFAULT NULL COMMENT '处理结果',
  `processor_id` bigint DEFAULT NULL COMMENT '处理人id',
  `processor_name` varchar(50) CHARACTER SET utf8mb4 COLLATE utf8mb4_general_ci DEFAULT NULL COMMENT '处理人名称',
  `processing_time` datetime DEFAULT NULL COMMENT '处理时间',
  `type` int NOT NULL COMMENT '报警数据类型，0：老人异常数据，1：设备异常数据',
  `status` int NOT NULL COMMENT '状态，0：待处理，1：已处理',
  `create_time` datetime NOT NULL DEFAULT CURRENT_TIMESTAMP COMMENT '创建时间',
  `update_time` datetime NOT NULL DEFAULT CURRENT_TIMESTAMP ON UPDATE CURRENT_TIMESTAMP COMMENT '更新时间',
  `create_by` bigint DEFAULT NULL COMMENT '创建人id',
  `update_by` bigint DEFAULT NULL COMMENT '更新人id',
  `remark` varchar(200) CHARACTER SET utf8mb4 COLLATE utf8mb4_general_ci DEFAULT NULL COMMENT '备注',
  PRIMARY KEY (`id`) USING BTREE
) ENGINE=InnoDB AUTO_INCREMENT=6345 DEFAULT CHARSET=utf8mb4 COLLATE=utf8mb4_general_ci ROW_FORMAT=DYNAMIC COMMENT='报警数据';
/*!40101 SET character_set_client = @saved_cs_client */;

--
-- Dumping data for table `alert_data`
--

LOCK TABLES `alert_data` WRITE;
/*!40000 ALTER TABLE `alert_data` DISABLE KEYS */;
/*!40000 ALTER TABLE `alert_data` ENABLE KEYS */;
UNLOCK TABLES;

--
-- Table structure for table `alert_rule`
--

DROP TABLE IF EXISTS `alert_rule`;
/*!40101 SET @saved_cs_client     = @@character_set_client */;
/*!50503 SET character_set_client = utf8mb4 */;
CREATE TABLE `alert_rule` (
  `id` bigint NOT NULL AUTO_INCREMENT,
  `product_key` varchar(50) CHARACTER SET utf8mb4 COLLATE utf8mb4_unicode_ci DEFAULT NULL COMMENT '所属产品的key',
  `product_name` varchar(500) CHARACTER SET utf8mb4 COLLATE utf8mb4_unicode_ci DEFAULT NULL COMMENT '产品名称',
  `module_id` varchar(50) CHARACTER SET utf8mb4 COLLATE utf8mb4_unicode_ci DEFAULT NULL COMMENT '模块的key',
  `module_name` varchar(500) CHARACTER SET utf8mb4 COLLATE utf8mb4_unicode_ci DEFAULT NULL COMMENT '模块名称',
  `function_name` varchar(255) CHARACTER SET utf8mb4 COLLATE utf8mb4_unicode_ci DEFAULT NULL COMMENT '功能名称',
  `function_id` varchar(255) CHARACTER SET utf8mb4 COLLATE utf8mb4_unicode_ci DEFAULT NULL COMMENT '功能标识',
  `iot_id` varchar(255) CHARACTER SET utf8mb4 COLLATE utf8mb4_unicode_ci DEFAULT NULL COMMENT '物联网设备id',
  `device_name` varchar(255) CHARACTER SET utf8mb4 COLLATE utf8mb4_unicode_ci DEFAULT NULL COMMENT '设备名称',
  `alert_data_type` int DEFAULT NULL COMMENT '报警数据类型，0：老人异常数据，1：设备异常数据',
  `alert_rule_name` varchar(255) CHARACTER SET utf8mb4 COLLATE utf8mb4_unicode_ci DEFAULT NULL COMMENT '告警规则名称',
  `operator` varchar(255) CHARACTER SET utf8mb4 COLLATE utf8mb4_unicode_ci DEFAULT NULL COMMENT '运算符',
  `value` float DEFAULT NULL COMMENT '阈值',
  `duration` int DEFAULT NULL COMMENT '持续周期',
  `alert_effective_period` varchar(255) CHARACTER SET utf8mb4 COLLATE utf8mb4_unicode_ci DEFAULT NULL COMMENT '报警生效时段',
  `alert_silent_period` int DEFAULT NULL COMMENT '报警沉默周期',
  `status` int DEFAULT NULL COMMENT '0 禁用 1启用',
  `create_time` datetime NOT NULL COMMENT '创建时间',
  `update_time` datetime DEFAULT NULL COMMENT '更新时间',
  `create_by` bigint DEFAULT NULL COMMENT '创建人id',
  `update_by` bigint DEFAULT NULL COMMENT '更新人id',
  `remark` varchar(255) CHARACTER SET utf8mb4 COLLATE utf8mb4_0900_ai_ci DEFAULT NULL COMMENT '备注',
  PRIMARY KEY (`id`) USING BTREE
) ENGINE=InnoDB AUTO_INCREMENT=36 DEFAULT CHARSET=utf8mb4 COLLATE=utf8mb4_unicode_ci ROW_FORMAT=DYNAMIC;
/*!40101 SET character_set_client = @saved_cs_client */;

--
-- Dumping data for table `alert_rule`
--

LOCK TABLES `alert_rule` WRITE;
/*!40000 ALTER TABLE `alert_rule` DISABLE KEYS */;
/*!40000 ALTER TABLE `alert_rule` ENABLE KEYS */;
UNLOCK TABLES;

--
-- Table structure for table `balance`
--

DROP TABLE IF EXISTS `balance`;
/*!40101 SET @saved_cs_client     = @@character_set_client */;
/*!50503 SET character_set_client = utf8mb4 */;
CREATE TABLE `balance` (
  `id` bigint NOT NULL AUTO_INCREMENT COMMENT '主键',
  `prepaid_balance` decimal(10,2) unsigned zerofill DEFAULT '00000000.00' COMMENT '预交款余额',
  `deposit_amount` decimal(10,2) unsigned zerofill DEFAULT '00000000.00' COMMENT '押金金额',
  `arrears_amount` decimal(10,2) unsigned zerofill DEFAULT '00000000.00' COMMENT '欠费金额（元）',
  `payment_deadline` datetime DEFAULT NULL COMMENT '支付截止时间',
  `status` int NOT NULL DEFAULT '0' COMMENT '状态（0：正常，1：退住  2：入住未缴押金）',
  `elder_id` bigint NOT NULL COMMENT '老人ID',
  `elder_name` varchar(50) CHARACTER SET utf8mb4 COLLATE utf8mb4_0900_ai_ci DEFAULT NULL COMMENT '老人姓名',
  `bed_no` varchar(50) CHARACTER SET utf8mb4 COLLATE utf8mb4_0900_ai_ci DEFAULT NULL COMMENT '床位号',
  `create_time` datetime NOT NULL COMMENT '创建时间',
  `update_time` datetime DEFAULT NULL COMMENT '更新时间',
  `create_by` bigint DEFAULT NULL COMMENT '创建人id',
  `update_by` bigint DEFAULT NULL COMMENT '更新人id',
  `remark` varchar(255) CHARACTER SET utf8mb4 COLLATE utf8mb4_0900_ai_ci DEFAULT NULL COMMENT '备注',
  PRIMARY KEY (`id`) USING BTREE
) ENGINE=InnoDB AUTO_INCREMENT=28 DEFAULT CHARSET=utf8mb4 COLLATE=utf8mb4_0900_ai_ci ROW_FORMAT=DYNAMIC COMMENT='余额表';
/*!40101 SET character_set_client = @saved_cs_client */;

--
-- Dumping data for table `balance`
--

LOCK TABLES `balance` WRITE;
/*!40000 ALTER TABLE `balance` DISABLE KEYS */;
INSERT INTO `balance` VALUES (17,00000000.00,00003000.00,00000000.00,NULL,0,36,NULL,NULL,'2023-11-13 06:27:24','2023-11-13 06:27:24',1671403256519078164,1671403256519078164,NULL),(18,00000000.00,00003000.00,00000000.00,NULL,0,35,NULL,NULL,'2023-11-13 06:27:55','2023-11-13 06:27:55',1671403256519078164,1671403256519078164,NULL),(19,00000000.00,00003000.00,00000000.00,NULL,0,34,NULL,NULL,'2023-11-13 06:28:24','2023-11-13 06:28:24',1671403256519078164,1671403256519078164,NULL),(20,00000000.00,00003000.00,00000000.00,NULL,0,33,NULL,NULL,'2023-11-13 06:28:42','2023-11-13 06:28:42',1671403256519078164,1671403256519078164,NULL),(21,00000000.00,00003000.00,00000000.00,NULL,0,32,NULL,NULL,'2023-11-13 06:29:03','2023-11-13 06:29:03',1671403256519078164,1671403256519078164,NULL),(22,00000000.00,00003000.00,00000000.00,NULL,0,1,NULL,NULL,'2023-11-16 22:01:32','2023-11-16 22:01:32',1671403256519078168,1671403256519078168,NULL),(23,00000000.00,00003000.00,00000000.00,NULL,0,6,NULL,NULL,'2023-11-16 22:01:46','2023-11-16 22:01:46',1671403256519078168,1671403256519078168,NULL),(24,00000000.00,00003000.00,00000000.00,NULL,0,5,NULL,NULL,'2023-11-16 22:02:02','2023-11-16 22:02:02',1671403256519078168,1671403256519078168,NULL),(25,00000000.00,00003000.00,00000000.00,NULL,0,4,NULL,NULL,'2023-11-16 22:02:15','2023-11-16 22:02:15',1671403256519078168,1671403256519078168,NULL),(26,00000000.00,00003000.00,00000000.00,NULL,0,3,NULL,NULL,'2023-11-16 22:02:28','2023-11-16 22:02:28',1671403256519078168,1671403256519078168,NULL),(27,00000000.00,00003000.00,00000000.00,NULL,0,2,NULL,NULL,'2023-11-16 22:02:40','2023-11-16 22:02:40',1671403256519078168,1671403256519078168,NULL);
/*!40000 ALTER TABLE `balance` ENABLE KEYS */;
UNLOCK TABLES;

--
-- Table structure for table `bed`
--

DROP TABLE IF EXISTS `bed`;
/*!40101 SET @saved_cs_client     = @@character_set_client */;
/*!50503 SET character_set_client = utf8mb4 */;
CREATE TABLE `bed` (
  `id` bigint NOT NULL AUTO_INCREMENT COMMENT '床位ID',
  `bed_number` varchar(255) CHARACTER SET utf8mb4 COLLATE utf8mb4_0900_ai_ci DEFAULT NULL COMMENT '床位编号',
  `bed_status` int DEFAULT NULL COMMENT '床位状态: 未入住0, 已入住1 入住申请中2',
  `sort` int DEFAULT NULL COMMENT '床位号',
  `room_id` bigint DEFAULT NULL COMMENT '房间ID',
  `create_time` datetime NOT NULL COMMENT '创建时间',
  `update_time` datetime DEFAULT NULL COMMENT '更新时间',
  `create_by` bigint DEFAULT NULL COMMENT '创建人id',
  `update_by` bigint DEFAULT NULL COMMENT '更新人id',
  `remark` varchar(255) CHARACTER SET utf8mb4 COLLATE utf8mb4_0900_ai_ci DEFAULT NULL COMMENT '备注',
  PRIMARY KEY (`id`) USING BTREE,
  UNIQUE KEY `bed_number` (`bed_number`) USING BTREE
) ENGINE=InnoDB AUTO_INCREMENT=177 DEFAULT CHARSET=utf8mb4 COLLATE=utf8mb4_0900_ai_ci ROW_FORMAT=DYNAMIC COMMENT='床位表';
/*!40101 SET character_set_client = @saved_cs_client */;

--
-- Dumping data for table `bed`
--

LOCK TABLES `bed` WRITE;
/*!40000 ALTER TABLE `bed` DISABLE KEYS */;
INSERT INTO `bed` VALUES (1,'101-1',1,1,1,'2023-09-26 17:39:53','2023-11-16 22:01:46',1671403256519078138,1671403256519078168,NULL),(2,'102-1',1,1,2,'2023-09-26 17:40:01','2023-11-16 22:02:15',1671403256519078138,1671403256519078168,NULL),(3,'102-2',1,2,2,'2023-09-26 17:40:09','2023-11-16 22:02:02',1671403256519078138,1671403256519078168,NULL),(4,'103-1',1,1,3,'2023-09-26 17:40:42','2023-11-16 22:01:32',1671403256519078138,1671403256519078168,NULL),(5,'104-1',0,1,4,'2023-09-26 17:40:49','2023-11-11 23:39:41',1671403256519078138,1671403256519078164,NULL),(6,'104-2',0,2,4,'2023-09-26 17:40:54','2023-10-20 23:22:12',1671403256519078138,1671403256519078164,NULL),(7,'105-1',0,1,5,'2023-09-26 17:41:09','2023-11-13 06:29:03',1671403256519078138,1671403256519078164,NULL),(8,'106-1',0,1,6,'2023-09-26 17:41:16','2023-09-26 17:45:58',1671403256519078138,1671403256519078138,NULL),(9,'106-2',0,2,6,'2023-09-26 17:41:24','2023-11-11 23:57:55',1671403256519078138,1671403256519078161,NULL),(10,'107-1',0,1,7,'2023-09-26 17:41:32','2023-11-12 00:01:05',1671403256519078138,1671403256519078164,NULL),(11,'201-1',1,1,8,'2023-09-26 17:44:53','2023-11-16 22:02:28',1671403256519078138,1671403256519078168,NULL),(12,'202-1',0,1,9,'2023-09-26 17:46:33','2023-09-26 17:46:33',1671403256519078138,NULL,NULL),(13,'202-2',0,2,9,'2023-09-26 17:46:47','2023-09-26 17:46:47',1671403256519078138,NULL,NULL),(14,'203-1',0,1,10,'2023-09-26 18:43:58','2023-11-12 15:47:29',1671403256519078138,1671403256519078164,NULL),(15,'204-1',0,1,11,'2023-09-26 18:44:03','2023-09-26 18:44:03',1671403256519078138,NULL,NULL),(16,'204-2',0,2,11,'2023-09-26 18:44:12','2023-09-26 18:44:12',1671403256519078138,NULL,NULL),(18,'205-1',0,1,12,'2023-09-26 18:44:23','2023-09-26 18:44:31',1671403256519078138,1671403256519078138,NULL),(19,'206-1',0,1,13,'2023-09-26 18:44:36','2023-09-26 18:44:36',1671403256519078138,NULL,NULL),(20,'206-2',0,2,13,'2023-09-26 18:44:42','2023-09-26 18:44:48',1671403256519078138,1671403256519078138,NULL),(21,'207-1',0,1,14,'2023-09-26 18:45:01','2023-09-26 18:45:01',1671403256519078138,NULL,NULL),(22,'301-1',1,1,15,'2023-09-26 18:45:26','2023-11-16 22:02:40',1671403256519078138,1671403256519078168,NULL),(23,'302-1',0,1,16,'2023-09-26 18:45:31','2023-09-26 18:45:31',1671403256519078138,NULL,NULL),(24,'302-2',0,2,16,'2023-09-26 18:45:39','2023-09-26 18:45:39',1671403256519078138,NULL,NULL),(25,'303-1',0,1,17,'2023-09-26 18:45:44','2023-09-26 18:45:44',1671403256519078138,NULL,NULL),(27,'304-1',0,1,18,'2023-09-26 18:45:55','2023-09-26 18:45:55',1671403256519078138,NULL,NULL),(28,'304-2',0,2,18,'2023-09-26 18:46:04','2023-09-26 18:46:04',1671403256519078138,NULL,NULL),(29,'305-1',0,1,19,'2023-09-26 18:46:11','2023-09-26 18:46:11',1671403256519078138,NULL,NULL),(30,'306-1',0,1,20,'2023-09-26 18:46:16','2023-09-26 18:46:16',1671403256519078138,NULL,NULL),(31,'306-2',0,2,20,'2023-09-26 18:46:22','2023-09-26 19:08:50',1671403256519078138,1671403256519078138,NULL),(32,'307-1',0,1,21,'2023-09-26 18:46:29','2023-09-26 18:46:29',1671403256519078138,NULL,NULL),(33,'401-1',0,1,22,'2023-09-26 18:52:14','2023-09-26 18:52:14',1671403256519078138,NULL,NULL),(34,'402-1',0,1,23,'2023-09-26 18:52:22','2023-09-26 18:52:22',1671403256519078138,NULL,NULL),(35,'402-2',0,2,23,'2023-09-26 18:52:35','2023-09-26 18:52:38',1671403256519078138,1671403256519078138,NULL),(36,'403-1',0,1,24,'2023-09-26 18:52:47','2023-09-26 18:52:47',1671403256519078138,NULL,NULL),(37,'404-1',0,1,25,'2023-09-26 18:52:54','2023-09-26 18:52:54',1671403256519078138,NULL,NULL),(38,'404-2',0,2,25,'2023-09-26 18:53:02','2023-09-26 18:53:10',1671403256519078138,1671403256519078138,NULL),(39,'405-1',0,1,26,'2023-09-26 18:53:18','2023-09-26 18:53:18',1671403256519078138,NULL,NULL),(40,'406-1',0,1,27,'2023-09-26 18:53:27','2023-09-26 18:53:27',1671403256519078138,NULL,NULL),(41,'406-2',0,2,27,'2023-09-26 18:53:36','2023-09-26 18:53:36',1671403256519078138,NULL,NULL),(42,'407-1',0,1,28,'2023-09-26 18:53:44','2023-09-26 18:53:44',1671403256519078138,NULL,NULL),(43,'501-1',0,1,29,'2023-09-26 18:55:47','2023-09-26 18:55:47',1671403256519078138,NULL,NULL),(44,'502-1',0,1,31,'2023-09-26 18:55:52','2023-09-26 18:55:52',1671403256519078138,NULL,NULL),(45,'502-2',0,2,31,'2023-09-26 18:56:02','2023-09-26 18:56:02',1671403256519078138,NULL,NULL),(46,'503-1',0,1,32,'2023-09-26 18:56:10','2023-09-26 18:56:10',1671403256519078138,NULL,NULL),(48,'504-1',0,1,33,'2023-09-26 18:56:26','2023-09-26 18:56:26',1671403256519078138,NULL,NULL),(49,'504-2',0,2,33,'2023-09-26 18:56:32','2023-09-26 18:56:32',1671403256519078138,NULL,NULL),(50,'505-1',0,1,34,'2023-09-26 18:56:37','2023-09-26 18:56:37',1671403256519078138,NULL,NULL),(52,'506-1',0,1,35,'2023-09-26 18:56:49','2023-09-26 18:56:49',1671403256519078138,NULL,NULL),(53,'506-2',0,2,35,'2023-09-26 18:56:54','2023-09-26 18:56:54',1671403256519078138,NULL,NULL),(54,'507-1',0,1,36,'2023-09-26 18:57:00','2023-09-26 18:57:00',1671403256519078138,NULL,NULL),(55,'601-1',0,1,37,'2023-09-26 19:05:11','2023-09-28 22:53:28',1671403256519078138,1671403256519078164,NULL),(56,'602-1',0,1,38,'2023-09-26 19:05:16','2023-09-26 19:05:16',1671403256519078138,NULL,NULL),(57,'602-2',0,2,38,'2023-09-26 19:05:24','2023-09-26 19:05:24',1671403256519078138,NULL,NULL),(58,'603-1',0,1,39,'2023-09-26 19:05:29','2023-09-26 19:05:29',1671403256519078138,NULL,NULL),(59,'604-1',0,1,40,'2023-09-26 19:05:33','2023-09-26 19:05:33',1671403256519078138,NULL,NULL),(60,'604-2',0,2,40,'2023-09-26 19:05:38','2023-09-26 19:05:38',1671403256519078138,NULL,NULL),(61,'605-1',0,1,41,'2023-09-26 19:05:43','2023-09-26 19:05:43',1671403256519078138,NULL,NULL),(62,'606-1',0,1,42,'2023-09-26 19:05:48','2023-09-26 19:05:48',1671403256519078138,NULL,NULL),(63,'606-2',0,2,42,'2023-09-26 19:05:54','2023-09-26 19:05:54',1671403256519078138,NULL,NULL),(64,'607-1',0,1,43,'2023-09-26 19:05:59','2023-09-26 19:05:59',1671403256519078138,NULL,NULL),(65,'701-1',0,1,44,'2023-09-26 19:06:10','2023-09-26 19:06:10',1671403256519078138,NULL,NULL),(66,'702-1',0,1,45,'2023-09-26 19:06:14','2023-09-26 19:06:26',1671403256519078138,1671403256519078138,NULL),(68,'702-2',0,2,45,'2023-09-26 19:06:35','2023-09-26 19:06:35',1671403256519078138,NULL,NULL),(69,'703-1',0,1,46,'2023-09-26 19:06:41','2023-09-26 19:06:41',1671403256519078138,NULL,NULL),(70,'704-1',0,1,47,'2023-09-26 19:06:46','2023-09-26 19:06:46',1671403256519078138,NULL,NULL),(71,'704-2',0,2,47,'2023-09-26 19:06:52','2023-09-26 19:06:57',1671403256519078138,1671403256519078138,NULL),(72,'705-1',0,1,48,'2023-09-26 19:07:04','2023-09-26 19:07:04',1671403256519078138,NULL,NULL),(73,'706-1',0,1,49,'2023-09-26 19:07:10','2023-09-26 19:07:10',1671403256519078138,NULL,NULL),(74,'706-2',0,2,49,'2023-09-26 19:07:14','2023-09-26 19:07:19',1671403256519078138,1671403256519078138,NULL),(75,'707-1',0,1,50,'2023-09-26 19:07:25','2023-09-26 19:07:25',1671403256519078138,NULL,NULL),(76,'801-1',0,1,51,'2023-09-26 19:07:41','2023-09-26 19:07:41',1671403256519078138,NULL,NULL),(77,'803-1',0,1,53,'2023-09-26 19:07:46','2023-09-26 19:07:46',1671403256519078138,NULL,NULL),(78,'805-1',0,1,55,'2023-09-26 19:07:51','2023-09-26 19:07:51',1671403256519078138,NULL,NULL),(79,'807-1',0,1,57,'2023-09-26 19:07:56','2023-09-26 19:07:56',1671403256519078138,NULL,NULL),(80,'802-1',0,1,52,'2023-09-26 19:08:04','2023-09-26 19:08:04',1671403256519078138,NULL,NULL),(81,'801-2',0,2,52,'2023-09-26 19:08:09','2023-09-26 19:08:09',1671403256519078138,NULL,NULL),(82,'804-1',0,1,54,'2023-09-26 19:08:15','2023-09-26 19:08:15',1671403256519078138,NULL,NULL),(83,'804-2',0,2,54,'2023-09-26 19:08:22','2023-09-26 19:08:22',1671403256519078138,NULL,NULL),(84,'806-1',0,1,56,'2023-09-26 19:08:28','2023-09-26 19:08:28',1671403256519078138,NULL,NULL),(85,'806-2',0,2,56,'2023-09-26 19:08:35','2023-09-26 19:08:35',1671403256519078138,NULL,NULL),(170,'901-1',0,4,66,'2023-11-30 20:21:37','2023-11-30 20:21:54',1,1,NULL),(171,'901-3',0,1,66,'2023-12-10 15:09:42','2023-12-10 15:10:56',1,1,NULL);
/*!40000 ALTER TABLE `bed` ENABLE KEYS */;
UNLOCK TABLES;

--
-- Table structure for table `bill`
--

DROP TABLE IF EXISTS `bill`;
/*!40101 SET @saved_cs_client     = @@character_set_client */;
/*!50503 SET character_set_client = utf8mb4 */;
CREATE TABLE `bill` (
  `id` bigint NOT NULL AUTO_INCREMENT COMMENT '主键',
  `bill_no` varchar(50) CHARACTER SET utf8mb4 COLLATE utf8mb4_0900_ai_ci NOT NULL COMMENT '账单编号',
  `trading_order_no` bigint DEFAULT '0' COMMENT '交易系统订单号',
  `bill_type` tinyint NOT NULL DEFAULT '0' COMMENT '账单类型（0：月度账单，1服务账单）',
  `bill_month` varchar(50) CHARACTER SET utf8mb4 COLLATE utf8mb4_0900_ai_ci DEFAULT NULL COMMENT '账单月份',
  `elder_id` bigint NOT NULL COMMENT '老人ID',
  `bill_amount` decimal(10,2) NOT NULL COMMENT '账单金额（元）',
  `payable_amount` decimal(10,2) NOT NULL COMMENT '应付金额（元）',
  `prepaid_amount` decimal(10,2) unsigned zerofill DEFAULT NULL COMMENT '预付款支付金额',
  `deposit_amount` decimal(10,2) unsigned zerofill DEFAULT NULL COMMENT '押金金额',
  `current_cost` decimal(10,2) NOT NULL COMMENT '本期应付',
  `payment_deadline` datetime NOT NULL COMMENT '支付截止时间',
  `transaction_status` int NOT NULL COMMENT '账单状态（0：未支付，1已支付, 2已关闭）',
  `bill_start_time` datetime DEFAULT NULL COMMENT '账单开始时间',
  `bill_end_time` datetime DEFAULT NULL COMMENT '账单结束时间',
  `total_days` int DEFAULT NULL COMMENT '共计天数（天）',
  `create_time` datetime NOT NULL COMMENT '创建时间',
  `lname` varchar(50) CHARACTER SET utf8mb4 COLLATE utf8mb4_0900_ai_ci DEFAULT '' COMMENT '护理等级名称',
  `type_name` varchar(50) CHARACTER SET utf8mb4 COLLATE utf8mb4_0900_ai_ci DEFAULT '' COMMENT '房间类型名称',
  `update_time` varchar(50) CHARACTER SET utf8mb4 COLLATE utf8mb4_0900_ai_ci DEFAULT NULL COMMENT '更新时间',
  `create_by` bigint DEFAULT NULL COMMENT '创建人id',
  `update_by` bigint DEFAULT NULL COMMENT '更新人id',
  `remark` varchar(255) CHARACTER SET utf8mb4 COLLATE utf8mb4_0900_ai_ci DEFAULT NULL COMMENT '备注',
  PRIMARY KEY (`id`) USING BTREE
) ENGINE=InnoDB AUTO_INCREMENT=7 DEFAULT CHARSET=utf8mb4 COLLATE=utf8mb4_0900_ai_ci ROW_FORMAT=DYNAMIC COMMENT='账单表';
/*!40101 SET character_set_client = @saved_cs_client */;

--
-- Dumping data for table `bill`
--

LOCK TABLES `bill` WRITE;
/*!40000 ALTER TABLE `bill` DISABLE KEYS */;
INSERT INTO `bill` VALUES (1,'ZD202311162201311',NULL,0,'2023-11',1,4750.00,4750.00,00000000.00,00003000.00,1750.00,'2023-11-22 00:00:00',0,'2023-11-16 00:00:00','2023-11-30 23:59:59',15,'2023-11-16 22:01:32','二级护理等级','普通单人间','2023-11-16 22:01:31.785396',1671403256519078168,NULL,NULL),(2,'ZD202311162201461',NULL,0,'2023-11',6,8350.00,8350.00,00000000.00,00003000.00,5350.00,'2023-11-22 00:00:00',0,'2023-11-16 00:00:00','2023-11-30 23:59:59',15,'2023-11-16 22:01:46','特级护理等级','特护房','2023-11-16 22:01:46.444449',1671403256519078168,NULL,NULL),(3,'ZD202311162202011',NULL,0,'2023-11',5,5750.00,5750.00,00000000.00,00003000.00,2750.00,'2023-11-22 00:00:00',0,'2023-11-16 00:00:00','2023-11-30 23:59:59',15,'2023-11-16 22:02:02','一级护理等级','普通双人间','2023-11-16 22:02:01.721126',1671403256519078168,NULL,NULL),(4,'ZD202311162202141',NULL,0,'2023-11',4,5500.00,5500.00,00000000.00,00003000.00,2500.00,'2023-11-22 00:00:00',0,'2023-11-16 00:00:00','2023-11-30 23:59:59',15,'2023-11-16 22:02:15','二级护理等级','普通双人间','2023-11-16 22:02:14.774118',1671403256519078168,NULL,NULL),(5,'ZD202311162202281',NULL,0,'2023-11',3,7500.00,7500.00,00000000.00,00003000.00,4500.00,'2023-11-22 00:00:00',0,'2023-11-16 00:00:00','2023-11-30 23:59:59',15,'2023-11-16 22:02:28','三级护理等级','特护房','2023-11-16 22:02:28.143946',1671403256519078168,NULL,NULL),(6,'ZD202311162202391',NULL,0,'2023-11',2,8000.00,8000.00,00000000.00,00003000.00,5000.00,'2023-11-22 00:00:00',0,'2023-11-16 00:00:00','2023-11-30 23:59:59',15,'2023-11-16 22:02:40','一级护理等级','特护房','2023-11-16 22:02:39.581158',1671403256519078168,NULL,NULL);
/*!40000 ALTER TABLE `bill` ENABLE KEYS */;
UNLOCK TABLES;

--
-- Table structure for table `check_in`
--

DROP TABLE IF EXISTS `check_in`;
/*!40101 SET @saved_cs_client     = @@character_set_client */;
/*!50503 SET character_set_client = utf8mb4 */;
CREATE TABLE `check_in` (
  `id` bigint NOT NULL AUTO_INCREMENT COMMENT 'id',
  `check_in_code` varchar(255) CHARACTER SET utf8mb4 COLLATE utf8mb4_unicode_ci NOT NULL COMMENT '编号',
  `title` varchar(255) CHARACTER SET utf8mb4 COLLATE utf8mb4_unicode_ci NOT NULL COMMENT '标题',
  `elder_id` bigint NOT NULL COMMENT '老人id',
  `counselor` varchar(255) CHARACTER SET utf8mb4 COLLATE utf8mb4_unicode_ci DEFAULT NULL COMMENT '养老顾问',
  `check_in_time` timestamp NULL DEFAULT NULL COMMENT '入住时间',
  `reason` varchar(255) CHARACTER SET utf8mb4 COLLATE utf8mb4_unicode_ci DEFAULT NULL COMMENT '原因',
  `remark` varchar(255) CHARACTER SET utf8mb4 COLLATE utf8mb4_unicode_ci DEFAULT NULL COMMENT '备注',
  `applicat` varchar(255) CHARACTER SET utf8mb4 COLLATE utf8mb4_unicode_ci NOT NULL COMMENT '申请人',
  `dept_no` varchar(255) CHARACTER SET utf8mb4 COLLATE utf8mb4_unicode_ci NOT NULL COMMENT '部门编号',
  `applicat_id` bigint NOT NULL COMMENT '申请人id',
  `create_time` timestamp NOT NULL COMMENT '创建时间',
  `flow_status` int NOT NULL COMMENT '流程状态',
  `status` int NOT NULL COMMENT '审核状态',
  `other_apply_info` text CHARACTER SET utf8mb4 COLLATE utf8mb4_unicode_ci COMMENT '其他申请信息',
  `review_info` text CHARACTER SET utf8mb4 COLLATE utf8mb4_unicode_ci COMMENT '评估信息',
  `update_time` timestamp NULL DEFAULT NULL COMMENT '更新时间',
  PRIMARY KEY (`id`) USING BTREE
) ENGINE=InnoDB AUTO_INCREMENT=8 DEFAULT CHARSET=utf8mb4 COLLATE=utf8mb4_unicode_ci ROW_FORMAT=DYNAMIC;
/*!40101 SET character_set_client = @saved_cs_client */;

--
-- Dumping data for table `check_in`
--

LOCK TABLES `check_in` WRITE;
/*!40000 ALTER TABLE `check_in` DISABLE KEYS */;
INSERT INTO `check_in` VALUES (1,'RZ202311162142261','刘备的入住申请',1,'养老顾问','2023-11-15 16:00:00',NULL,'HT202311162157361','养老顾问','100001006000000',1671403256519078161,'2023-11-16 13:42:26',4,2,'{\"birthdate\":\"1945-01-02\",\"address\":\"13212340987\",\"phone\":\"13212340987\",\"elderDto\":\"{\\\"name\\\":\\\"刘备\\\",\\\"idCardNo\\\":\\\"132123194501021234\\\",\\\"phone\\\":\\\"13212340987\\\",\\\"age\\\":\\\"78\\\",\\\"sex\\\":\\\"0\\\",\\\"params\\\":{}}\",\"idCardNo\":\"132123194501021234\",\"sex\":0,\"name\":\"刘备\",\"checkInOtherDto\":\"{\\\"memberElderDtos\\\":[{\\\"name\\\":\\\"1321234098\\\",\\\"phone\\\":\\\"13212340987\\\",\\\"refName\\\":\\\"亲属\\\",\\\"refId\\\":\\\"2\\\",\\\"params\\\":{}}],\\\"url1\\\":\\\"https://itheim.oss-cn-beijing.aliyuncs.com/b563f875-87c2-4d10-8b72-6b8fe3702e15.png\\\",\\\"url2\\\":\\\"https://itheim.oss-cn-beijing.aliyuncs.com/9690e13e-1c47-4bbe-92d7-128077e03164.jpg\\\",\\\"url3\\\":\\\"https://itheim.oss-cn-beijing.aliyuncs.com/10f66a3d-9865-4c58-bcff-cd41ae69ed25.jpg\\\"}\",\"age\":78}','{\"familyUserData\":[{\"dosage\":\"1\",\"method\":\"1\",\"name\":\"1\",\"key\":\"0\"}],\"r2\":\"{\\\"alteration\\\":[\\\"已诊断疾病超过3项\\\"],\\\"selfScore\\\":7,\\\"spiritScore\\\":4,\\\"participationScore\\\":9,\\\"assessmentTotal\\\":20,\\\"grade\\\":\\\"轻度失能\\\",\\\"other\\\":\\\"11\\\",\\\"otherCheck\\\":true,\\\"lastGrade\\\":\\\"能力完好\\\"}\",\"other\":\"\",\"suicide\":\"无\",\"conk\":\"无\",\"selfAbility\":\"不能自理\",\"beLost\":\"无\",\"reportUrl\":\"https://itheim.oss-cn-beijing.aliyuncs.com/fbe4c358-4bcb-43a2-bd2f-f0aa35e3c709.pdf\",\"woundArr\":[\"无\"],\"lookAfterArr\":[\"无\"],\"diagnoseArr\":[\"无疾病\"],\"hiccought\":\"无\",\"name\":\"合同.pdf\",\"tumble\":\"无\",\"sdementiaArr\":[\"行为异常\"],\"fitnessOther\":\"11\",\"r1\":\"{\\\"radio1\\\":4,\\\"radio1Score\\\":5,\\\"radio2\\\":0,\\\"radio2Score\\\":1,\\\"radio3\\\":0,\\\"radio3Score\\\":1,\\\"radio4\\\":0,\\\"radio4Score\\\":1,\\\"radio5\\\":0,\\\"radio5Score\\\":1,\\\"radio6\\\":1,\\\"radio6Score\\\":2,\\\"radio7\\\":0,\\\"radio7Score\\\":1,\\\"radio8\\\":3,\\\"radio8Score\\\":4,\\\"radio9\\\":0,\\\"radio9Score\\\":1,\\\"radio10\\\":2,\\\"radio10Score\\\":3}\"}','2023-11-16 14:01:32'),(2,'RZ202311162143371','关羽的入住申请',2,'养老顾问','2023-11-15 16:00:00',NULL,'HT202311162157011','养老顾问','100001006000000',1671403256519078161,'2023-11-16 13:43:38',4,2,'{\"birthdate\":\"1945-01-03\",\"address\":\"13212340988\",\"phone\":\"13212340988\",\"elderDto\":\"{\\\"name\\\":\\\"关羽\\\",\\\"idCardNo\\\":\\\"132123194501031234\\\",\\\"phone\\\":\\\"13212340988\\\",\\\"age\\\":\\\"78\\\",\\\"sex\\\":\\\"0\\\",\\\"params\\\":{}}\",\"idCardNo\":\"132123194501031234\",\"sex\":0,\"name\":\"关羽\",\"checkInOtherDto\":\"{\\\"memberElderDtos\\\":[{\\\"name\\\":\\\"1321234098\\\",\\\"phone\\\":\\\"13212340988\\\",\\\"refName\\\":\\\"亲属\\\",\\\"refId\\\":\\\"2\\\",\\\"params\\\":{}}],\\\"url1\\\":\\\"https://itheim.oss-cn-beijing.aliyuncs.com/c2f2aa8e-938e-41cb-a96f-e90fe2c8f101.png\\\",\\\"url2\\\":\\\"https://itheim.oss-cn-beijing.aliyuncs.com/684fc892-5463-4f77-8f6b-ee1e51953d18.jpg\\\",\\\"url3\\\":\\\"https://itheim.oss-cn-beijing.aliyuncs.com/c86e7810-9387-4a95-a59a-570da554db87.jpg\\\"}\",\"age\":78}','{\"familyUserData\":[{\"dosage\":\"111\",\"method\":\"11\",\"name\":\"1\",\"key\":\"0\"}],\"r2\":\"{\\\"alteration\\\":[\\\"已诊断疾病超过3项\\\"],\\\"selfScore\\\":6,\\\"spiritScore\\\":3,\\\"participationScore\\\":4,\\\"assessmentTotal\\\":13,\\\"grade\\\":\\\"轻度失能\\\",\\\"other\\\":\\\"11\\\",\\\"otherCheck\\\":true,\\\"lastGrade\\\":\\\"能力完好\\\"}\",\"other\":\"\",\"suicide\":\"无\",\"conk\":\"无\",\"selfAbility\":\"可自理\",\"beLost\":\"无\",\"reportUrl\":\"https://itheim.oss-cn-beijing.aliyuncs.com/98f000df-7824-4503-999a-7535f339575d.pdf\",\"woundArr\":[\"无\"],\"lookAfterArr\":[\"无\"],\"diagnoseArr\":[\"无疾病\"],\"hiccought\":\"无\",\"name\":\"合同.pdf\",\"tumble\":\"无\",\"sdementiaArr\":[\"行为异常\"],\"fitnessOther\":\"1111111\",\"r1\":\"{\\\"radio1\\\":2,\\\"radio1Score\\\":3,\\\"radio2\\\":1,\\\"radio2Score\\\":2,\\\"radio3\\\":0,\\\"radio3Score\\\":1,\\\"radio4\\\":0,\\\"radio4Score\\\":1,\\\"radio5\\\":0,\\\"radio5Score\\\":1,\\\"radio6\\\":0,\\\"radio6Score\\\":1,\\\"radio7\\\":0,\\\"radio7Score\\\":1,\\\"radio8\\\":0,\\\"radio8Score\\\":1,\\\"radio9\\\":0,\\\"radio9Score\\\":1,\\\"radio10\\\":0,\\\"radio10Score\\\":1}\"}','2023-11-16 14:02:40'),(3,'RZ202311162144161','张飞的入住申请',3,'养老顾问','2023-11-15 16:00:00',NULL,'HT202311162156321','养老顾问','100001006000000',1671403256519078161,'2023-11-16 13:44:17',4,2,'{\"birthdate\":\"1945-01-04\",\"address\":\"13212340981\",\"phone\":\"13212340981\",\"elderDto\":\"{\\\"name\\\":\\\"张飞\\\",\\\"idCardNo\\\":\\\"132123194501041234\\\",\\\"phone\\\":\\\"13212340981\\\",\\\"age\\\":\\\"78\\\",\\\"sex\\\":\\\"0\\\",\\\"params\\\":{}}\",\"idCardNo\":\"132123194501041234\",\"sex\":0,\"name\":\"张飞\",\"checkInOtherDto\":\"{\\\"memberElderDtos\\\":[{\\\"name\\\":\\\"1321234098\\\",\\\"phone\\\":\\\"13212340981\\\",\\\"refName\\\":\\\"亲属\\\",\\\"refId\\\":\\\"2\\\",\\\"params\\\":{}}],\\\"url1\\\":\\\"https://itheim.oss-cn-beijing.aliyuncs.com/665070db-9f10-4b7c-8b82-c7e9c18f573a.png\\\",\\\"url2\\\":\\\"https://itheim.oss-cn-beijing.aliyuncs.com/6310b74c-0cc5-4fac-bac4-9fb662b0fb8e.jpg\\\",\\\"url3\\\":\\\"https://itheim.oss-cn-beijing.aliyuncs.com/88a6fdb4-f4d4-4bf2-972e-3d12c2cb56c4.jpg\\\"}\",\"age\":78}','{\"familyUserData\":[{\"dosage\":\"1\",\"method\":\"1\",\"name\":\"1\",\"key\":\"0\"}],\"r2\":\"{\\\"alteration\\\":[\\\"已诊断疾病超过3项\\\"],\\\"selfScore\\\":3,\\\"spiritScore\\\":3,\\\"participationScore\\\":4,\\\"assessmentTotal\\\":10,\\\"grade\\\":\\\"能力完好\\\",\\\"lastGrade\\\":\\\"能力完好\\\"}\",\"other\":\"\",\"suicide\":\"无\",\"conk\":\"无\",\"selfAbility\":\"可自理\",\"beLost\":\"无\",\"reportUrl\":\"https://itheim.oss-cn-beijing.aliyuncs.com/43a7dbff-ba1a-4769-868b-b174c4fcd6db.pdf\",\"woundArr\":[\"无\"],\"lookAfterArr\":[\"无\"],\"diagnoseArr\":[\"无疾病\"],\"hiccought\":\"无\",\"name\":\"合同.pdf\",\"tumble\":\"无\",\"sdementiaArr\":[\"行为异常\"],\"fitnessOther\":\"11\",\"r1\":\"{\\\"radio1\\\":0,\\\"radio1Score\\\":1,\\\"radio2\\\":0,\\\"radio2Score\\\":1,\\\"radio3\\\":0,\\\"radio3Score\\\":1,\\\"radio4\\\":0,\\\"radio4Score\\\":1,\\\"radio5\\\":0,\\\"radio5Score\\\":1,\\\"radio6\\\":0,\\\"radio6Score\\\":1,\\\"radio7\\\":0,\\\"radio7Score\\\":1,\\\"radio8\\\":0,\\\"radio8Score\\\":1,\\\"radio9\\\":0,\\\"radio9Score\\\":1,\\\"radio10\\\":0,\\\"radio10Score\\\":1}\"}','2023-11-16 14:02:28'),(4,'RZ202311162145091','赵云的入住申请',4,'养老顾问','2023-11-15 16:00:00',NULL,'HT202311162155411','养老顾问','100001006000000',1671403256519078161,'2023-11-16 13:45:09',4,2,'{\"birthdate\":\"1945-01-05\",\"address\":\"13212340982\",\"phone\":\"13212340982\",\"elderDto\":\"{\\\"name\\\":\\\"赵云\\\",\\\"idCardNo\\\":\\\"132123194501051234\\\",\\\"phone\\\":\\\"13212340982\\\",\\\"age\\\":\\\"78\\\",\\\"sex\\\":\\\"0\\\",\\\"params\\\":{}}\",\"idCardNo\":\"132123194501051234\",\"sex\":0,\"name\":\"赵云\",\"checkInOtherDto\":\"{\\\"memberElderDtos\\\":[{\\\"name\\\":\\\"1321234098\\\",\\\"phone\\\":\\\"13212340982\\\",\\\"refName\\\":\\\"亲属\\\",\\\"refId\\\":\\\"2\\\",\\\"params\\\":{}}],\\\"url1\\\":\\\"https://itheim.oss-cn-beijing.aliyuncs.com/5ae9d7db-31ea-4ed2-b7aa-e27973fab28c.png\\\",\\\"url2\\\":\\\"https://itheim.oss-cn-beijing.aliyuncs.com/42c4cd12-414d-417b-8d3c-b768cd5a3849.jpg\\\",\\\"url3\\\":\\\"https://itheim.oss-cn-beijing.aliyuncs.com/1619fc10-a9f3-4e18-880e-68a3ad2cd708.jpg\\\"}\",\"age\":78}','{\"familyUserData\":[{\"dosage\":\"1\",\"method\":\"1\",\"name\":\"1\",\"key\":\"0\"}],\"r2\":\"{\\\"alteration\\\":[\\\"已诊断疾病超过3项\\\"],\\\"selfScore\\\":7,\\\"spiritScore\\\":5,\\\"participationScore\\\":5,\\\"assessmentTotal\\\":17,\\\"grade\\\":\\\"轻度失能\\\",\\\"lastGrade\\\":\\\"能力完好\\\"}\",\"other\":\"\",\"suicide\":\"无\",\"conk\":\"无\",\"selfAbility\":\"可自理\",\"beLost\":\"无\",\"reportUrl\":\"https://itheim.oss-cn-beijing.aliyuncs.com/54dd9157-1fd4-4cf5-aefb-06c828cf4eb0.pdf\",\"woundArr\":[\"无\"],\"lookAfterArr\":[\"无\"],\"diagnoseArr\":[\"无疾病\"],\"hiccought\":\"无\",\"name\":\"合同.pdf\",\"tumble\":\"无\",\"sdementiaArr\":[\"行为异常\"],\"fitnessOther\":\"1\",\"r1\":\"{\\\"radio1\\\":2,\\\"radio1Score\\\":3,\\\"radio2\\\":1,\\\"radio2Score\\\":2,\\\"radio3\\\":1,\\\"radio3Score\\\":2,\\\"radio4\\\":0,\\\"radio4Score\\\":1,\\\"radio5\\\":1,\\\"radio5Score\\\":2,\\\"radio6\\\":1,\\\"radio6Score\\\":2,\\\"radio7\\\":0,\\\"radio7Score\\\":1,\\\"radio8\\\":0,\\\"radio8Score\\\":1,\\\"radio9\\\":0,\\\"radio9Score\\\":1,\\\"radio10\\\":1,\\\"radio10Score\\\":2}\"}','2023-11-16 14:02:15'),(5,'RZ202311162145521','马超的入住申请',5,'养老顾问','2023-11-15 16:00:00',NULL,'HT202311162155181','养老顾问','100001006000000',1671403256519078161,'2023-11-16 13:45:53',4,2,'{\"birthdate\":\"1945-01-06\",\"address\":\"13212340983\",\"phone\":\"13212340983\",\"elderDto\":\"{\\\"name\\\":\\\"马超\\\",\\\"idCardNo\\\":\\\"132123194501061234\\\",\\\"phone\\\":\\\"13212340983\\\",\\\"age\\\":\\\"78\\\",\\\"sex\\\":\\\"0\\\",\\\"params\\\":{}}\",\"idCardNo\":\"132123194501061234\",\"sex\":0,\"name\":\"马超\",\"checkInOtherDto\":\"{\\\"memberElderDtos\\\":[{\\\"name\\\":\\\"1321234098\\\",\\\"phone\\\":\\\"13212340983\\\",\\\"refName\\\":\\\"亲属\\\",\\\"refId\\\":\\\"2\\\",\\\"params\\\":{}}],\\\"url1\\\":\\\"https://itheim.oss-cn-beijing.aliyuncs.com/fde4d48e-f528-4b78-9011-0059c136577c.png\\\",\\\"url2\\\":\\\"https://itheim.oss-cn-beijing.aliyuncs.com/a8b10e9b-4d4e-439d-b424-5cf8ea6ef237.jpg\\\",\\\"url3\\\":\\\"https://itheim.oss-cn-beijing.aliyuncs.com/ad96d5b7-dc7e-4e53-985c-587e4f01ca09.jpg\\\"}\",\"age\":78}','{\"familyUserData\":[{\"dosage\":\"1\",\"method\":\"1\",\"name\":\"1\",\"key\":\"0\"}],\"r2\":\"{\\\"alteration\\\":[\\\"已诊断疾病超过3项\\\"],\\\"selfScore\\\":5,\\\"spiritScore\\\":3,\\\"participationScore\\\":4,\\\"assessmentTotal\\\":12,\\\"grade\\\":\\\"轻度失能\\\",\\\"other\\\":\\\"11\\\",\\\"otherCheck\\\":true,\\\"lastGrade\\\":\\\"能力完好\\\"}\",\"other\":\"\",\"suicide\":\"无\",\"conk\":\"无\",\"selfAbility\":\"可自理\",\"beLost\":\"无\",\"reportUrl\":\"https://itheim.oss-cn-beijing.aliyuncs.com/644f11d7-c36f-45a7-af82-e5fff0eb6ffd.pdf\",\"woundArr\":[\"无\"],\"lookAfterArr\":[\"无\"],\"diagnoseArr\":[\"无疾病\"],\"hiccought\":\"无\",\"name\":\"合同.pdf\",\"tumble\":\"无\",\"sdementiaArr\":[\"行为异常\",\"呆坐\"],\"fitnessOther\":\"1\",\"r1\":\"{\\\"radio1\\\":1,\\\"radio1Score\\\":2,\\\"radio2\\\":1,\\\"radio2Score\\\":2,\\\"radio3\\\":0,\\\"radio3Score\\\":1,\\\"radio4\\\":0,\\\"radio4Score\\\":1,\\\"radio5\\\":0,\\\"radio5Score\\\":1,\\\"radio6\\\":0,\\\"radio6Score\\\":1,\\\"radio7\\\":0,\\\"radio7Score\\\":1,\\\"radio8\\\":0,\\\"radio8Score\\\":1,\\\"radio9\\\":0,\\\"radio9Score\\\":1,\\\"radio10\\\":0,\\\"radio10Score\\\":1}\"}','2023-11-16 14:02:02'),(6,'RZ202311162146401','孙尚香的入住申请',6,'养老顾问','2023-11-15 16:00:00',NULL,'HT202311162154541','养老顾问','100001006000000',1671403256519078161,'2023-11-16 13:46:41',4,2,'{\"birthdate\":\"1945-01-07\",\"address\":\"13212340984\",\"phone\":\"13212340984\",\"elderDto\":\"{\\\"name\\\":\\\"孙尚香\\\",\\\"idCardNo\\\":\\\"132123194501071234\\\",\\\"phone\\\":\\\"13212340984\\\",\\\"age\\\":\\\"78\\\",\\\"sex\\\":\\\"0\\\",\\\"params\\\":{}}\",\"idCardNo\":\"132123194501071234\",\"sex\":0,\"name\":\"孙尚香\",\"checkInOtherDto\":\"{\\\"memberElderDtos\\\":[{\\\"name\\\":\\\"1321234098\\\",\\\"phone\\\":\\\"13212340984\\\",\\\"refName\\\":\\\"亲属\\\",\\\"refId\\\":\\\"2\\\",\\\"params\\\":{}}],\\\"url1\\\":\\\"https://itheim.oss-cn-beijing.aliyuncs.com/624d52ae-f90f-4219-a389-6113b8aeb552.png\\\",\\\"url2\\\":\\\"https://itheim.oss-cn-beijing.aliyuncs.com/df8ca874-32d3-431d-87e4-3c1182ab396c.jpg\\\",\\\"url3\\\":\\\"https://itheim.oss-cn-beijing.aliyuncs.com/5d3e3d5f-b080-4c52-a5c8-127b89ee49de.jpg\\\"}\",\"age\":78}','{\"familyUserData\":[{\"dosage\":\"1\",\"method\":\"1\",\"name\":\"1\",\"key\":\"0\"}],\"r2\":\"{\\\"alteration\\\":[\\\"已诊断疾病超过3项\\\"],\\\"selfScore\\\":4,\\\"spiritScore\\\":3,\\\"participationScore\\\":4,\\\"assessmentTotal\\\":11,\\\"grade\\\":\\\"轻度失能\\\",\\\"other\\\":\\\"11\\\",\\\"otherCheck\\\":true,\\\"lastGrade\\\":\\\"能力完好\\\"}\",\"other\":\"\",\"suicide\":\"无\",\"conk\":\"无\",\"selfAbility\":\"可自理\",\"beLost\":\"无\",\"reportUrl\":\"https://itheim.oss-cn-beijing.aliyuncs.com/26bfe262-f890-47fc-9fd2-d36c45823cff.pdf\",\"woundArr\":[\"无\"],\"lookAfterArr\":[\"无\"],\"diagnoseArr\":[\"无疾病\"],\"hiccought\":\"无\",\"name\":\"合同.pdf\",\"tumble\":\"无\",\"sdementiaArr\":[\"行为异常\",\"记忆障碍\",\"呆坐\"],\"fitnessOther\":\"11\",\"r1\":\"{\\\"radio1\\\":1,\\\"radio1Score\\\":2,\\\"radio2\\\":0,\\\"radio2Score\\\":1,\\\"radio3\\\":0,\\\"radio3Score\\\":1,\\\"radio4\\\":0,\\\"radio4Score\\\":1,\\\"radio5\\\":0,\\\"radio5Score\\\":1,\\\"radio6\\\":0,\\\"radio6Score\\\":1,\\\"radio7\\\":0,\\\"radio7Score\\\":1,\\\"radio8\\\":0,\\\"radio8Score\\\":1,\\\"radio9\\\":0,\\\"radio9Score\\\":1,\\\"radio10\\\":0,\\\"radio10Score\\\":1}\"}','2023-11-16 14:01:46'),(7,'RZ202311202122471','魏延的入住申请',7,'养老顾问',NULL,NULL,NULL,'养老顾问','100001006000000',1671403256519078161,'2023-11-20 13:22:48',2,1,'{\"birthdate\":\"1945-01-09\",\"address\":\"13212340986\",\"phone\":\"13212340986\",\"elderDto\":\"{\\\"name\\\":\\\"魏延\\\",\\\"idCardNo\\\":\\\"132123194501091234\\\",\\\"phone\\\":\\\"13212340986\\\",\\\"age\\\":\\\"78\\\",\\\"sex\\\":\\\"0\\\",\\\"params\\\":{}}\",\"idCardNo\":\"132123194501091234\",\"sex\":0,\"name\":\"魏延\",\"checkInOtherDto\":\"{\\\"memberElderDtos\\\":[{\\\"name\\\":\\\"1321234098\\\",\\\"phone\\\":\\\"13212340986\\\",\\\"refName\\\":\\\"亲属\\\",\\\"refId\\\":\\\"2\\\",\\\"params\\\":{}}],\\\"url1\\\":\\\"https://itheim.oss-cn-beijing.aliyuncs.com/1772862b-5080-4d2f-9db5-2fa1cd6a525d.png\\\",\\\"url2\\\":\\\"https://itheim.oss-cn-beijing.aliyuncs.com/4429f741-7417-46c5-a93e-fc6683f91052.jpg\\\",\\\"url3\\\":\\\"https://itheim.oss-cn-beijing.aliyuncs.com/4aca32da-b425-4bd0-827b-83c7785a168c.jpg\\\"}\",\"age\":78}','{\"familyUserData\":[{\"dosage\":\"1\",\"method\":\"1\",\"name\":\"1\",\"key\":\"0\"}],\"r2\":\"{\\\"alteration\\\":[\\\"已诊断疾病超过3项\\\"],\\\"selfScore\\\":6,\\\"spiritScore\\\":6,\\\"participationScore\\\":9,\\\"assessmentTotal\\\":21,\\\"grade\\\":\\\"中度失能\\\",\\\"other\\\":\\\"11\\\",\\\"otherCheck\\\":true,\\\"lastGrade\\\":\\\"能力完好\\\"}\",\"other\":\"\",\"suicide\":\"无\",\"conk\":\"无\",\"selfAbility\":\"不能自理\",\"beLost\":\"无\",\"reportUrl\":\"https://itheim.oss-cn-beijing.aliyuncs.com/38b96563-1f45-4b89-83f3-e50d6313d5d3.jpg\",\"woundArr\":[\"无\"],\"lookAfterArr\":[\"无\"],\"diagnoseArr\":[\"无疾病\"],\"hiccought\":\"无\",\"name\":\"执行-翻身拍背@4x.jpg\",\"tumble\":\"无\",\"sdementiaArr\":[\"行为异常\"],\"fitnessOther\":\"1\",\"r1\":\"{\\\"radio1\\\":1,\\\"radio1Score\\\":2,\\\"radio2\\\":0,\\\"radio2Score\\\":1,\\\"radio3\\\":2,\\\"radio3Score\\\":3,\\\"radio4\\\":1,\\\"radio4Score\\\":2,\\\"radio5\\\":1,\\\"radio5Score\\\":2,\\\"radio6\\\":1,\\\"radio6Score\\\":2,\\\"radio7\\\":0,\\\"radio7Score\\\":1,\\\"radio8\\\":2,\\\"radio8Score\\\":3,\\\"radio9\\\":2,\\\"radio9Score\\\":3,\\\"radio10\\\":1,\\\"radio10Score\\\":2}\"}','2023-11-20 13:24:14');
/*!40000 ALTER TABLE `check_in` ENABLE KEYS */;
UNLOCK TABLES;

--
-- Table structure for table `check_in_config`
--

DROP TABLE IF EXISTS `check_in_config`;
/*!40101 SET @saved_cs_client     = @@character_set_client */;
/*!50503 SET character_set_client = utf8mb4 */;
CREATE TABLE `check_in_config` (
  `id` bigint NOT NULL AUTO_INCREMENT COMMENT '主键',
  `elder_id` bigint NOT NULL COMMENT '老人ID',
  `check_in_start_time` datetime NOT NULL COMMENT '入住开始时间',
  `check_in_end_time` datetime NOT NULL COMMENT '入住结束时间',
  `nursing_level_id` bigint NOT NULL COMMENT '护理等级ID',
  `bed_no` varchar(50) CHARACTER SET utf8mb4 COLLATE utf8mb4_0900_ai_ci NOT NULL COMMENT '床位号',
  `cost_start_time` datetime NOT NULL COMMENT '费用开始时间',
  `cost_end_time` datetime NOT NULL COMMENT '费用结束时间',
  `deposit_amount` decimal(10,2) NOT NULL COMMENT '押金（元）',
  `nursing_cost` decimal(10,2) NOT NULL COMMENT '护理费用（元/月）',
  `bed_cost` decimal(10,2) NOT NULL COMMENT '床位费用（元/月）',
  `other_cost` decimal(10,2) NOT NULL DEFAULT '0.00' COMMENT '其他费用（元/月）',
  `medical_insurance_payment` decimal(10,2) NOT NULL DEFAULT '0.00' COMMENT '医保支付（元/月）',
  `government_subsidy` decimal(10,2) NOT NULL DEFAULT '0.00' COMMENT '政府补贴（元/月）',
  `create_time` datetime NOT NULL COMMENT '创建时间',
  `update_time` datetime DEFAULT NULL COMMENT '更新时间',
  `create_by` bigint DEFAULT NULL COMMENT '创建人id',
  `update_by` bigint DEFAULT NULL COMMENT '更新人id',
  `remark` varchar(255) CHARACTER SET utf8mb4 COLLATE utf8mb4_0900_ai_ci DEFAULT NULL COMMENT '备注',
  PRIMARY KEY (`id`) USING BTREE
) ENGINE=InnoDB AUTO_INCREMENT=7 DEFAULT CHARSET=utf8mb4 COLLATE=utf8mb4_0900_ai_ci ROW_FORMAT=DYNAMIC COMMENT='入住配置表';
/*!40101 SET character_set_client = @saved_cs_client */;

--
-- Dumping data for table `check_in_config`
--

LOCK TABLES `check_in_config` WRITE;
/*!40000 ALTER TABLE `check_in_config` DISABLE KEYS */;
INSERT INTO `check_in_config` VALUES (1,6,'2023-11-16 00:00:00','2024-03-31 00:00:00',1,'101-1','2023-11-16 00:00:00','2023-12-15 00:00:00',3000.00,2700.00,8000.00,0.00,0.00,0.00,'2023-11-16 21:54:55','2023-11-16 21:54:55',1671403256519078161,NULL,'1:1:1:1楼:101'),(2,5,'2023-11-16 00:00:00','2024-07-31 00:00:00',2,'102-2','2023-11-16 00:00:00','2023-12-15 00:00:00',3000.00,2000.00,3500.00,0.00,0.00,0.00,'2023-11-16 21:55:18','2023-11-16 21:55:18',1671403256519078161,NULL,'1:2:3:1楼:102'),(3,4,'2023-11-16 00:00:00','2024-10-31 00:00:00',3,'102-1','2023-11-16 00:00:00','2023-12-15 00:00:00',3000.00,1500.00,3500.00,0.00,0.00,0.00,'2023-11-16 21:55:42','2023-11-16 21:55:42',1671403256519078161,NULL,'1:2:2:1楼:102'),(4,3,'2023-11-16 00:00:00','2024-12-31 00:00:00',4,'201-1','2023-11-16 00:00:00','2023-12-15 00:00:00',3000.00,1000.00,8000.00,0.00,0.00,0.00,'2023-11-16 21:56:32','2023-11-16 21:56:32',1671403256519078161,NULL,'2:8:11:2楼:201'),(5,2,'2023-11-16 00:00:00','2024-07-31 00:00:00',2,'301-1','2023-11-16 00:00:00','2023-12-15 00:00:00',3000.00,2000.00,8000.00,0.00,0.00,0.00,'2023-11-16 21:57:01','2023-11-16 21:57:01',1671403256519078161,NULL,'3:15:22:3楼:301'),(6,1,'2023-11-16 00:00:00','2024-05-31 00:00:00',3,'103-1','2023-11-16 00:00:00','2023-12-15 00:00:00',3000.00,1500.00,2000.00,0.00,0.00,0.00,'2023-11-16 21:57:36','2023-11-16 21:57:36',1671403256519078161,NULL,'1:3:4:1楼:103');
/*!40000 ALTER TABLE `check_in_config` ENABLE KEYS */;
UNLOCK TABLES;

--
-- Table structure for table `contract`
--

DROP TABLE IF EXISTS `contract`;
/*!40101 SET @saved_cs_client     = @@character_set_client */;
/*!50503 SET character_set_client = utf8mb4 */;
CREATE TABLE `contract` (
  `id` bigint NOT NULL AUTO_INCREMENT COMMENT '主键',
  `name` varchar(255) CHARACTER SET utf8mb4 COLLATE utf8mb4_0900_ai_ci NOT NULL COMMENT '合同名称',
  `contract_no` varchar(255) CHARACTER SET utf8mb4 COLLATE utf8mb4_0900_ai_ci NOT NULL COMMENT '合同编号',
  `pdf_url` varchar(255) CHARACTER SET utf8mb4 COLLATE utf8mb4_0900_ai_ci DEFAULT NULL COMMENT '协议地址',
  `member_phone` varchar(50) CHARACTER SET utf8mb4 COLLATE utf8mb4_0900_ai_ci DEFAULT NULL COMMENT '丙方手机号',
  `elder_id` bigint DEFAULT NULL COMMENT '老人id',
  `elder_name` varchar(50) CHARACTER SET utf8mb4 COLLATE utf8mb4_0900_ai_ci DEFAULT NULL COMMENT '老人姓名',
  `member_name` varchar(50) CHARACTER SET utf8mb4 COLLATE utf8mb4_0900_ai_ci DEFAULT NULL COMMENT '丙方名称',
  `start_time` datetime NOT NULL COMMENT '开始时间',
  `end_time` datetime NOT NULL COMMENT '结束时间',
  `status` tinyint NOT NULL DEFAULT '0' COMMENT '状态，0：未生效，1：已生效，2：已过期, 3：已失效',
  `sort` int DEFAULT '0' COMMENT '排序字段',
  `level_desc` varchar(255) CHARACTER SET utf8mb4 COLLATE utf8mb4_0900_ai_ci DEFAULT NULL COMMENT '级别描述',
  `create_time` datetime NOT NULL COMMENT '创建时间',
  `create_by` varchar(255) CHARACTER SET utf8mb4 COLLATE utf8mb4_0900_ai_ci NOT NULL COMMENT '创建人',
  `update_time` datetime DEFAULT NULL COMMENT '更新时间',
  `update_by` varchar(255) CHARACTER SET utf8mb4 COLLATE utf8mb4_0900_ai_ci DEFAULT NULL COMMENT '更新人',
  `remark` varchar(255) CHARACTER SET utf8mb4 COLLATE utf8mb4_0900_ai_ci DEFAULT NULL COMMENT '备注',
  `check_in_no` varchar(255) CHARACTER SET utf8mb4 COLLATE utf8mb4_0900_ai_ci DEFAULT NULL COMMENT '入住单号',
  `sign_date` datetime NOT NULL COMMENT '签约日期',
  `release_submitter` varchar(255) CHARACTER SET utf8mb4 COLLATE utf8mb4_0900_ai_ci DEFAULT NULL COMMENT '解除提交人',
  `release_date` datetime DEFAULT NULL COMMENT '解除日期',
  `release_pdf_url` varchar(255) CHARACTER SET utf8mb4 COLLATE utf8mb4_0900_ai_ci DEFAULT NULL COMMENT '解除协议url',
  PRIMARY KEY (`id`) USING BTREE
) ENGINE=InnoDB AUTO_INCREMENT=7 DEFAULT CHARSET=utf8mb4 COLLATE=utf8mb4_0900_ai_ci ROW_FORMAT=DYNAMIC COMMENT='合同表';
/*!40101 SET character_set_client = @saved_cs_client */;

--
-- Dumping data for table `contract`
--

LOCK TABLES `contract` WRITE;
/*!40000 ALTER TABLE `contract` DISABLE KEYS */;
INSERT INTO `contract` VALUES (1,'刘备的入住合同','HT202311162157361','https://itheim.oss-cn-beijing.aliyuncs.com/5da19c26-7fd8-47db-b64b-d00d01d0835f.pdf',NULL,1,'刘备','','2023-11-16 00:00:00','2024-05-31 00:00:00',1,NULL,NULL,'2023-11-16 22:01:32','1671403256519078168','2023-11-16 22:01:32',NULL,NULL,'RZ202311162142261','2023-11-16 00:00:00',NULL,NULL,NULL),(2,'孙尚香的入住合同','HT202311162154541','https://itheim.oss-cn-beijing.aliyuncs.com/5c75feb3-6870-4235-b45a-b1a364d2d02e.pdf',NULL,6,'孙尚香',NULL,'2023-11-16 00:00:00','2024-03-31 00:00:00',1,NULL,NULL,'2023-11-16 22:01:47','1671403256519078168','2023-11-16 22:01:47',NULL,NULL,'RZ202311162146401','2023-11-16 00:00:00',NULL,NULL,NULL),(3,'马超的入住合同','HT202311162155181','https://itheim.oss-cn-beijing.aliyuncs.com/7b2d106c-7260-4674-8060-41b08be035c9.pdf',NULL,5,'马超',NULL,'2023-11-16 00:00:00','2024-07-31 00:00:00',1,NULL,NULL,'2023-11-16 22:02:02','1671403256519078168','2023-11-16 22:02:02',NULL,NULL,'RZ202311162145521','2023-11-16 00:00:00',NULL,NULL,NULL),(4,'赵云的入住合同','HT202311162155411','https://itheim.oss-cn-beijing.aliyuncs.com/6cbe2d92-24f8-40c6-9d0f-eaea8025518f.pdf',NULL,4,'赵云',NULL,'2023-11-16 00:00:00','2024-10-31 00:00:00',1,NULL,NULL,'2023-11-16 22:02:15','1671403256519078168','2023-11-16 22:02:15',NULL,NULL,'RZ202311162145091','2023-11-16 00:00:00',NULL,NULL,NULL),(5,'张飞的入住合同','HT202311162156321','https://itheim.oss-cn-beijing.aliyuncs.com/97cfde3b-4317-4c04-af91-aad1e4b1b9b9.pdf',NULL,3,'张飞',NULL,'2023-11-16 00:00:00','2024-12-31 00:00:00',1,NULL,NULL,'2023-11-16 22:02:28','1671403256519078168','2023-11-16 22:02:28',NULL,NULL,'RZ202311162144161','2023-11-16 00:00:00',NULL,NULL,NULL),(6,'关羽的入住合同','HT202311162157011','https://itheim.oss-cn-beijing.aliyuncs.com/24a3a611-7a4f-42d8-b794-6067dedab007.pdf',NULL,2,'关羽',NULL,'2023-11-16 00:00:00','2024-07-31 00:00:00',1,NULL,NULL,'2023-11-16 22:02:40','1671403256519078168','2023-11-16 22:02:40',NULL,NULL,'RZ202311162143371','2023-11-16 00:00:00',NULL,NULL,NULL);
/*!40000 ALTER TABLE `contract` ENABLE KEYS */;
UNLOCK TABLES;

--
-- Table structure for table `device`
--

DROP TABLE IF EXISTS `device`;
/*!40101 SET @saved_cs_client     = @@character_set_client */;
/*!50503 SET character_set_client = utf8mb4 */;
CREATE TABLE `device` (
  `id` bigint NOT NULL AUTO_INCREMENT,
  `iot_id` varchar(50) CHARACTER SET utf8mb4 COLLATE utf8mb4_unicode_ci DEFAULT NULL COMMENT '物联网设备ID',
  `binding_location` varchar(50) CHARACTER SET utf8mb4 COLLATE utf8mb4_unicode_ci DEFAULT NULL COMMENT '绑定位置',
  `location_type` int DEFAULT NULL COMMENT '位置类型 0：随身设备 1：固定设备',
  `physical_location_type` int DEFAULT NULL COMMENT '物理位置类型 0楼层 1房间 2床位',
  `device_name` varchar(100) CHARACTER SET utf8mb4 COLLATE utf8mb4_unicode_ci DEFAULT NULL COMMENT '设备名称',
  `nickname` varchar(100) CHARACTER SET utf8mb4 COLLATE utf8mb4_unicode_ci DEFAULT NULL COMMENT '备注名称',
  `product_key` varchar(100) CHARACTER SET utf8mb4 COLLATE utf8mb4_unicode_ci DEFAULT NULL COMMENT '产品key',
  `product_name` varchar(100) CHARACTER SET utf8mb4 COLLATE utf8mb4_unicode_ci DEFAULT NULL COMMENT '产品名称',
  `device_description` varchar(255) CHARACTER SET utf8mb4 COLLATE utf8mb4_unicode_ci DEFAULT NULL COMMENT '位置备注',
  `have_entrance_guard` int NOT NULL DEFAULT '0' COMMENT '产品是否包含门禁，0：否，1：是',
  `create_time` datetime DEFAULT NULL COMMENT '创建时间',
  `update_time` datetime DEFAULT NULL COMMENT '更新时间',
  `create_by` bigint DEFAULT NULL COMMENT '创建人id',
  `update_by` bigint DEFAULT NULL COMMENT '更新人id',
  `remark` varchar(255) CHARACTER SET utf8mb4 COLLATE utf8mb4_0900_ai_ci DEFAULT NULL COMMENT '备注',
  PRIMARY KEY (`id`) USING BTREE,
  UNIQUE KEY `binding_location_location_type_physical_location_type_product_id` (`binding_location`,`location_type`,`physical_location_type`,`product_key`) USING BTREE,
  KEY `device_id` (`iot_id`) USING BTREE
) ENGINE=InnoDB AUTO_INCREMENT=170 DEFAULT CHARSET=utf8mb4 COLLATE=utf8mb4_unicode_ci ROW_FORMAT=DYNAMIC;
/*!40101 SET character_set_client = @saved_cs_client */;

--
-- Dumping data for table `device`
--

LOCK TABLES `device` WRITE;
/*!40000 ALTER TABLE `device` DISABLE KEYS */;
INSERT INTO `device` VALUES (166,'ABH0X8VzNLyKkecMqD91j0rk00','6',0,-1,'watch_01','手表1号','j0rk9ChOhVe','智能手表',NULL,0,'2023-12-18 21:49:41','2023-12-18 21:49:41',1671403256519078138,NULL,'孙尚香'),(167,'Po0mt1Sa44XrHH3lg1Zpj0rk00','1',1,1,'yw_01','烟雾01','j0rkHpZoAQ3','烟雾报警器','1,1',0,'2023-12-18 21:50:22','2023-12-18 21:50:22',1671403256519078138,NULL,'1楼,101'),(168,'u3OzfRHxDJQ2FeY6rADJj0rk00','1',1,1,'mc_01','门禁01','j0rkuW9LDBC','门磁报警器','1,1',0,'2023-12-18 21:51:23','2023-12-18 21:52:31',1671403256519078138,1671403256519078138,'1楼,101');
/*!40000 ALTER TABLE `device` ENABLE KEYS */;
UNLOCK TABLES;

--
-- Table structure for table `device_data`
--

DROP TABLE IF EXISTS `device_data`;
/*!40101 SET @saved_cs_client     = @@character_set_client */;
/*!50503 SET character_set_client = utf8mb4 */;
CREATE TABLE `device_data` (
  `id` bigint NOT NULL AUTO_INCREMENT COMMENT '告警规则ID，自增主键',
  `device_name` varchar(255) CHARACTER SET utf8mb4 COLLATE utf8mb4_unicode_ci DEFAULT NULL COMMENT '设备名称',
  `iot_id` varchar(255) CHARACTER SET utf8mb4 COLLATE utf8mb4_unicode_ci DEFAULT NULL COMMENT '设备ID',
  `nickname` varchar(255) CHARACTER SET utf8mb4 COLLATE utf8mb4_unicode_ci DEFAULT NULL COMMENT '备注名称',
  `product_key` varchar(500) CHARACTER SET utf8mb4 COLLATE utf8mb4_unicode_ci DEFAULT NULL COMMENT '所属产品的key',
  `product_name` varchar(500) CHARACTER SET utf8mb4 COLLATE utf8mb4_unicode_ci DEFAULT NULL COMMENT '产品名称',
  `function_id` varchar(255) CHARACTER SET utf8mb4 COLLATE utf8mb4_unicode_ci DEFAULT NULL COMMENT '功能名称',
  `access_location` varchar(255) CHARACTER SET utf8mb4 COLLATE utf8mb4_unicode_ci DEFAULT NULL COMMENT '接入位置',
  `location_type` int DEFAULT NULL COMMENT '位置类型 0：随身设备 1：固定设备',
  `physical_location_type` int DEFAULT NULL COMMENT '物理位置类型 0楼层 1房间 2床位',
  `device_description` varchar(255) CHARACTER SET utf8mb4 COLLATE utf8mb4_unicode_ci DEFAULT NULL COMMENT '位置备注',
  `data_value` varchar(50) CHARACTER SET utf8mb4 COLLATE utf8mb4_unicode_ci DEFAULT NULL COMMENT '数据值',
  `alarm_time` datetime DEFAULT NULL COMMENT '数据上报时间',
  `create_time` datetime NOT NULL COMMENT '创建时间',
  `update_time` datetime DEFAULT NULL COMMENT '更新时间',
  `create_by` bigint DEFAULT NULL COMMENT '创建人id',
  `update_by` bigint DEFAULT NULL COMMENT '更新人id',
  `remark` varchar(255) CHARACTER SET utf8mb4 COLLATE utf8mb4_0900_ai_ci DEFAULT NULL COMMENT '备注',
  PRIMARY KEY (`id`) USING BTREE,
  KEY `iot_id` (`iot_id`) USING BTREE,
  KEY `function_name` (`function_id`) USING BTREE
) ENGINE=InnoDB AUTO_INCREMENT=398113 DEFAULT CHARSET=utf8mb4 COLLATE=utf8mb4_unicode_ci ROW_FORMAT=DYNAMIC;
/*!40101 SET character_set_client = @saved_cs_client */;

--
-- Dumping data for table `device_data`
--

LOCK TABLES `device_data` WRITE;
/*!40000 ALTER TABLE `device_data` DISABLE KEYS */;
/*!40000 ALTER TABLE `device_data` ENABLE KEYS */;
UNLOCK TABLES;

--
-- Table structure for table `elder`
--

DROP TABLE IF EXISTS `elder`;
/*!40101 SET @saved_cs_client     = @@character_set_client */;
/*!50503 SET character_set_client = utf8mb4 */;
CREATE TABLE `elder` (
  `id` bigint NOT NULL AUTO_INCREMENT COMMENT 'id',
  `name` varchar(255) CHARACTER SET utf8mb4 COLLATE utf8mb4_0900_ai_ci DEFAULT NULL COMMENT '名称',
  `image` varchar(255) CHARACTER SET utf8mb4 COLLATE utf8mb4_0900_ai_ci DEFAULT NULL COMMENT '图片',
  `id_card_no` varchar(20) CHARACTER SET utf8mb4 COLLATE utf8mb4_0900_ai_ci DEFAULT NULL COMMENT '身份证号',
  `age` varchar(50) CHARACTER SET utf8mb4 COLLATE utf8mb4_0900_ai_ci DEFAULT NULL COMMENT '欠费金额（元）',
  `sex` varchar(50) CHARACTER SET utf8mb4 COLLATE utf8mb4_0900_ai_ci DEFAULT NULL COMMENT '支付截止时间',
  `status` int NOT NULL DEFAULT '1' COMMENT '状态（0：禁用，1:启用  2:请假 3:退住中 4入住中 5已退住）',
  `phone` varchar(50) CHARACTER SET utf8mb4 COLLATE utf8mb4_0900_ai_ci NOT NULL COMMENT '手机号',
  `create_time` datetime NOT NULL COMMENT '创建时间',
  `update_time` datetime DEFAULT NULL COMMENT '更新时间',
  `create_by` bigint DEFAULT NULL COMMENT '创建人id',
  `update_by` bigint DEFAULT NULL COMMENT '更新人id',
  `remark` varchar(255) CHARACTER SET utf8mb4 COLLATE utf8mb4_0900_ai_ci DEFAULT NULL COMMENT '备注',
  `bed_number` varchar(20) CHARACTER SET utf8mb4 COLLATE utf8mb4_0900_ai_ci DEFAULT NULL COMMENT '床位编号',
  `bed_id` bigint DEFAULT NULL COMMENT '床位id',
  PRIMARY KEY (`id`) USING BTREE,
  UNIQUE KEY `name_id_card_no` (`name`,`id_card_no`) USING BTREE
) ENGINE=InnoDB AUTO_INCREMENT=8 DEFAULT CHARSET=utf8mb4 COLLATE=utf8mb4_0900_ai_ci ROW_FORMAT=DYNAMIC COMMENT='老人表';
/*!40101 SET character_set_client = @saved_cs_client */;

--
-- Dumping data for table `elder`
--

LOCK TABLES `elder` WRITE;
/*!40000 ALTER TABLE `elder` DISABLE KEYS */;
INSERT INTO `elder` VALUES (1,'刘备','https://itheim.oss-cn-beijing.aliyuncs.com/b563f875-87c2-4d10-8b72-6b8fe3702e15.png','132123194501021234','78','0',1,'13212340987','2023-11-16 21:42:26','2023-11-16 22:01:32',1671403256519078161,1671403256519078168,'0','103-1',4),(2,'关羽','https://itheim.oss-cn-beijing.aliyuncs.com/c2f2aa8e-938e-41cb-a96f-e90fe2c8f101.png','132123194501031234','75','0',1,'13212340988','2023-11-16 21:43:38','2023-11-16 22:02:40',1671403256519078161,1671403256519078168,'0','301-1',22),(3,'张飞','https://itheim.oss-cn-beijing.aliyuncs.com/665070db-9f10-4b7c-8b82-c7e9c18f573a.png','132123194501041234','56','0',1,'13212340981','2023-11-16 21:44:17','2023-11-16 22:02:28',1671403256519078161,1671403256519078168,'0','201-1',11),(4,'赵云','https://itheim.oss-cn-beijing.aliyuncs.com/5ae9d7db-31ea-4ed2-b7aa-e27973fab28c.png','132123194501051234','52','0',1,'13212340982','2023-11-16 21:45:09','2023-11-16 22:02:15',1671403256519078161,1671403256519078168,'0','102-1',2),(5,'马超','https://itheim.oss-cn-beijing.aliyuncs.com/fde4d48e-f528-4b78-9011-0059c136577c.png','132123194501061234','78','0',1,'13212340983','2023-11-16 21:45:53','2023-11-16 22:02:02',1671403256519078161,1671403256519078168,'0','102-2',3),(6,'孙尚香','https://itheim.oss-cn-beijing.aliyuncs.com/624d52ae-f90f-4219-a389-6113b8aeb552.png','132123194501071234','78','1',1,'13212340984','2023-11-16 21:46:41','2023-11-16 22:01:46',1671403256519078161,1671403256519078168,'0','101-1',1),(7,'魏延','https://itheim.oss-cn-beijing.aliyuncs.com/1772862b-5080-4d2f-9db5-2fa1cd6a525d.png','132123194501091234','78','0',4,'13212340986','2023-11-20 21:22:48','2023-11-20 21:22:48',1671403256519078161,NULL,'0',NULL,NULL);
/*!40000 ALTER TABLE `elder` ENABLE KEYS */;
UNLOCK TABLES;

--
-- Table structure for table `floor`
--

DROP TABLE IF EXISTS `floor`;
/*!40101 SET @saved_cs_client     = @@character_set_client */;
/*!50503 SET character_set_client = utf8mb4 */;
CREATE TABLE `floor` (
  `id` bigint NOT NULL AUTO_INCREMENT COMMENT 'id',
  `name` varchar(255) CHARACTER SET utf8mb4 COLLATE utf8mb4_unicode_ci DEFAULT NULL COMMENT '名称',
  `code` bigint DEFAULT NULL COMMENT '编号',
  `create_time` datetime DEFAULT NULL COMMENT '创建时间',
  `update_time` datetime DEFAULT NULL COMMENT '更新时间',
  `create_by` bigint DEFAULT NULL COMMENT '创建人id',
  `update_by` bigint DEFAULT NULL COMMENT '更新人id',
  `remark` varchar(255) CHARACTER SET utf8mb4 COLLATE utf8mb4_unicode_ci DEFAULT NULL COMMENT '备注',
  PRIMARY KEY (`id`) USING BTREE,
  UNIQUE KEY `name` (`name`) USING BTREE
) ENGINE=InnoDB AUTO_INCREMENT=392 DEFAULT CHARSET=utf8mb4 COLLATE=utf8mb4_unicode_ci ROW_FORMAT=DYNAMIC COMMENT='楼层表';
/*!40101 SET character_set_client = @saved_cs_client */;

--
-- Dumping data for table `floor`
--

LOCK TABLES `floor` WRITE;
/*!40000 ALTER TABLE `floor` DISABLE KEYS */;
INSERT INTO `floor` VALUES (1,'1楼',1,'2023-09-26 16:10:27','2023-09-26 16:10:27',1671403256519078153,NULL,NULL),(2,'2楼',2,'2023-09-26 17:37:20','2023-09-26 17:37:20',1671403256519078138,NULL,NULL),(3,'3楼',3,'2023-09-26 17:37:26','2023-09-26 17:37:26',1671403256519078138,NULL,NULL),(4,'4楼',4,'2023-09-26 17:37:32','2023-09-26 17:37:32',1671403256519078138,NULL,NULL),(5,'5楼',5,'2023-09-26 17:37:38','2023-09-26 17:37:38',1671403256519078138,NULL,NULL),(6,'6楼',6,'2023-09-26 17:37:42','2023-09-26 17:37:59',1671403256519078138,1671403256519078138,NULL),(7,'7楼',7,'2023-09-26 17:37:47','2023-09-26 17:37:52',1671403256519078138,1671403256519078138,NULL),(8,'8楼',8,'2023-09-26 17:38:09','2023-09-26 17:38:09',1671403256519078138,NULL,NULL),(391,'9楼',10,'2023-11-30 20:21:15','2023-11-30 20:21:15',1,NULL,NULL);
/*!40000 ALTER TABLE `floor` ENABLE KEYS */;
UNLOCK TABLES;

--
-- Table structure for table `member`
--

DROP TABLE IF EXISTS `member`;
/*!40101 SET @saved_cs_client     = @@character_set_client */;
/*!50503 SET character_set_client = utf8mb4 */;
CREATE TABLE `member` (
  `id` bigint NOT NULL AUTO_INCREMENT COMMENT '主键',
  `phone` varchar(20) CHARACTER SET utf8mb4 COLLATE utf8mb4_general_ci NOT NULL COMMENT '手机号',
  `name` varchar(100) CHARACTER SET utf8mb4 COLLATE utf8mb4_general_ci DEFAULT NULL COMMENT '名称',
  `avatar` varchar(255) CHARACTER SET utf8mb4 COLLATE utf8mb4_general_ci DEFAULT NULL COMMENT '头像',
  `open_id` varchar(255) CHARACTER SET utf8mb4 COLLATE utf8mb4_general_ci DEFAULT NULL COMMENT 'OpenID',
  `gender` int DEFAULT NULL COMMENT '性别(0:男，1:女)',
  `create_time` timestamp NULL DEFAULT CURRENT_TIMESTAMP COMMENT '创建时间',
  `update_time` timestamp NULL DEFAULT CURRENT_TIMESTAMP ON UPDATE CURRENT_TIMESTAMP COMMENT '更新时间',
  `create_by` bigint DEFAULT NULL COMMENT '创建人',
  `update_by` bigint DEFAULT NULL COMMENT '更新人',
  `remark` varchar(255) CHARACTER SET utf8mb4 COLLATE utf8mb4_general_ci DEFAULT NULL COMMENT '备注',
  PRIMARY KEY (`id`) USING BTREE
) ENGINE=InnoDB AUTO_INCREMENT=9 DEFAULT CHARSET=utf8mb4 COLLATE=utf8mb4_general_ci ROW_FORMAT=DYNAMIC;
/*!40101 SET character_set_client = @saved_cs_client */;

--
-- Dumping data for table `member`
--

LOCK TABLES `member` WRITE;
/*!40000 ALTER TABLE `member` DISABLE KEYS */;
INSERT INTO `member` VALUES (8,'18511478915','杨梅吐气8915',NULL,'o3CsK6_C6f4WP9b0AxXNJOkc6q9Q',0,'2023-10-29 03:25:41','2023-12-27 16:44:24',1,1,NULL);
/*!40000 ALTER TABLE `member` ENABLE KEYS */;
UNLOCK TABLES;

--
-- Table structure for table `member_elder`
--

DROP TABLE IF EXISTS `member_elder`;
/*!40101 SET @saved_cs_client     = @@character_set_client */;
/*!50503 SET character_set_client = utf8mb4 */;
CREATE TABLE `member_elder` (
  `id` bigint NOT NULL AUTO_INCREMENT COMMENT 'id',
  `member_id` bigint DEFAULT NULL COMMENT '客户id',
  `elder_id` bigint DEFAULT NULL COMMENT '老人id',
  `create_time` datetime NOT NULL COMMENT '创建时间',
  `update_time` datetime DEFAULT NULL COMMENT '更新时间',
  `create_by` bigint DEFAULT NULL COMMENT '创建人id',
  `update_by` bigint DEFAULT NULL COMMENT '更新人id',
  `remark` varchar(255) CHARACTER SET utf8mb4 COLLATE utf8mb4_0900_ai_ci DEFAULT NULL COMMENT '备注',
  PRIMARY KEY (`id`) USING BTREE,
  UNIQUE KEY `member_id_elder_id` (`member_id`,`elder_id`) USING BTREE
) ENGINE=InnoDB AUTO_INCREMENT=125 DEFAULT CHARSET=utf8mb4 COLLATE=utf8mb4_0900_ai_ci ROW_FORMAT=DYNAMIC COMMENT='客户老人关联表';
/*!40101 SET character_set_client = @saved_cs_client */;

--
-- Dumping data for table `member_elder`
--

LOCK TABLES `member_elder` WRITE;
/*!40000 ALTER TABLE `member_elder` DISABLE KEYS */;
INSERT INTO `member_elder` VALUES (124,8,6,'2023-11-17 22:19:45',NULL,8,NULL,'前辈');
/*!40000 ALTER TABLE `member_elder` ENABLE KEYS */;
UNLOCK TABLES;

--
-- Table structure for table `message`
--

DROP TABLE IF EXISTS `message`;
/*!40101 SET @saved_cs_client     = @@character_set_client */;
/*!50503 SET character_set_client = utf8mb4 */;
CREATE TABLE `message` (
  `id` bigint NOT NULL AUTO_INCREMENT COMMENT '主键',
  `title` varchar(50) CHARACTER SET utf8mb4 COLLATE utf8mb4_general_ci NOT NULL COMMENT '标题',
  `content` varchar(500) CHARACTER SET utf8mb4 COLLATE utf8mb4_general_ci NOT NULL COMMENT '消息内容',
  `type` int NOT NULL DEFAULT '0' COMMENT '消息类型，0：报警通知',
  `user_id` bigint NOT NULL DEFAULT '-1' COMMENT '消息接收人id，特别的，后台：-1',
  `is_read` int NOT NULL DEFAULT '0' COMMENT '是否已读，0：未读，1：已读',
  `read_time` datetime DEFAULT NULL COMMENT '已读时间',
  `relevant_id` bigint DEFAULT NULL COMMENT '关联id，如果是报警通知，则关联报警数据id',
  `create_time` datetime NOT NULL COMMENT '创建时间',
  `update_time` datetime DEFAULT NULL COMMENT '更新时间',
  `create_by` bigint DEFAULT NULL COMMENT '创建人id',
  `update_by` bigint DEFAULT NULL COMMENT '更新人id',
  `remark` varchar(50) CHARACTER SET utf8mb4 COLLATE utf8mb4_general_ci DEFAULT NULL COMMENT '备注',
  PRIMARY KEY (`id`) USING BTREE
) ENGINE=InnoDB AUTO_INCREMENT=6314 DEFAULT CHARSET=utf8mb4 COLLATE=utf8mb4_general_ci ROW_FORMAT=DYNAMIC COMMENT='消息表';
/*!40101 SET character_set_client = @saved_cs_client */;

--
-- Dumping data for table `message`
--

LOCK TABLES `message` WRITE;
/*!40000 ALTER TABLE `message` DISABLE KEYS */;
/*!40000 ALTER TABLE `message` ENABLE KEYS */;
UNLOCK TABLES;

--
-- Table structure for table `nursing_elder`
--

DROP TABLE IF EXISTS `nursing_elder`;
/*!40101 SET @saved_cs_client     = @@character_set_client */;
/*!50503 SET character_set_client = utf8mb4 */;
CREATE TABLE `nursing_elder` (
  `id` bigint NOT NULL AUTO_INCREMENT COMMENT 'id',
  `nursing_id` bigint DEFAULT NULL COMMENT '护理员id',
  `elder_id` bigint DEFAULT NULL COMMENT '老人id',
  `create_time` datetime NOT NULL COMMENT '创建时间',
  `update_time` datetime DEFAULT NULL COMMENT '更新时间',
  `create_by` bigint DEFAULT NULL COMMENT '创建人id',
  `update_by` bigint DEFAULT NULL COMMENT '更新人id',
  `remark` varchar(255) CHARACTER SET utf8mb4 COLLATE utf8mb4_0900_ai_ci DEFAULT NULL COMMENT '备注',
  PRIMARY KEY (`id`) USING BTREE
) ENGINE=InnoDB AUTO_INCREMENT=302 DEFAULT CHARSET=utf8mb4 COLLATE=utf8mb4_0900_ai_ci ROW_FORMAT=DYNAMIC COMMENT='护理员老人关联表';
/*!40101 SET character_set_client = @saved_cs_client */;

--
-- Dumping data for table `nursing_elder`
--

LOCK TABLES `nursing_elder` WRITE;
/*!40000 ALTER TABLE `nursing_elder` DISABLE KEYS */;
INSERT INTO `nursing_elder` VALUES (294,1671403256519078157,134,'2023-10-10 11:33:18',NULL,1671403256519078138,NULL,NULL),(295,1671403256519078156,134,'2023-10-10 11:33:18',NULL,1671403256519078138,NULL,NULL),(296,1671403256519078158,134,'2023-10-10 11:33:18',NULL,1671403256519078138,NULL,NULL),(297,1671403256519078167,29,'2023-11-12 00:06:13','2023-11-12 00:06:13',1671403256519078138,NULL,NULL),(298,1671403256519078158,29,'2023-11-12 00:06:13','2023-11-12 00:06:13',1671403256519078138,NULL,NULL),(299,1671403256519078158,31,'2023-11-12 15:49:26','2023-11-12 15:49:26',1671403256519078138,NULL,NULL),(300,1671403256519078157,31,'2023-11-12 15:49:26','2023-11-12 15:49:26',1671403256519078138,NULL,NULL),(301,1671403256519078156,31,'2023-11-12 15:49:26','2023-11-12 15:49:26',1671403256519078138,NULL,NULL);
/*!40000 ALTER TABLE `nursing_elder` ENABLE KEYS */;
UNLOCK TABLES;

--
-- Table structure for table `nursing_level`
--

DROP TABLE IF EXISTS `nursing_level`;
/*!40101 SET @saved_cs_client     = @@character_set_client */;
/*!50503 SET character_set_client = utf8mb4 */;
CREATE TABLE `nursing_level` (
  `id` int NOT NULL AUTO_INCREMENT COMMENT '主键ID',
  `name` varchar(50) CHARACTER SET utf8mb4 COLLATE utf8mb4_0900_ai_ci NOT NULL COMMENT '等级名称',
  `lplan_id` int NOT NULL COMMENT '护理计划ID',
  `fee` decimal(10,2) NOT NULL COMMENT '护理费用',
  `status` tinyint(1) NOT NULL DEFAULT '1' COMMENT '状态（0：禁用，1：启用）',
  `description` varchar(255) CHARACTER SET utf8mb4 COLLATE utf8mb4_0900_ai_ci DEFAULT NULL COMMENT '等级说明',
  `create_time` datetime NOT NULL DEFAULT CURRENT_TIMESTAMP COMMENT '创建时间',
  `create_by` bigint DEFAULT NULL COMMENT '创建人id',
  `update_by` bigint DEFAULT NULL COMMENT '更新人id',
  `remark` varchar(255) CHARACTER SET utf8mb4 COLLATE utf8mb4_0900_ai_ci DEFAULT NULL COMMENT '备注',
  `update_time` datetime DEFAULT CURRENT_TIMESTAMP ON UPDATE CURRENT_TIMESTAMP COMMENT '更新时间',
  PRIMARY KEY (`id`) USING BTREE,
  UNIQUE KEY `name` (`name`) USING BTREE
) ENGINE=InnoDB AUTO_INCREMENT=50 DEFAULT CHARSET=utf8mb4 COLLATE=utf8mb4_0900_ai_ci ROW_FORMAT=DYNAMIC COMMENT='护理等级表';
/*!40101 SET character_set_client = @saved_cs_client */;

--
-- Dumping data for table `nursing_level`
--

LOCK TABLES `nursing_level` WRITE;
/*!40000 ALTER TABLE `nursing_level` DISABLE KEYS */;
INSERT INTO `nursing_level` VALUES (1,'特级护理等级',1,2700.00,1,'特级护理等级适用于那些需要高度关注和专业照顾的老年人，包含了全面的护理项目和照顾','2023-09-26 15:40:08',1671403256519078153,1671403256519078138,NULL,'2023-10-26 16:03:18'),(2,'一级护理等级',2,2000.00,1,'一级护理等级适用于需要一定程度护理和照料的老年人，该等级提供了基本的日常护理项目','2023-09-26 15:45:12',1671403256519078153,NULL,NULL,'2023-09-26 15:45:12'),(3,'二级护理等级',3,1500.00,1,'二级护理等级适用于能够自理但需要一定辅助护理的老年人，该等级提供了中等程度的照护项目','2023-09-26 15:48:18',1671403256519078153,1671403256519078153,NULL,'2023-09-26 15:51:13'),(4,'三级护理等级',4,1000.00,1,'三级护理等级适用于能够基本自理的老年人，需要一些简单的日常护理，该等级提供了基础的护理项目','2023-09-26 15:51:08',1671403256519078153,1671403256519078166,NULL,'2023-11-02 21:35:10'),(48,'六级护理等级',2,90.00,1,'123','2023-12-04 19:43:23',1,NULL,NULL,'2023-12-04 19:43:23'),(49,'123',4,10.00,1,'22','2023-12-04 19:46:39',1,NULL,NULL,'2023-12-04 19:46:39');
/*!40000 ALTER TABLE `nursing_level` ENABLE KEYS */;
UNLOCK TABLES;

--
-- Table structure for table `nursing_plan`
--

DROP TABLE IF EXISTS `nursing_plan`;
/*!40101 SET @saved_cs_client     = @@character_set_client */;
/*!50503 SET character_set_client = utf8mb4 */;
CREATE TABLE `nursing_plan` (
  `id` int NOT NULL AUTO_INCREMENT COMMENT '编号',
  `sort_no` int DEFAULT NULL COMMENT '排序号',
  `plan_name` varchar(255) CHARACTER SET utf8mb4 COLLATE utf8mb4_0900_ai_ci NOT NULL DEFAULT '' COMMENT '名称',
  `status` tinyint NOT NULL DEFAULT '0' COMMENT '状态 0禁用 1启用',
  `create_time` datetime NOT NULL COMMENT '创建时间',
  `update_time` datetime DEFAULT NULL COMMENT '更新时间',
  `create_by` bigint DEFAULT NULL COMMENT '创建人id',
  `update_by` bigint DEFAULT NULL COMMENT '更新人id',
  `remark` varchar(255) CHARACTER SET utf8mb4 COLLATE utf8mb4_0900_ai_ci DEFAULT NULL COMMENT '备注',
  PRIMARY KEY (`id`) USING BTREE,
  UNIQUE KEY `plan_name` (`plan_name`) USING BTREE
) ENGINE=InnoDB AUTO_INCREMENT=97 DEFAULT CHARSET=utf8mb4 COLLATE=utf8mb4_0900_ai_ci ROW_FORMAT=DYNAMIC COMMENT='护理计划表';
/*!40101 SET character_set_client = @saved_cs_client */;

--
-- Dumping data for table `nursing_plan`
--

LOCK TABLES `nursing_plan` WRITE;
/*!40000 ALTER TABLE `nursing_plan` DISABLE KEYS */;
INSERT INTO `nursing_plan` VALUES (1,NULL,'特级护理计划',1,'2023-09-26 15:24:50','2023-09-26 15:24:50',1671403256519078153,NULL,NULL),(2,NULL,'一级护理计划',1,'2023-09-26 15:27:14','2023-09-26 15:44:03',1671403256519078153,1671403256519078153,NULL),(3,NULL,'二级护理计划',1,'2023-09-26 15:30:07','2023-09-26 15:46:54',1671403256519078153,1671403256519078153,NULL),(4,NULL,'三级护理计划',1,'2023-09-26 15:32:13','2023-09-26 15:50:05',1671403256519078153,1671403256519078153,NULL);
/*!40000 ALTER TABLE `nursing_plan` ENABLE KEYS */;
UNLOCK TABLES;

--
-- Table structure for table `nursing_project`
--

DROP TABLE IF EXISTS `nursing_project`;
/*!40101 SET @saved_cs_client     = @@character_set_client */;
/*!50503 SET character_set_client = utf8mb4 */;
CREATE TABLE `nursing_project` (
  `id` bigint NOT NULL AUTO_INCREMENT COMMENT '编号',
  `name` varchar(100) CHARACTER SET utf8mb4 COLLATE utf8mb4_0900_ai_ci DEFAULT NULL COMMENT '名称',
  `order_no` int DEFAULT NULL COMMENT '排序号',
  `unit` varchar(50) CHARACTER SET utf8mb4 COLLATE utf8mb4_0900_ai_ci DEFAULT NULL COMMENT '单位',
  `price` decimal(10,2) DEFAULT NULL COMMENT '价格',
  `image` varchar(255) CHARACTER SET utf8mb4 COLLATE utf8mb4_0900_ai_ci DEFAULT NULL COMMENT '图片',
  `nursing_requirement` varchar(255) CHARACTER SET utf8mb4 COLLATE utf8mb4_0900_ai_ci DEFAULT NULL COMMENT '护理要求',
  `status` int NOT NULL DEFAULT '1' COMMENT '状态（0：禁用，1：启用）',
  `create_by` varchar(50) CHARACTER SET utf8mb4 COLLATE utf8mb4_0900_ai_ci DEFAULT NULL COMMENT '创建人',
  `update_by` varchar(50) CHARACTER SET utf8mb4 COLLATE utf8mb4_0900_ai_ci DEFAULT NULL COMMENT '更新人',
  `remark` varchar(255) CHARACTER SET utf8mb4 COLLATE utf8mb4_0900_ai_ci DEFAULT NULL COMMENT '备注',
  `create_time` datetime NOT NULL DEFAULT CURRENT_TIMESTAMP COMMENT '创建时间',
  `update_time` datetime DEFAULT CURRENT_TIMESTAMP ON UPDATE CURRENT_TIMESTAMP COMMENT '更新时间',
  PRIMARY KEY (`id`) USING BTREE,
  UNIQUE KEY `name` (`name`) USING BTREE
) ENGINE=InnoDB AUTO_INCREMENT=89 DEFAULT CHARSET=utf8mb4 COLLATE=utf8mb4_0900_ai_ci ROW_FORMAT=DYNAMIC COMMENT='护理项目表';
/*!40101 SET character_set_client = @saved_cs_client */;

--
-- Dumping data for table `nursing_project`
--

LOCK TABLES `nursing_project` WRITE;
/*!40000 ALTER TABLE `nursing_project` DISABLE KEYS */;
INSERT INTO `nursing_project` VALUES (1,'翻身拍背',1,'次',30.00,'https://yjy-slwl-oss.oss-cn-hangzhou.aliyuncs.com/424a475d-76b1-4c57-b430-60293901ef79.jpg','帮助患者翻身，并进行背部按摩，以促进血液循环',0,'1671403256519078153',NULL,NULL,'2023-09-26 15:08:59','2023-10-28 01:59:27'),(2,'复健运动',2,'次',50.00,'https://yjy-slwl-oss.oss-cn-hangzhou.aliyuncs.com/e4610f16-0612-43a0-a595-b4b778d4b430.jpg','根据患者的需要，执行定制的康复运动计划，旨在改善身体机能和增强肌肉力量',0,'1671403256519078153',NULL,NULL,'2023-09-26 15:09:46','2023-10-28 01:59:27'),(3,'公共空间清洁',3,'小时',20.00,'https://yjy-slwl-oss.oss-cn-hangzhou.aliyuncs.com/78b31b27-f35e-4ea4-b209-51c2f202dea1.jpg','对养老院公共区域进行定期清洁和消毒，包括走廊、客厅和就餐区等',0,'1671403256519078153',NULL,NULL,'2023-09-26 15:10:21','2023-10-28 01:59:27'),(4,'心理咨询',4,'小时',80.00,'https://yjy-slwl-oss.oss-cn-hangzhou.aliyuncs.com/1620ced6-690b-40bb-bfb0-5bcc237fb69c.jpg','提供专业的心理咨询服务，帮助患者处理情绪问题、调解矛盾和提供心理支持',0,'1671403256519078153',NULL,NULL,'2023-09-26 15:10:54','2023-10-28 01:59:27'),(5,'洗脚',5,'次',25.00,'https://yjy-slwl-oss.oss-cn-hangzhou.aliyuncs.com/edee70bf-176f-45a9-8960-4b80903ad2b1.jpg','为患者提供舒适的足部护理，包括泡脚、按摩和修剪脚指甲等',1,'1671403256519078153','1',NULL,'2023-09-26 15:11:55','2023-12-04 10:47:21'),(6,'洗脸',6,'次',15.00,'https://yjy-slwl-oss.oss-cn-hangzhou.aliyuncs.com/7dac78bd-d47c-46d9-9f1d-72c175f2b113.jpg','为患者提供温和而舒适的洗脸服务，以保持面部卫生和清洁',1,'1671403256519078153',NULL,NULL,'2023-09-26 15:12:19','2023-09-26 15:12:19'),(7,'洗头',7,'次',20.00,'https://yjy-slwl-oss.oss-cn-hangzhou.aliyuncs.com/a2a56275-51e6-43a0-8ad6-b0600bfb01c2.jpg','将患者带到洗发间进行洗发，并提供按摩和护理，保持头皮健康',1,'1671403256519078153',NULL,NULL,'2023-09-26 15:12:43','2023-09-26 15:12:43'),(8,'修剪指甲',8,'次',10.00,'https://yjy-slwl-oss.oss-cn-hangzhou.aliyuncs.com/97c05019-9463-4f60-bb80-32b069fc6098.jpg','为患者修剪手指和脚趾的指甲，以保持个人卫生和舒适感',1,'1671403256519078153','1671403256519078153',NULL,'2023-09-26 15:13:01','2023-09-26 15:15:34'),(9,'衣物清洁',9,'件',5.00,'https://yjy-slwl-oss.oss-cn-hangzhou.aliyuncs.com/555e5178-4753-46f3-ba92-bc81f1b0e43e.jpg','提供患者衣物的清洗、熨烫和折叠等服务，确保他们穿着整洁干净的衣物',1,'1671403256519078153','1671403256519078153',NULL,'2023-09-26 15:13:50','2023-09-26 15:15:41'),(10,'整理床铺',10,'次',15.00,'https://yjy-slwl-oss.oss-cn-hangzhou.aliyuncs.com/ee3b7e4c-e776-4a23-bbb8-d293fc514d56.jpg','打扫和整理患者的床铺，包括更换床单、清理枕套和平整被褥等工作',1,'1671403256519078153',NULL,NULL,'2023-09-26 15:14:19','2023-09-26 15:14:19'),(11,'助餐',11,'餐',15.00,'https://yjy-slwl-oss.oss-cn-hangzhou.aliyuncs.com/268d1ce0-38f8-4cf7-8258-4a8516ffd814.jpg','为患者提供用餐辅助，包括帮助患者就餐、切割食物和适应特殊膳食需求等',1,'1671403256519078153',NULL,NULL,'2023-09-26 15:14:52','2023-09-26 15:14:52'),(12,'助浴',12,'次',40.00,'https://yjy-slwl-oss.oss-cn-hangzhou.aliyuncs.com/aa3b7de8-1f22-4297-8c7a-8ce4d82765d2.jpg','协助患者进行浴室洗浴，包括保证个人隐私、洗澡和擦干身体等过程',1,'1671403256519078153',NULL,NULL,'2023-09-26 15:15:21','2023-09-26 15:15:21'),(70,'测试',1,'米',30.00,'https://itheim.oss-cn-beijing.aliyuncs.com/0517122e-3c0f-4395-a49b-f071b71c5e5a.gif','这是一个测试',1,'1','1',NULL,'2023-10-25 09:49:14','2023-12-04 10:49:36'),(73,'测试2',1,'米',20.00,'https://itheim.oss-cn-beijing.aliyuncs.com/bdd423ed-6e21-4927-809a-2fea857f1cae.jpg','这是一个测试2',1,'1','1',NULL,'2023-10-25 09:50:12','2023-12-04 10:49:34'),(75,'侦察骑士',1,'原神养老中',666.00,'https://itheim.oss-cn-beijing.aliyuncs.com/66e4ee24-2da2-4275-a93e-a39cc6866f7a.png','有我无敌',1,'1671403256519078138','1',NULL,'2023-10-26 14:53:59','2023-12-04 10:49:33'),(79,'第三方第三方水电费东',2,'333',10.00,'https://itheim.oss-cn-beijing.aliyuncs.com/d986afd9-2ac6-4bdd-b563-8c5c47cc80c8.png','3333',1,'1671403256519078138','1',NULL,'2023-10-27 21:51:28','2023-12-04 10:49:54'),(83,'123',2,'22',10.00,'https://itheim.oss-cn-beijing.aliyuncs.com/aaff4243-d1ae-4142-b5e7-c0f2b73fd610.png','123',1,'1671403256519078138',NULL,NULL,'2023-10-28 10:28:38','2023-10-28 10:28:38'),(84,'bbbbbbb',2,'33',10.00,'https://itheim.oss-cn-beijing.aliyuncs.com/454f5412-b67a-4101-9149-efefd042f536.png','345',1,'1671403256519078138','1',NULL,'2023-10-28 10:31:11','2023-10-28 10:58:51'),(85,'aassdddff',2,'22',10.00,'https://itheim.oss-cn-beijing.aliyuncs.com/f99ea294-a257-49a7-84c3-95609ddc5f84.png','234',1,'1671403256519078138','1',NULL,'2023-10-28 10:31:46','2023-10-28 10:58:34'),(87,'翻身拍背2',0,'次',30.00,'https://yjy-slwl-oss.oss-cn-hangzhou.aliyuncs.com/424a475d-76b1-4c57-b430-60293901ef79.jpg','帮助患者翻身，并进行背部按摩，以促进血液循环',1,'1',NULL,NULL,'2023-12-05 16:09:45','2023-12-05 16:09:45'),(88,'翻身拍背-6',0,'次',30.00,'https://yjy-slwl-oss.oss-cn-hangzhou.aliyuncs.com/424a475d-76b1-4c57-b430-60293901ef79.jpg','帮助患者翻身，并进行背部按摩，以促进血液循环',1,'1','1','无','2023-12-05 16:14:21','2023-12-05 20:21:32');
/*!40000 ALTER TABLE `nursing_project` ENABLE KEYS */;
UNLOCK TABLES;

--
-- Table structure for table `nursing_project_plan`
--

DROP TABLE IF EXISTS `nursing_project_plan`;
/*!40101 SET @saved_cs_client     = @@character_set_client */;
/*!50503 SET character_set_client = utf8mb4 */;
CREATE TABLE `nursing_project_plan` (
  `id` int NOT NULL AUTO_INCREMENT,
  `plan_id` int NOT NULL COMMENT '计划id',
  `project_id` int NOT NULL COMMENT '项目id',
  `execute_time` varchar(50) CHARACTER SET utf8mb4 COLLATE utf8mb4_0900_ai_ci NOT NULL COMMENT '计划执行时间',
  `execute_cycle` int NOT NULL COMMENT '执行周期 0 天 1 周 2月',
  `execute_frequency` int NOT NULL COMMENT '执行频次',
  `create_time` datetime NOT NULL COMMENT '创建时间',
  `update_time` datetime DEFAULT NULL COMMENT '更新时间',
  `create_by` bigint DEFAULT NULL COMMENT '创建人id',
  `update_by` bigint DEFAULT NULL COMMENT '更新人id',
  `remark` varchar(255) CHARACTER SET utf8mb4 COLLATE utf8mb4_0900_ai_ci DEFAULT NULL COMMENT '备注',
  PRIMARY KEY (`id`) USING BTREE
) ENGINE=InnoDB AUTO_INCREMENT=1673 DEFAULT CHARSET=utf8mb4 COLLATE=utf8mb4_0900_ai_ci ROW_FORMAT=DYNAMIC COMMENT='护理计划和项目关联表';
/*!40101 SET character_set_client = @saved_cs_client */;

--
-- Dumping data for table `nursing_project_plan`
--

LOCK TABLES `nursing_project_plan` WRITE;
/*!40000 ALTER TABLE `nursing_project_plan` DISABLE KEYS */;
INSERT INTO `nursing_project_plan` VALUES (1,1,1,'08:00',1,1,'2023-09-26 15:24:50','2023-09-26 15:24:50',1671403256519078153,NULL,NULL),(2,1,2,'14:00',1,3,'2023-09-26 15:24:50','2023-09-26 15:24:50',1671403256519078153,NULL,NULL),(3,1,3,'21:00',0,1,'2023-09-26 15:24:50','2023-09-26 15:24:50',1671403256519078153,NULL,NULL),(4,1,4,'10:00',2,1,'2023-09-26 15:24:50','2023-09-26 15:24:50',1671403256519078153,NULL,NULL),(5,1,11,'12:00',0,1,'2023-09-26 15:24:50','2023-09-26 15:24:50',1671403256519078153,NULL,NULL),(6,1,10,'08:00',0,1,'2023-09-26 15:24:50','2023-09-26 15:24:50',1671403256519078153,NULL,NULL),(7,1,9,'18:00',1,1,'2023-09-26 15:24:50','2023-09-26 15:24:50',1671403256519078153,NULL,NULL),(8,1,12,'08:00',1,2,'2023-09-26 15:24:50','2023-09-26 15:24:50',1671403256519078153,NULL,NULL),(9,1,8,'19:00',1,1,'2023-09-26 15:24:50','2023-09-26 15:24:50',1671403256519078153,NULL,NULL),(29,2,1,'08:00',1,1,'2023-09-26 15:44:03','2023-09-26 15:44:03',1671403256519078153,NULL,NULL),(30,2,6,'09:00',0,1,'2023-09-26 15:44:03','2023-09-26 15:44:03',1671403256519078153,NULL,NULL),(31,2,8,'15:00',1,1,'2023-09-26 15:44:03','2023-09-26 15:44:03',1671403256519078153,NULL,NULL),(32,2,9,'17:00',1,2,'2023-09-26 15:44:03','2023-09-26 15:44:03',1671403256519078153,NULL,NULL),(33,2,12,'20:00',1,2,'2023-09-26 15:44:03','2023-09-26 15:44:03',1671403256519078153,NULL,NULL),(34,2,3,'21:00',0,1,'2023-09-26 15:44:03','2023-09-26 15:44:03',1671403256519078153,NULL,NULL),(35,2,10,'08:30',0,1,'2023-09-26 15:44:03','2023-09-26 15:44:03',1671403256519078153,NULL,NULL),(41,3,3,'18:30',0,1,'2023-09-26 15:46:54','2023-09-26 15:46:54',1671403256519078153,NULL,NULL),(42,3,6,'10:00',0,1,'2023-09-26 15:46:54','2023-09-26 15:46:54',1671403256519078153,NULL,NULL),(43,3,8,'16:00',2,1,'2023-09-26 15:46:54','2023-09-26 15:46:54',1671403256519078153,NULL,NULL),(44,3,10,'09:00',0,1,'2023-09-26 15:46:54','2023-09-26 15:46:54',1671403256519078153,NULL,NULL),(45,3,9,'12:00',1,2,'2023-09-26 15:46:54','2023-09-26 15:46:54',1671403256519078153,NULL,NULL),(50,4,4,'08:00',1,1,'2023-09-26 15:50:05','2023-09-26 15:50:05',1671403256519078153,NULL,NULL),(51,4,3,'20:00',0,1,'2023-09-26 15:50:05','2023-09-26 15:50:05',1671403256519078153,NULL,NULL),(52,4,9,'17:00',1,1,'2023-09-26 15:50:05','2023-09-26 15:50:05',1671403256519078153,NULL,NULL),(1672,96,75,'08:00',1,1,'2023-12-04 19:54:29','2023-12-04 19:54:29',1,NULL,NULL);
/*!40000 ALTER TABLE `nursing_project_plan` ENABLE KEYS */;
UNLOCK TABLES;

--
-- Table structure for table `nursing_task`
--

DROP TABLE IF EXISTS `nursing_task`;
/*!40101 SET @saved_cs_client     = @@character_set_client */;
/*!50503 SET character_set_client = utf8mb4 */;
CREATE TABLE `nursing_task` (
  `id` bigint NOT NULL AUTO_INCREMENT COMMENT 'id',
  `nursing_id` bigint DEFAULT NULL COMMENT '护理员id',
  `project_id` int NOT NULL COMMENT '项目id',
  `elder_id` bigint DEFAULT NULL COMMENT '老人id',
  `bed_number` varchar(255) CHARACTER SET utf8mb4 COLLATE utf8mb4_0900_ai_ci DEFAULT NULL COMMENT '床位编号',
  `task_type` tinyint NOT NULL DEFAULT '0' COMMENT '任务类型（2：月度任务，1订单任务）',
  `estimated_server_time` datetime DEFAULT NULL COMMENT '预计服务时间',
  `mark` varchar(2000) CHARACTER SET utf8mb4 COLLATE utf8mb4_0900_ai_ci DEFAULT NULL COMMENT '执行记录',
  `cancel_reason` varchar(2000) CHARACTER SET utf8mb4 COLLATE utf8mb4_0900_ai_ci DEFAULT NULL COMMENT '取消原因',
  `status` int DEFAULT NULL COMMENT '状态  1待执行 2已执行 3已关闭 ',
  `rel_no` varchar(50) CHARACTER SET utf8mb4 COLLATE utf8mb4_0900_ai_ci DEFAULT NULL COMMENT '关联单据编号',
  `task_image` varchar(255) CHARACTER SET utf8mb4 COLLATE utf8mb4_0900_ai_ci DEFAULT NULL COMMENT '执行图片',
  `create_time` datetime NOT NULL COMMENT '创建时间',
  `update_time` datetime DEFAULT NULL COMMENT '更新时间',
  `create_by` bigint DEFAULT NULL COMMENT '创建人id',
  `update_by` bigint DEFAULT NULL COMMENT '更新人id',
  `remark` varchar(255) CHARACTER SET utf8mb4 COLLATE utf8mb4_0900_ai_ci DEFAULT NULL COMMENT '备注',
  PRIMARY KEY (`id`) USING BTREE
) ENGINE=InnoDB AUTO_INCREMENT=7175 DEFAULT CHARSET=utf8mb4 COLLATE=utf8mb4_0900_ai_ci ROW_FORMAT=DYNAMIC COMMENT='护理任务表';
/*!40101 SET character_set_client = @saved_cs_client */;

--
-- Dumping data for table `nursing_task`
--

LOCK TABLES `nursing_task` WRITE;
/*!40000 ALTER TABLE `nursing_task` DISABLE KEYS */;
INSERT INTO `nursing_task` VALUES (5921,NULL,1,134,NULL,2,'2023-10-05 08:00:00',NULL,NULL,1,'ZD202310051559231',NULL,'2023-10-05 15:59:24',NULL,1671403256519078164,NULL,NULL),(5922,NULL,1,134,NULL,2,'2023-10-12 08:00:00',NULL,NULL,1,'ZD202310051559231',NULL,'2023-10-05 15:59:24',NULL,1671403256519078164,NULL,NULL),(5923,NULL,1,134,NULL,2,'2023-10-19 08:00:00',NULL,NULL,1,'ZD202310051559231',NULL,'2023-10-05 15:59:24',NULL,1671403256519078164,NULL,NULL),(5924,NULL,1,134,NULL,2,'2023-10-26 08:00:00',NULL,NULL,1,'ZD202310051559231',NULL,'2023-10-05 15:59:24',NULL,1671403256519078164,NULL,NULL),(5925,NULL,6,134,NULL,2,'2023-10-05 09:00:00',NULL,NULL,1,'ZD202310051559231',NULL,'2023-10-05 15:59:24',NULL,1671403256519078164,NULL,NULL),(5926,NULL,6,134,NULL,2,'2023-10-06 09:00:00',NULL,NULL,1,'ZD202310051559231',NULL,'2023-10-05 15:59:24',NULL,1671403256519078164,NULL,NULL),(5927,NULL,6,134,NULL,2,'2023-10-07 09:00:00',NULL,NULL,1,'ZD202310051559231',NULL,'2023-10-05 15:59:24',NULL,1671403256519078164,NULL,NULL),(5928,NULL,6,134,NULL,2,'2023-10-08 09:00:00',NULL,NULL,1,'ZD202310051559231',NULL,'2023-10-05 15:59:24',NULL,1671403256519078164,NULL,NULL),(5929,NULL,6,134,NULL,2,'2023-10-09 09:00:00',NULL,NULL,1,'ZD202310051559231',NULL,'2023-10-05 15:59:24',NULL,1671403256519078164,NULL,NULL),(5930,NULL,6,134,NULL,2,'2023-10-10 09:00:00',NULL,NULL,1,'ZD202310051559231',NULL,'2023-10-05 15:59:24',NULL,1671403256519078164,NULL,NULL),(5931,NULL,6,134,NULL,2,'2023-10-11 09:00:00',NULL,NULL,1,'ZD202310051559231',NULL,'2023-10-05 15:59:24',NULL,1671403256519078164,NULL,NULL),(5932,NULL,6,134,NULL,2,'2023-10-12 09:00:00',NULL,NULL,1,'ZD202310051559231',NULL,'2023-10-05 15:59:24',NULL,1671403256519078164,NULL,NULL),(5933,NULL,6,134,NULL,2,'2023-10-13 09:00:00',NULL,NULL,1,'ZD202310051559231',NULL,'2023-10-05 15:59:24',NULL,1671403256519078164,NULL,NULL),(5934,NULL,6,134,NULL,2,'2023-10-14 09:00:00',NULL,NULL,1,'ZD202310051559231',NULL,'2023-10-05 15:59:24',NULL,1671403256519078164,NULL,NULL),(5935,NULL,6,134,NULL,2,'2023-10-15 09:00:00',NULL,NULL,1,'ZD202310051559231',NULL,'2023-10-05 15:59:24',NULL,1671403256519078164,NULL,NULL),(5936,NULL,6,134,NULL,2,'2023-10-16 09:00:00',NULL,NULL,1,'ZD202310051559231',NULL,'2023-10-05 15:59:24',NULL,1671403256519078164,NULL,NULL),(5937,NULL,6,134,NULL,2,'2023-10-17 09:00:00',NULL,NULL,1,'ZD202310051559231',NULL,'2023-10-05 15:59:24',NULL,1671403256519078164,NULL,NULL),(5938,NULL,6,134,NULL,2,'2023-10-18 09:00:00',NULL,NULL,1,'ZD202310051559231',NULL,'2023-10-05 15:59:24',NULL,1671403256519078164,NULL,NULL),(5939,NULL,6,134,NULL,2,'2023-10-19 09:00:00',NULL,NULL,1,'ZD202310051559231',NULL,'2023-10-05 15:59:24',NULL,1671403256519078164,NULL,NULL),(5940,NULL,6,134,NULL,2,'2023-10-20 09:00:00',NULL,NULL,1,'ZD202310051559231',NULL,'2023-10-05 15:59:24',NULL,1671403256519078164,NULL,NULL),(5941,NULL,6,134,NULL,2,'2023-10-21 09:00:00',NULL,NULL,1,'ZD202310051559231',NULL,'2023-10-05 15:59:24',NULL,1671403256519078164,NULL,NULL),(5942,NULL,6,134,NULL,2,'2023-10-22 09:00:00',NULL,NULL,1,'ZD202310051559231',NULL,'2023-10-05 15:59:24',NULL,1671403256519078164,NULL,NULL),(5943,NULL,6,134,NULL,2,'2023-10-23 09:00:00',NULL,NULL,1,'ZD202310051559231',NULL,'2023-10-05 15:59:24',NULL,1671403256519078164,NULL,NULL),(5944,NULL,6,134,NULL,2,'2023-10-24 09:00:00',NULL,NULL,1,'ZD202310051559231',NULL,'2023-10-05 15:59:24',NULL,1671403256519078164,NULL,NULL),(5945,NULL,6,134,NULL,2,'2023-10-25 09:00:00',NULL,NULL,1,'ZD202310051559231',NULL,'2023-10-05 15:59:24',NULL,1671403256519078164,NULL,NULL),(5946,NULL,6,134,NULL,2,'2023-10-26 09:00:00',NULL,NULL,1,'ZD202310051559231',NULL,'2023-10-05 15:59:24',NULL,1671403256519078164,NULL,NULL),(5947,NULL,6,134,NULL,2,'2023-10-27 09:00:00',NULL,NULL,1,'ZD202310051559231',NULL,'2023-10-05 15:59:24',NULL,1671403256519078164,NULL,NULL),(5948,NULL,6,134,NULL,2,'2023-10-28 09:00:00',NULL,NULL,1,'ZD202310051559231',NULL,'2023-10-05 15:59:24',NULL,1671403256519078164,NULL,NULL),(5949,NULL,6,134,NULL,2,'2023-10-29 09:00:00',NULL,NULL,1,'ZD202310051559231',NULL,'2023-10-05 15:59:24',NULL,1671403256519078164,NULL,NULL),(5950,NULL,6,134,NULL,2,'2023-10-30 09:00:00',NULL,NULL,1,'ZD202310051559231',NULL,'2023-10-05 15:59:24',NULL,1671403256519078164,NULL,NULL),(5951,NULL,6,134,NULL,2,'2023-10-31 09:00:00',NULL,NULL,1,'ZD202310051559231',NULL,'2023-10-05 15:59:24',NULL,1671403256519078164,NULL,NULL),(5952,NULL,8,134,NULL,2,'2023-10-05 15:00:00',NULL,NULL,1,'ZD202310051559231',NULL,'2023-10-05 15:59:24',NULL,1671403256519078164,NULL,NULL),(5953,NULL,8,134,NULL,2,'2023-10-12 15:00:00',NULL,NULL,1,'ZD202310051559231',NULL,'2023-10-05 15:59:24',NULL,1671403256519078164,NULL,NULL),(5954,NULL,8,134,NULL,2,'2023-10-19 15:00:00',NULL,NULL,1,'ZD202310051559231',NULL,'2023-10-05 15:59:24',NULL,1671403256519078164,NULL,NULL),(5955,NULL,8,134,NULL,2,'2023-10-26 15:00:00',NULL,NULL,1,'ZD202310051559231',NULL,'2023-10-05 15:59:24',NULL,1671403256519078164,NULL,NULL),(5956,NULL,9,134,NULL,2,'2023-10-05 17:00:00',NULL,NULL,1,'ZD202310051559231',NULL,'2023-10-05 15:59:24',NULL,1671403256519078164,NULL,NULL),(5957,NULL,9,134,NULL,2,'2023-10-08 17:00:00',NULL,NULL,1,'ZD202310051559231',NULL,'2023-10-05 15:59:24',NULL,1671403256519078164,NULL,NULL),(5958,NULL,9,134,NULL,2,'2023-10-12 17:00:00',NULL,NULL,1,'ZD202310051559231',NULL,'2023-10-05 15:59:24',NULL,1671403256519078164,NULL,NULL),(5959,NULL,9,134,NULL,2,'2023-10-15 17:00:00',NULL,NULL,1,'ZD202310051559231',NULL,'2023-10-05 15:59:24',NULL,1671403256519078164,NULL,NULL),(5960,NULL,9,134,NULL,2,'2023-10-19 17:00:00',NULL,NULL,1,'ZD202310051559231',NULL,'2023-10-05 15:59:24',NULL,1671403256519078164,NULL,NULL),(5961,NULL,9,134,NULL,2,'2023-10-22 17:00:00',NULL,NULL,1,'ZD202310051559231',NULL,'2023-10-05 15:59:24',NULL,1671403256519078164,NULL,NULL),(5962,NULL,9,134,NULL,2,'2023-10-26 17:00:00',NULL,NULL,1,'ZD202310051559231',NULL,'2023-10-05 15:59:24',NULL,1671403256519078164,NULL,NULL),(5963,NULL,9,134,NULL,2,'2023-10-29 17:00:00',NULL,NULL,1,'ZD202310051559231',NULL,'2023-10-05 15:59:24',NULL,1671403256519078164,NULL,NULL),(5964,NULL,12,134,NULL,2,'2023-10-05 20:00:00',NULL,NULL,1,'ZD202310051559231',NULL,'2023-10-05 15:59:24',NULL,1671403256519078164,NULL,NULL),(5965,NULL,12,134,NULL,2,'2023-10-08 20:00:00',NULL,NULL,1,'ZD202310051559231',NULL,'2023-10-05 15:59:24',NULL,1671403256519078164,NULL,NULL),(5966,NULL,12,134,NULL,2,'2023-10-12 20:00:00',NULL,NULL,1,'ZD202310051559231',NULL,'2023-10-05 15:59:24',NULL,1671403256519078164,NULL,NULL),(5967,NULL,12,134,NULL,2,'2023-10-15 20:00:00',NULL,NULL,1,'ZD202310051559231',NULL,'2023-10-05 15:59:24',NULL,1671403256519078164,NULL,NULL),(5968,NULL,12,134,NULL,2,'2023-10-19 20:00:00',NULL,NULL,1,'ZD202310051559231',NULL,'2023-10-05 15:59:24',NULL,1671403256519078164,NULL,NULL),(5969,NULL,12,134,NULL,2,'2023-10-22 20:00:00',NULL,NULL,1,'ZD202310051559231',NULL,'2023-10-05 15:59:24',NULL,1671403256519078164,NULL,NULL),(5970,NULL,12,134,NULL,2,'2023-10-26 20:00:00',NULL,NULL,1,'ZD202310051559231',NULL,'2023-10-05 15:59:24',NULL,1671403256519078164,NULL,NULL),(5971,NULL,12,134,NULL,2,'2023-10-29 20:00:00',NULL,NULL,1,'ZD202310051559231',NULL,'2023-10-05 15:59:24',NULL,1671403256519078164,NULL,NULL),(5972,NULL,3,134,NULL,2,'2023-10-05 21:00:00',NULL,NULL,1,'ZD202310051559231',NULL,'2023-10-05 15:59:24',NULL,1671403256519078164,NULL,NULL),(5973,NULL,3,134,NULL,2,'2023-10-06 21:00:00',NULL,NULL,1,'ZD202310051559231',NULL,'2023-10-05 15:59:24',NULL,1671403256519078164,NULL,NULL),(5974,NULL,3,134,NULL,2,'2023-10-07 21:00:00',NULL,NULL,1,'ZD202310051559231',NULL,'2023-10-05 15:59:24',NULL,1671403256519078164,NULL,NULL),(5975,NULL,3,134,NULL,2,'2023-10-08 21:00:00',NULL,NULL,1,'ZD202310051559231',NULL,'2023-10-05 15:59:24',NULL,1671403256519078164,NULL,NULL),(5976,NULL,3,134,NULL,2,'2023-10-09 21:00:00',NULL,NULL,1,'ZD202310051559231',NULL,'2023-10-05 15:59:24',NULL,1671403256519078164,NULL,NULL),(5977,NULL,3,134,NULL,2,'2023-10-10 21:00:00',NULL,NULL,1,'ZD202310051559231',NULL,'2023-10-05 15:59:24',NULL,1671403256519078164,NULL,NULL),(5978,NULL,3,134,NULL,2,'2023-10-11 21:00:00',NULL,NULL,1,'ZD202310051559231',NULL,'2023-10-05 15:59:24',NULL,1671403256519078164,NULL,NULL),(5979,NULL,3,134,NULL,2,'2023-10-12 21:00:00',NULL,NULL,1,'ZD202310051559231',NULL,'2023-10-05 15:59:24',NULL,1671403256519078164,NULL,NULL),(5980,NULL,3,134,NULL,2,'2023-10-13 21:00:00',NULL,NULL,1,'ZD202310051559231',NULL,'2023-10-05 15:59:24',NULL,1671403256519078164,NULL,NULL),(5981,NULL,3,134,NULL,2,'2023-10-14 21:00:00',NULL,NULL,1,'ZD202310051559231',NULL,'2023-10-05 15:59:24',NULL,1671403256519078164,NULL,NULL),(5982,NULL,3,134,NULL,2,'2023-10-15 21:00:00',NULL,NULL,1,'ZD202310051559231',NULL,'2023-10-05 15:59:24',NULL,1671403256519078164,NULL,NULL),(5983,NULL,3,134,NULL,2,'2023-10-16 21:00:00',NULL,NULL,1,'ZD202310051559231',NULL,'2023-10-05 15:59:24',NULL,1671403256519078164,NULL,NULL),(5984,NULL,3,134,NULL,2,'2023-10-17 21:00:00',NULL,NULL,1,'ZD202310051559231',NULL,'2023-10-05 15:59:24',NULL,1671403256519078164,NULL,NULL),(5985,NULL,3,134,NULL,2,'2023-10-18 21:00:00',NULL,NULL,1,'ZD202310051559231',NULL,'2023-10-05 15:59:24',NULL,1671403256519078164,NULL,NULL),(5986,NULL,3,134,NULL,2,'2023-10-19 21:00:00',NULL,NULL,1,'ZD202310051559231',NULL,'2023-10-05 15:59:24',NULL,1671403256519078164,NULL,NULL),(5987,NULL,3,134,NULL,2,'2023-10-20 21:00:00',NULL,NULL,1,'ZD202310051559231',NULL,'2023-10-05 15:59:24',NULL,1671403256519078164,NULL,NULL),(5988,NULL,3,134,NULL,2,'2023-10-21 21:00:00',NULL,NULL,1,'ZD202310051559231',NULL,'2023-10-05 15:59:24',NULL,1671403256519078164,NULL,NULL),(5989,NULL,3,134,NULL,2,'2023-10-22 21:00:00',NULL,NULL,1,'ZD202310051559231',NULL,'2023-10-05 15:59:24',NULL,1671403256519078164,NULL,NULL),(5990,NULL,3,134,NULL,2,'2023-10-23 21:00:00',NULL,NULL,1,'ZD202310051559231',NULL,'2023-10-05 15:59:24',NULL,1671403256519078164,NULL,NULL),(5991,NULL,3,134,NULL,2,'2023-10-24 21:00:00',NULL,NULL,1,'ZD202310051559231',NULL,'2023-10-05 15:59:24',NULL,1671403256519078164,NULL,NULL),(5992,NULL,3,134,NULL,2,'2023-10-25 21:00:00',NULL,NULL,1,'ZD202310051559231',NULL,'2023-10-05 15:59:24',NULL,1671403256519078164,NULL,NULL),(5993,NULL,3,134,NULL,2,'2023-10-26 21:00:00',NULL,NULL,1,'ZD202310051559231',NULL,'2023-10-05 15:59:24',NULL,1671403256519078164,NULL,NULL),(5994,NULL,3,134,NULL,2,'2023-10-27 21:00:00',NULL,NULL,1,'ZD202310051559231',NULL,'2023-10-05 15:59:24',NULL,1671403256519078164,NULL,NULL),(5995,NULL,3,134,NULL,2,'2023-10-28 21:00:00',NULL,NULL,1,'ZD202310051559231',NULL,'2023-10-05 15:59:24',NULL,1671403256519078164,NULL,NULL),(5996,NULL,3,134,NULL,2,'2023-10-29 21:00:00',NULL,NULL,1,'ZD202310051559231',NULL,'2023-10-05 15:59:24',NULL,1671403256519078164,NULL,NULL),(5997,NULL,3,134,NULL,2,'2023-10-30 21:00:00',NULL,NULL,1,'ZD202310051559231',NULL,'2023-10-05 15:59:24',NULL,1671403256519078164,NULL,NULL),(5998,NULL,3,134,NULL,2,'2023-10-31 21:00:00',NULL,NULL,1,'ZD202310051559231',NULL,'2023-10-05 15:59:24',NULL,1671403256519078164,NULL,NULL),(5999,NULL,10,134,NULL,2,'2023-10-05 08:30:00',NULL,NULL,1,'ZD202310051559231',NULL,'2023-10-05 15:59:24',NULL,1671403256519078164,NULL,NULL),(6000,NULL,10,134,NULL,2,'2023-10-06 08:30:00',NULL,NULL,1,'ZD202310051559231',NULL,'2023-10-05 15:59:24',NULL,1671403256519078164,NULL,NULL),(6001,NULL,10,134,NULL,2,'2023-10-07 08:30:00',NULL,NULL,1,'ZD202310051559231',NULL,'2023-10-05 15:59:24',NULL,1671403256519078164,NULL,NULL),(6002,NULL,10,134,NULL,2,'2023-10-08 08:30:00',NULL,NULL,1,'ZD202310051559231',NULL,'2023-10-05 15:59:24',NULL,1671403256519078164,NULL,NULL),(6003,NULL,10,134,NULL,2,'2023-10-09 08:30:00',NULL,NULL,1,'ZD202310051559231',NULL,'2023-10-05 15:59:24',NULL,1671403256519078164,NULL,NULL),(6004,NULL,10,134,NULL,2,'2023-10-10 08:30:00',NULL,NULL,1,'ZD202310051559231',NULL,'2023-10-05 15:59:24',NULL,1671403256519078164,NULL,NULL),(6005,NULL,10,134,NULL,2,'2023-10-11 08:30:00',NULL,NULL,1,'ZD202310051559231',NULL,'2023-10-05 15:59:24',NULL,1671403256519078164,NULL,NULL),(6006,NULL,10,134,NULL,2,'2023-10-12 08:30:00',NULL,NULL,1,'ZD202310051559231',NULL,'2023-10-05 15:59:24',NULL,1671403256519078164,NULL,NULL),(6007,NULL,10,134,NULL,2,'2023-10-13 08:30:00',NULL,NULL,1,'ZD202310051559231',NULL,'2023-10-05 15:59:24',NULL,1671403256519078164,NULL,NULL),(6008,NULL,10,134,NULL,2,'2023-10-14 08:30:00',NULL,NULL,1,'ZD202310051559231',NULL,'2023-10-05 15:59:24',NULL,1671403256519078164,NULL,NULL),(6009,NULL,10,134,NULL,2,'2023-10-15 08:30:00',NULL,NULL,1,'ZD202310051559231',NULL,'2023-10-05 15:59:24',NULL,1671403256519078164,NULL,NULL),(6010,NULL,10,134,NULL,2,'2023-10-16 08:30:00',NULL,NULL,1,'ZD202310051559231',NULL,'2023-10-05 15:59:24',NULL,1671403256519078164,NULL,NULL),(6011,NULL,10,134,NULL,2,'2023-10-17 08:30:00',NULL,NULL,1,'ZD202310051559231',NULL,'2023-10-05 15:59:24',NULL,1671403256519078164,NULL,NULL),(6012,NULL,10,134,NULL,2,'2023-10-18 08:30:00',NULL,NULL,1,'ZD202310051559231',NULL,'2023-10-05 15:59:24',NULL,1671403256519078164,NULL,NULL),(6013,NULL,10,134,NULL,2,'2023-10-19 08:30:00',NULL,NULL,1,'ZD202310051559231',NULL,'2023-10-05 15:59:24',NULL,1671403256519078164,NULL,NULL),(6014,NULL,10,134,NULL,2,'2023-10-20 08:30:00',NULL,NULL,1,'ZD202310051559231',NULL,'2023-10-05 15:59:24',NULL,1671403256519078164,NULL,NULL),(6015,NULL,10,134,NULL,2,'2023-10-21 08:30:00',NULL,NULL,1,'ZD202310051559231',NULL,'2023-10-05 15:59:24',NULL,1671403256519078164,NULL,NULL),(6016,NULL,10,134,NULL,2,'2023-10-22 08:30:00',NULL,NULL,1,'ZD202310051559231',NULL,'2023-10-05 15:59:24',NULL,1671403256519078164,NULL,NULL),(6017,NULL,10,134,NULL,2,'2023-10-23 08:30:00',NULL,NULL,1,'ZD202310051559231',NULL,'2023-10-05 15:59:24',NULL,1671403256519078164,NULL,NULL),(6018,NULL,10,134,NULL,2,'2023-10-24 08:30:00',NULL,NULL,1,'ZD202310051559231',NULL,'2023-10-05 15:59:24',NULL,1671403256519078164,NULL,NULL),(6019,NULL,10,134,NULL,2,'2023-10-25 08:30:00',NULL,NULL,1,'ZD202310051559231',NULL,'2023-10-05 15:59:24',NULL,1671403256519078164,NULL,NULL),(6020,NULL,10,134,NULL,2,'2023-10-26 08:30:00',NULL,NULL,1,'ZD202310051559231',NULL,'2023-10-05 15:59:24',NULL,1671403256519078164,NULL,NULL),(6021,NULL,10,134,NULL,2,'2023-10-27 08:30:00',NULL,NULL,1,'ZD202310051559231',NULL,'2023-10-05 15:59:24',NULL,1671403256519078164,NULL,NULL),(6022,NULL,10,134,NULL,2,'2023-10-28 08:30:00',NULL,NULL,1,'ZD202310051559231',NULL,'2023-10-05 15:59:24',NULL,1671403256519078164,NULL,NULL),(6023,NULL,10,134,NULL,2,'2023-10-29 08:30:00',NULL,NULL,1,'ZD202310051559231',NULL,'2023-10-05 15:59:24',NULL,1671403256519078164,NULL,NULL),(6024,NULL,10,134,NULL,2,'2023-10-30 08:30:00',NULL,NULL,1,'ZD202310051559231',NULL,'2023-10-05 15:59:24',NULL,1671403256519078164,NULL,NULL),(6025,NULL,10,134,NULL,2,'2023-10-31 08:30:00',NULL,NULL,1,'ZD202310051559231',NULL,'2023-10-05 15:59:24',NULL,1671403256519078164,NULL,NULL),(6026,NULL,3,135,NULL,2,'2023-10-05 18:30:00',NULL,NULL,1,'ZD202310051559451',NULL,'2023-10-05 15:59:45',NULL,1671403256519078164,NULL,NULL),(6027,NULL,3,135,NULL,2,'2023-10-06 18:30:00',NULL,NULL,1,'ZD202310051559451',NULL,'2023-10-05 15:59:45',NULL,1671403256519078164,NULL,NULL),(6028,NULL,3,135,NULL,2,'2023-10-07 18:30:00',NULL,NULL,1,'ZD202310051559451',NULL,'2023-10-05 15:59:45',NULL,1671403256519078164,NULL,NULL),(6029,NULL,3,135,NULL,2,'2023-10-08 18:30:00',NULL,NULL,1,'ZD202310051559451',NULL,'2023-10-05 15:59:45',NULL,1671403256519078164,NULL,NULL),(6030,NULL,3,135,NULL,2,'2023-10-09 18:30:00',NULL,NULL,1,'ZD202310051559451',NULL,'2023-10-05 15:59:45',NULL,1671403256519078164,NULL,NULL),(6031,NULL,3,135,NULL,2,'2023-10-10 18:30:00',NULL,NULL,1,'ZD202310051559451',NULL,'2023-10-05 15:59:45',NULL,1671403256519078164,NULL,NULL),(6032,NULL,3,135,NULL,2,'2023-10-11 18:30:00',NULL,NULL,1,'ZD202310051559451',NULL,'2023-10-05 15:59:45',NULL,1671403256519078164,NULL,NULL),(6033,NULL,3,135,NULL,2,'2023-10-12 18:30:00',NULL,NULL,1,'ZD202310051559451',NULL,'2023-10-05 15:59:45',NULL,1671403256519078164,NULL,NULL),(6034,NULL,3,135,NULL,2,'2023-10-13 18:30:00',NULL,NULL,1,'ZD202310051559451',NULL,'2023-10-05 15:59:45',NULL,1671403256519078164,NULL,NULL),(6035,NULL,3,135,NULL,2,'2023-10-14 18:30:00',NULL,NULL,1,'ZD202310051559451',NULL,'2023-10-05 15:59:45',NULL,1671403256519078164,NULL,NULL),(6036,NULL,3,135,NULL,2,'2023-10-15 18:30:00',NULL,NULL,1,'ZD202310051559451',NULL,'2023-10-05 15:59:45',NULL,1671403256519078164,NULL,NULL),(6037,NULL,3,135,NULL,2,'2023-10-16 18:30:00',NULL,NULL,1,'ZD202310051559451',NULL,'2023-10-05 15:59:45',NULL,1671403256519078164,NULL,NULL),(6038,NULL,3,135,NULL,2,'2023-10-17 18:30:00',NULL,NULL,1,'ZD202310051559451',NULL,'2023-10-05 15:59:45',NULL,1671403256519078164,NULL,NULL),(6039,NULL,3,135,NULL,2,'2023-10-18 18:30:00',NULL,NULL,1,'ZD202310051559451',NULL,'2023-10-05 15:59:45',NULL,1671403256519078164,NULL,NULL),(6040,NULL,3,135,NULL,2,'2023-10-19 18:30:00',NULL,NULL,1,'ZD202310051559451',NULL,'2023-10-05 15:59:45',NULL,1671403256519078164,NULL,NULL),(6041,NULL,3,135,NULL,2,'2023-10-20 18:30:00',NULL,NULL,1,'ZD202310051559451',NULL,'2023-10-05 15:59:45',NULL,1671403256519078164,NULL,NULL),(6042,NULL,3,135,NULL,2,'2023-10-21 18:30:00',NULL,NULL,1,'ZD202310051559451',NULL,'2023-10-05 15:59:45',NULL,1671403256519078164,NULL,NULL),(6043,NULL,3,135,NULL,2,'2023-10-22 18:30:00',NULL,NULL,1,'ZD202310051559451',NULL,'2023-10-05 15:59:45',NULL,1671403256519078164,NULL,NULL),(6044,NULL,3,135,NULL,2,'2023-10-23 18:30:00',NULL,NULL,1,'ZD202310051559451',NULL,'2023-10-05 15:59:45',NULL,1671403256519078164,NULL,NULL),(6045,NULL,3,135,NULL,2,'2023-10-24 18:30:00',NULL,NULL,1,'ZD202310051559451',NULL,'2023-10-05 15:59:45',NULL,1671403256519078164,NULL,NULL),(6046,NULL,3,135,NULL,2,'2023-10-25 18:30:00',NULL,NULL,1,'ZD202310051559451',NULL,'2023-10-05 15:59:45',NULL,1671403256519078164,NULL,NULL),(6047,NULL,3,135,NULL,2,'2023-10-26 18:30:00',NULL,NULL,1,'ZD202310051559451',NULL,'2023-10-05 15:59:45',NULL,1671403256519078164,NULL,NULL),(6048,NULL,3,135,NULL,2,'2023-10-27 18:30:00',NULL,NULL,1,'ZD202310051559451',NULL,'2023-10-05 15:59:45',NULL,1671403256519078164,NULL,NULL),(6049,NULL,3,135,NULL,2,'2023-10-28 18:30:00',NULL,NULL,1,'ZD202310051559451',NULL,'2023-10-05 15:59:45',NULL,1671403256519078164,NULL,NULL),(6050,NULL,3,135,NULL,2,'2023-10-29 18:30:00',NULL,NULL,1,'ZD202310051559451',NULL,'2023-10-05 15:59:45',NULL,1671403256519078164,NULL,NULL),(6051,NULL,3,135,NULL,2,'2023-10-30 18:30:00',NULL,NULL,1,'ZD202310051559451',NULL,'2023-10-05 15:59:45',NULL,1671403256519078164,NULL,NULL),(6052,NULL,3,135,NULL,2,'2023-10-31 18:30:00',NULL,NULL,1,'ZD202310051559451',NULL,'2023-10-05 15:59:45',NULL,1671403256519078164,NULL,NULL),(6053,NULL,6,135,NULL,2,'2023-10-05 10:00:00',NULL,NULL,1,'ZD202310051559451',NULL,'2023-10-05 15:59:45',NULL,1671403256519078164,NULL,NULL),(6054,NULL,6,135,NULL,2,'2023-10-06 10:00:00',NULL,NULL,1,'ZD202310051559451',NULL,'2023-10-05 15:59:45',NULL,1671403256519078164,NULL,NULL),(6055,NULL,6,135,NULL,2,'2023-10-07 10:00:00',NULL,NULL,1,'ZD202310051559451',NULL,'2023-10-05 15:59:45',NULL,1671403256519078164,NULL,NULL),(6056,NULL,6,135,NULL,2,'2023-10-08 10:00:00',NULL,NULL,1,'ZD202310051559451',NULL,'2023-10-05 15:59:45',NULL,1671403256519078164,NULL,NULL),(6057,NULL,6,135,NULL,2,'2023-10-09 10:00:00',NULL,NULL,1,'ZD202310051559451',NULL,'2023-10-05 15:59:45',NULL,1671403256519078164,NULL,NULL),(6058,NULL,6,135,NULL,2,'2023-10-10 10:00:00',NULL,NULL,1,'ZD202310051559451',NULL,'2023-10-05 15:59:45',NULL,1671403256519078164,NULL,NULL),(6059,NULL,6,135,NULL,2,'2023-10-11 10:00:00',NULL,NULL,1,'ZD202310051559451',NULL,'2023-10-05 15:59:45',NULL,1671403256519078164,NULL,NULL),(6060,NULL,6,135,NULL,2,'2023-10-12 10:00:00',NULL,NULL,1,'ZD202310051559451',NULL,'2023-10-05 15:59:45',NULL,1671403256519078164,NULL,NULL),(6061,NULL,6,135,NULL,2,'2023-10-13 10:00:00',NULL,NULL,1,'ZD202310051559451',NULL,'2023-10-05 15:59:45',NULL,1671403256519078164,NULL,NULL),(6062,NULL,6,135,NULL,2,'2023-10-14 10:00:00',NULL,NULL,1,'ZD202310051559451',NULL,'2023-10-05 15:59:45',NULL,1671403256519078164,NULL,NULL),(6063,NULL,6,135,NULL,2,'2023-10-15 10:00:00',NULL,NULL,1,'ZD202310051559451',NULL,'2023-10-05 15:59:45',NULL,1671403256519078164,NULL,NULL),(6064,NULL,6,135,NULL,2,'2023-10-16 10:00:00',NULL,NULL,1,'ZD202310051559451',NULL,'2023-10-05 15:59:45',NULL,1671403256519078164,NULL,NULL),(6065,NULL,6,135,NULL,2,'2023-10-17 10:00:00',NULL,NULL,1,'ZD202310051559451',NULL,'2023-10-05 15:59:45',NULL,1671403256519078164,NULL,NULL),(6066,NULL,6,135,NULL,2,'2023-10-18 10:00:00',NULL,NULL,1,'ZD202310051559451',NULL,'2023-10-05 15:59:45',NULL,1671403256519078164,NULL,NULL),(6067,NULL,6,135,NULL,2,'2023-10-19 10:00:00',NULL,NULL,1,'ZD202310051559451',NULL,'2023-10-05 15:59:45',NULL,1671403256519078164,NULL,NULL),(6068,NULL,6,135,NULL,2,'2023-10-20 10:00:00',NULL,NULL,1,'ZD202310051559451',NULL,'2023-10-05 15:59:45',NULL,1671403256519078164,NULL,NULL),(6069,NULL,6,135,NULL,2,'2023-10-21 10:00:00',NULL,NULL,1,'ZD202310051559451',NULL,'2023-10-05 15:59:45',NULL,1671403256519078164,NULL,NULL),(6070,NULL,6,135,NULL,2,'2023-10-22 10:00:00',NULL,NULL,1,'ZD202310051559451',NULL,'2023-10-05 15:59:45',NULL,1671403256519078164,NULL,NULL),(6071,NULL,6,135,NULL,2,'2023-10-23 10:00:00',NULL,NULL,1,'ZD202310051559451',NULL,'2023-10-05 15:59:45',NULL,1671403256519078164,NULL,NULL),(6072,NULL,6,135,NULL,2,'2023-10-24 10:00:00',NULL,NULL,1,'ZD202310051559451',NULL,'2023-10-05 15:59:45',NULL,1671403256519078164,NULL,NULL),(6073,NULL,6,135,NULL,2,'2023-10-25 10:00:00',NULL,NULL,1,'ZD202310051559451',NULL,'2023-10-05 15:59:45',NULL,1671403256519078164,NULL,NULL),(6074,NULL,6,135,NULL,2,'2023-10-26 10:00:00',NULL,NULL,1,'ZD202310051559451',NULL,'2023-10-05 15:59:45',NULL,1671403256519078164,NULL,NULL),(6075,NULL,6,135,NULL,2,'2023-10-27 10:00:00',NULL,NULL,1,'ZD202310051559451',NULL,'2023-10-05 15:59:45',NULL,1671403256519078164,NULL,NULL),(6076,NULL,6,135,NULL,2,'2023-10-28 10:00:00',NULL,NULL,1,'ZD202310051559451',NULL,'2023-10-05 15:59:45',NULL,1671403256519078164,NULL,NULL),(6077,NULL,6,135,NULL,2,'2023-10-29 10:00:00',NULL,NULL,1,'ZD202310051559451',NULL,'2023-10-05 15:59:45',NULL,1671403256519078164,NULL,NULL),(6078,NULL,6,135,NULL,2,'2023-10-30 10:00:00',NULL,NULL,1,'ZD202310051559451',NULL,'2023-10-05 15:59:45',NULL,1671403256519078164,NULL,NULL),(6079,NULL,6,135,NULL,2,'2023-10-31 10:00:00',NULL,NULL,1,'ZD202310051559451',NULL,'2023-10-05 15:59:45',NULL,1671403256519078164,NULL,NULL),(6080,NULL,8,135,NULL,2,'2023-10-05 16:00:00',NULL,NULL,1,'ZD202310051559451',NULL,'2023-10-05 15:59:45',NULL,1671403256519078164,NULL,NULL),(6081,NULL,10,135,NULL,2,'2023-10-05 09:00:00',NULL,NULL,1,'ZD202310051559451',NULL,'2023-10-05 15:59:45',NULL,1671403256519078164,NULL,NULL),(6082,NULL,10,135,NULL,2,'2023-10-06 09:00:00',NULL,NULL,1,'ZD202310051559451',NULL,'2023-10-05 15:59:45',NULL,1671403256519078164,NULL,NULL),(6083,NULL,10,135,NULL,2,'2023-10-07 09:00:00',NULL,NULL,1,'ZD202310051559451',NULL,'2023-10-05 15:59:45',NULL,1671403256519078164,NULL,NULL),(6084,NULL,10,135,NULL,2,'2023-10-08 09:00:00',NULL,NULL,1,'ZD202310051559451',NULL,'2023-10-05 15:59:45',NULL,1671403256519078164,NULL,NULL),(6085,NULL,10,135,NULL,2,'2023-10-09 09:00:00',NULL,NULL,1,'ZD202310051559451',NULL,'2023-10-05 15:59:45',NULL,1671403256519078164,NULL,NULL),(6086,NULL,10,135,NULL,2,'2023-10-10 09:00:00',NULL,NULL,1,'ZD202310051559451',NULL,'2023-10-05 15:59:45',NULL,1671403256519078164,NULL,NULL),(6087,NULL,10,135,NULL,2,'2023-10-11 09:00:00',NULL,NULL,1,'ZD202310051559451',NULL,'2023-10-05 15:59:45',NULL,1671403256519078164,NULL,NULL),(6088,NULL,10,135,NULL,2,'2023-10-12 09:00:00',NULL,NULL,1,'ZD202310051559451',NULL,'2023-10-05 15:59:45',NULL,1671403256519078164,NULL,NULL),(6089,NULL,10,135,NULL,2,'2023-10-13 09:00:00',NULL,NULL,1,'ZD202310051559451',NULL,'2023-10-05 15:59:45',NULL,1671403256519078164,NULL,NULL),(6090,NULL,10,135,NULL,2,'2023-10-14 09:00:00',NULL,NULL,1,'ZD202310051559451',NULL,'2023-10-05 15:59:45',NULL,1671403256519078164,NULL,NULL),(6091,NULL,10,135,NULL,2,'2023-10-15 09:00:00',NULL,NULL,1,'ZD202310051559451',NULL,'2023-10-05 15:59:45',NULL,1671403256519078164,NULL,NULL),(6092,NULL,10,135,NULL,2,'2023-10-16 09:00:00',NULL,NULL,1,'ZD202310051559451',NULL,'2023-10-05 15:59:45',NULL,1671403256519078164,NULL,NULL),(6093,NULL,10,135,NULL,2,'2023-10-17 09:00:00',NULL,NULL,1,'ZD202310051559451',NULL,'2023-10-05 15:59:45',NULL,1671403256519078164,NULL,NULL),(6094,NULL,10,135,NULL,2,'2023-10-18 09:00:00',NULL,NULL,1,'ZD202310051559451',NULL,'2023-10-05 15:59:45',NULL,1671403256519078164,NULL,NULL),(6095,NULL,10,135,NULL,2,'2023-10-19 09:00:00',NULL,NULL,1,'ZD202310051559451',NULL,'2023-10-05 15:59:45',NULL,1671403256519078164,NULL,NULL),(6096,NULL,10,135,NULL,2,'2023-10-20 09:00:00',NULL,NULL,1,'ZD202310051559451',NULL,'2023-10-05 15:59:45',NULL,1671403256519078164,NULL,NULL),(6097,NULL,10,135,NULL,2,'2023-10-21 09:00:00',NULL,NULL,1,'ZD202310051559451',NULL,'2023-10-05 15:59:45',NULL,1671403256519078164,NULL,NULL),(6098,NULL,10,135,NULL,2,'2023-10-22 09:00:00',NULL,NULL,1,'ZD202310051559451',NULL,'2023-10-05 15:59:45',NULL,1671403256519078164,NULL,NULL),(6099,NULL,10,135,NULL,2,'2023-10-23 09:00:00',NULL,NULL,1,'ZD202310051559451',NULL,'2023-10-05 15:59:45',NULL,1671403256519078164,NULL,NULL),(6100,NULL,10,135,NULL,2,'2023-10-24 09:00:00',NULL,NULL,1,'ZD202310051559451',NULL,'2023-10-05 15:59:45',NULL,1671403256519078164,NULL,NULL),(6101,NULL,10,135,NULL,2,'2023-10-25 09:00:00',NULL,NULL,1,'ZD202310051559451',NULL,'2023-10-05 15:59:45',NULL,1671403256519078164,NULL,NULL),(6102,NULL,10,135,NULL,2,'2023-10-26 09:00:00',NULL,NULL,1,'ZD202310051559451',NULL,'2023-10-05 15:59:45',NULL,1671403256519078164,NULL,NULL),(6103,NULL,10,135,NULL,2,'2023-10-27 09:00:00',NULL,NULL,1,'ZD202310051559451',NULL,'2023-10-05 15:59:45',NULL,1671403256519078164,NULL,NULL),(6104,NULL,10,135,NULL,2,'2023-10-28 09:00:00',NULL,NULL,1,'ZD202310051559451',NULL,'2023-10-05 15:59:45',NULL,1671403256519078164,NULL,NULL),(6105,NULL,10,135,NULL,2,'2023-10-29 09:00:00',NULL,NULL,1,'ZD202310051559451',NULL,'2023-10-05 15:59:45',NULL,1671403256519078164,NULL,NULL),(6106,NULL,10,135,NULL,2,'2023-10-30 09:00:00',NULL,NULL,1,'ZD202310051559451',NULL,'2023-10-05 15:59:45',NULL,1671403256519078164,NULL,NULL),(6107,NULL,10,135,NULL,2,'2023-10-31 09:00:00',NULL,NULL,1,'ZD202310051559451',NULL,'2023-10-05 15:59:45',NULL,1671403256519078164,NULL,NULL),(6108,NULL,9,135,NULL,2,'2023-10-05 12:00:00',NULL,NULL,1,'ZD202310051559451',NULL,'2023-10-05 15:59:45',NULL,1671403256519078164,NULL,NULL),(6109,NULL,9,135,NULL,2,'2023-10-08 12:00:00',NULL,NULL,1,'ZD202310051559451',NULL,'2023-10-05 15:59:45',NULL,1671403256519078164,NULL,NULL),(6110,NULL,9,135,NULL,2,'2023-10-12 12:00:00',NULL,NULL,1,'ZD202310051559451',NULL,'2023-10-05 15:59:45',NULL,1671403256519078164,NULL,NULL),(6111,NULL,9,135,NULL,2,'2023-10-15 12:00:00',NULL,NULL,1,'ZD202310051559451',NULL,'2023-10-05 15:59:45',NULL,1671403256519078164,NULL,NULL),(6112,NULL,9,135,NULL,2,'2023-10-19 12:00:00',NULL,NULL,1,'ZD202310051559451',NULL,'2023-10-05 15:59:45',NULL,1671403256519078164,NULL,NULL),(6113,NULL,9,135,NULL,2,'2023-10-22 12:00:00',NULL,NULL,1,'ZD202310051559451',NULL,'2023-10-05 15:59:45',NULL,1671403256519078164,NULL,NULL),(6114,NULL,9,135,NULL,2,'2023-10-26 12:00:00',NULL,NULL,1,'ZD202310051559451',NULL,'2023-10-05 15:59:45',NULL,1671403256519078164,NULL,NULL),(6115,NULL,9,135,NULL,2,'2023-10-29 12:00:00',NULL,NULL,1,'ZD202310051559451',NULL,'2023-10-05 15:59:45',NULL,1671403256519078164,NULL,NULL),(6116,NULL,4,136,NULL,2,'2023-10-05 08:00:00',NULL,NULL,1,'ZD202310051600051',NULL,'2023-10-05 16:00:05',NULL,1671403256519078164,NULL,NULL),(6117,NULL,4,136,NULL,2,'2023-10-12 08:00:00',NULL,NULL,1,'ZD202310051600051',NULL,'2023-10-05 16:00:05',NULL,1671403256519078164,NULL,NULL),(6118,NULL,4,136,NULL,2,'2023-10-19 08:00:00',NULL,NULL,1,'ZD202310051600051',NULL,'2023-10-05 16:00:05',NULL,1671403256519078164,NULL,NULL),(6119,NULL,4,136,NULL,2,'2023-10-26 08:00:00',NULL,NULL,1,'ZD202310051600051',NULL,'2023-10-05 16:00:05',NULL,1671403256519078164,NULL,NULL),(6120,NULL,3,136,NULL,2,'2023-10-05 20:00:00',NULL,NULL,1,'ZD202310051600051',NULL,'2023-10-05 16:00:05',NULL,1671403256519078164,NULL,NULL),(6121,NULL,3,136,NULL,2,'2023-10-06 20:00:00',NULL,NULL,1,'ZD202310051600051',NULL,'2023-10-05 16:00:05',NULL,1671403256519078164,NULL,NULL),(6122,NULL,3,136,NULL,2,'2023-10-07 20:00:00',NULL,NULL,1,'ZD202310051600051',NULL,'2023-10-05 16:00:05',NULL,1671403256519078164,NULL,NULL),(6123,NULL,3,136,NULL,2,'2023-10-08 20:00:00',NULL,NULL,1,'ZD202310051600051',NULL,'2023-10-05 16:00:05',NULL,1671403256519078164,NULL,NULL),(6124,NULL,3,136,NULL,2,'2023-10-09 20:00:00',NULL,NULL,1,'ZD202310051600051',NULL,'2023-10-05 16:00:05',NULL,1671403256519078164,NULL,NULL),(6125,NULL,3,136,NULL,2,'2023-10-10 20:00:00',NULL,NULL,1,'ZD202310051600051',NULL,'2023-10-05 16:00:05',NULL,1671403256519078164,NULL,NULL),(6126,NULL,3,136,NULL,2,'2023-10-11 20:00:00',NULL,NULL,1,'ZD202310051600051',NULL,'2023-10-05 16:00:05',NULL,1671403256519078164,NULL,NULL),(6127,NULL,3,136,NULL,2,'2023-10-12 20:00:00',NULL,NULL,1,'ZD202310051600051',NULL,'2023-10-05 16:00:05',NULL,1671403256519078164,NULL,NULL),(6128,NULL,3,136,NULL,2,'2023-10-13 20:00:00',NULL,NULL,1,'ZD202310051600051',NULL,'2023-10-05 16:00:05',NULL,1671403256519078164,NULL,NULL),(6129,NULL,3,136,NULL,2,'2023-10-14 20:00:00',NULL,NULL,1,'ZD202310051600051',NULL,'2023-10-05 16:00:05',NULL,1671403256519078164,NULL,NULL),(6130,NULL,3,136,NULL,2,'2023-10-15 20:00:00',NULL,NULL,1,'ZD202310051600051',NULL,'2023-10-05 16:00:05',NULL,1671403256519078164,NULL,NULL),(6131,NULL,3,136,NULL,2,'2023-10-16 20:00:00',NULL,NULL,1,'ZD202310051600051',NULL,'2023-10-05 16:00:05',NULL,1671403256519078164,NULL,NULL),(6132,NULL,3,136,NULL,2,'2023-10-17 20:00:00',NULL,NULL,1,'ZD202310051600051',NULL,'2023-10-05 16:00:05',NULL,1671403256519078164,NULL,NULL),(6133,NULL,3,136,NULL,2,'2023-10-18 20:00:00',NULL,NULL,1,'ZD202310051600051',NULL,'2023-10-05 16:00:05',NULL,1671403256519078164,NULL,NULL),(6134,NULL,3,136,NULL,2,'2023-10-19 20:00:00',NULL,NULL,1,'ZD202310051600051',NULL,'2023-10-05 16:00:05',NULL,1671403256519078164,NULL,NULL),(6135,NULL,3,136,NULL,2,'2023-10-20 20:00:00',NULL,NULL,1,'ZD202310051600051',NULL,'2023-10-05 16:00:05',NULL,1671403256519078164,NULL,NULL),(6136,NULL,3,136,NULL,2,'2023-10-21 20:00:00',NULL,NULL,1,'ZD202310051600051',NULL,'2023-10-05 16:00:05',NULL,1671403256519078164,NULL,NULL),(6137,NULL,3,136,NULL,2,'2023-10-22 20:00:00',NULL,NULL,1,'ZD202310051600051',NULL,'2023-10-05 16:00:05',NULL,1671403256519078164,NULL,NULL),(6138,NULL,3,136,NULL,2,'2023-10-23 20:00:00',NULL,NULL,1,'ZD202310051600051',NULL,'2023-10-05 16:00:05',NULL,1671403256519078164,NULL,NULL),(6139,NULL,3,136,NULL,2,'2023-10-24 20:00:00',NULL,NULL,1,'ZD202310051600051',NULL,'2023-10-05 16:00:05',NULL,1671403256519078164,NULL,NULL),(6140,NULL,3,136,NULL,2,'2023-10-25 20:00:00',NULL,NULL,1,'ZD202310051600051',NULL,'2023-10-05 16:00:05',NULL,1671403256519078164,NULL,NULL),(6141,NULL,3,136,NULL,2,'2023-10-26 20:00:00',NULL,NULL,1,'ZD202310051600051',NULL,'2023-10-05 16:00:05',NULL,1671403256519078164,NULL,NULL),(6142,NULL,3,136,NULL,2,'2023-10-27 20:00:00',NULL,NULL,1,'ZD202310051600051',NULL,'2023-10-05 16:00:05',NULL,1671403256519078164,NULL,NULL),(6143,NULL,3,136,NULL,2,'2023-10-28 20:00:00',NULL,NULL,1,'ZD202310051600051',NULL,'2023-10-05 16:00:05',NULL,1671403256519078164,NULL,NULL),(6144,NULL,3,136,NULL,2,'2023-10-29 20:00:00',NULL,NULL,1,'ZD202310051600051',NULL,'2023-10-05 16:00:05',NULL,1671403256519078164,NULL,NULL),(6145,NULL,3,136,NULL,2,'2023-10-30 20:00:00',NULL,NULL,1,'ZD202310051600051',NULL,'2023-10-05 16:00:05',NULL,1671403256519078164,NULL,NULL),(6146,NULL,3,136,NULL,2,'2023-10-31 20:00:00',NULL,NULL,1,'ZD202310051600051',NULL,'2023-10-05 16:00:05',NULL,1671403256519078164,NULL,NULL),(6147,NULL,9,136,NULL,2,'2023-10-05 17:00:00',NULL,NULL,1,'ZD202310051600051',NULL,'2023-10-05 16:00:05',NULL,1671403256519078164,NULL,NULL),(6148,NULL,9,136,NULL,2,'2023-10-12 17:00:00',NULL,NULL,1,'ZD202310051600051',NULL,'2023-10-05 16:00:05',NULL,1671403256519078164,NULL,NULL),(6149,NULL,9,136,NULL,2,'2023-10-19 17:00:00',NULL,NULL,1,'ZD202310051600051',NULL,'2023-10-05 16:00:05',NULL,1671403256519078164,NULL,NULL),(6150,NULL,9,136,NULL,2,'2023-10-26 17:00:00',NULL,NULL,1,'ZD202310051600051',NULL,'2023-10-05 16:00:05',NULL,1671403256519078164,NULL,NULL),(6151,NULL,3,137,NULL,2,'2023-10-05 18:30:00',NULL,NULL,1,'ZD202310051600201',NULL,'2023-10-05 16:00:21',NULL,1671403256519078164,NULL,NULL),(6152,NULL,3,137,NULL,2,'2023-10-06 18:30:00',NULL,NULL,1,'ZD202310051600201',NULL,'2023-10-05 16:00:21',NULL,1671403256519078164,NULL,NULL),(6153,NULL,3,137,NULL,2,'2023-10-07 18:30:00',NULL,NULL,1,'ZD202310051600201',NULL,'2023-10-05 16:00:21',NULL,1671403256519078164,NULL,NULL),(6154,NULL,3,137,NULL,2,'2023-10-08 18:30:00',NULL,NULL,1,'ZD202310051600201',NULL,'2023-10-05 16:00:21',NULL,1671403256519078164,NULL,NULL),(6155,NULL,3,137,NULL,2,'2023-10-09 18:30:00',NULL,NULL,1,'ZD202310051600201',NULL,'2023-10-05 16:00:21',NULL,1671403256519078164,NULL,NULL),(6156,NULL,3,137,NULL,2,'2023-10-10 18:30:00',NULL,NULL,1,'ZD202310051600201',NULL,'2023-10-05 16:00:21',NULL,1671403256519078164,NULL,NULL),(6157,NULL,3,137,NULL,2,'2023-10-11 18:30:00',NULL,NULL,1,'ZD202310051600201',NULL,'2023-10-05 16:00:21',NULL,1671403256519078164,NULL,NULL),(6158,NULL,3,137,NULL,2,'2023-10-12 18:30:00',NULL,NULL,1,'ZD202310051600201',NULL,'2023-10-05 16:00:21',NULL,1671403256519078164,NULL,NULL),(6159,NULL,3,137,NULL,2,'2023-10-13 18:30:00',NULL,NULL,1,'ZD202310051600201',NULL,'2023-10-05 16:00:21',NULL,1671403256519078164,NULL,NULL),(6160,NULL,3,137,NULL,2,'2023-10-14 18:30:00',NULL,NULL,1,'ZD202310051600201',NULL,'2023-10-05 16:00:21',NULL,1671403256519078164,NULL,NULL),(6161,NULL,3,137,NULL,2,'2023-10-15 18:30:00',NULL,NULL,1,'ZD202310051600201',NULL,'2023-10-05 16:00:21',NULL,1671403256519078164,NULL,NULL),(6162,NULL,3,137,NULL,2,'2023-10-16 18:30:00',NULL,NULL,1,'ZD202310051600201',NULL,'2023-10-05 16:00:21',NULL,1671403256519078164,NULL,NULL),(6163,NULL,3,137,NULL,2,'2023-10-17 18:30:00',NULL,NULL,1,'ZD202310051600201',NULL,'2023-10-05 16:00:21',NULL,1671403256519078164,NULL,NULL),(6164,NULL,3,137,NULL,2,'2023-10-18 18:30:00',NULL,NULL,1,'ZD202310051600201',NULL,'2023-10-05 16:00:21',NULL,1671403256519078164,NULL,NULL),(6165,NULL,3,137,NULL,2,'2023-10-19 18:30:00',NULL,NULL,1,'ZD202310051600201',NULL,'2023-10-05 16:00:21',NULL,1671403256519078164,NULL,NULL),(6166,NULL,3,137,NULL,2,'2023-10-20 18:30:00',NULL,NULL,1,'ZD202310051600201',NULL,'2023-10-05 16:00:21',NULL,1671403256519078164,NULL,NULL),(6167,NULL,3,137,NULL,2,'2023-10-21 18:30:00',NULL,NULL,1,'ZD202310051600201',NULL,'2023-10-05 16:00:21',NULL,1671403256519078164,NULL,NULL),(6168,NULL,3,137,NULL,2,'2023-10-22 18:30:00',NULL,NULL,1,'ZD202310051600201',NULL,'2023-10-05 16:00:21',NULL,1671403256519078164,NULL,NULL),(6169,NULL,3,137,NULL,2,'2023-10-23 18:30:00',NULL,NULL,1,'ZD202310051600201',NULL,'2023-10-05 16:00:21',NULL,1671403256519078164,NULL,NULL),(6170,NULL,3,137,NULL,2,'2023-10-24 18:30:00',NULL,NULL,1,'ZD202310051600201',NULL,'2023-10-05 16:00:21',NULL,1671403256519078164,NULL,NULL),(6171,NULL,3,137,NULL,2,'2023-10-25 18:30:00',NULL,NULL,1,'ZD202310051600201',NULL,'2023-10-05 16:00:21',NULL,1671403256519078164,NULL,NULL),(6172,NULL,3,137,NULL,2,'2023-10-26 18:30:00',NULL,NULL,1,'ZD202310051600201',NULL,'2023-10-05 16:00:21',NULL,1671403256519078164,NULL,NULL),(6173,NULL,3,137,NULL,2,'2023-10-27 18:30:00',NULL,NULL,1,'ZD202310051600201',NULL,'2023-10-05 16:00:21',NULL,1671403256519078164,NULL,NULL),(6174,NULL,3,137,NULL,2,'2023-10-28 18:30:00',NULL,NULL,1,'ZD202310051600201',NULL,'2023-10-05 16:00:21',NULL,1671403256519078164,NULL,NULL),(6175,NULL,3,137,NULL,2,'2023-10-29 18:30:00',NULL,NULL,1,'ZD202310051600201',NULL,'2023-10-05 16:00:21',NULL,1671403256519078164,NULL,NULL),(6176,NULL,3,137,NULL,2,'2023-10-30 18:30:00',NULL,NULL,1,'ZD202310051600201',NULL,'2023-10-05 16:00:21',NULL,1671403256519078164,NULL,NULL),(6177,NULL,3,137,NULL,2,'2023-10-31 18:30:00',NULL,NULL,1,'ZD202310051600201',NULL,'2023-10-05 16:00:21',NULL,1671403256519078164,NULL,NULL),(6178,NULL,6,137,NULL,2,'2023-10-05 10:00:00',NULL,NULL,1,'ZD202310051600201',NULL,'2023-10-05 16:00:21',NULL,1671403256519078164,NULL,NULL),(6179,NULL,6,137,NULL,2,'2023-10-06 10:00:00',NULL,NULL,1,'ZD202310051600201',NULL,'2023-10-05 16:00:21',NULL,1671403256519078164,NULL,NULL),(6180,NULL,6,137,NULL,2,'2023-10-07 10:00:00',NULL,NULL,1,'ZD202310051600201',NULL,'2023-10-05 16:00:21',NULL,1671403256519078164,NULL,NULL),(6181,NULL,6,137,NULL,2,'2023-10-08 10:00:00',NULL,NULL,1,'ZD202310051600201',NULL,'2023-10-05 16:00:21',NULL,1671403256519078164,NULL,NULL),(6182,NULL,6,137,NULL,2,'2023-10-09 10:00:00',NULL,NULL,1,'ZD202310051600201',NULL,'2023-10-05 16:00:21',NULL,1671403256519078164,NULL,NULL),(6183,NULL,6,137,NULL,2,'2023-10-10 10:00:00',NULL,NULL,1,'ZD202310051600201',NULL,'2023-10-05 16:00:21',NULL,1671403256519078164,NULL,NULL),(6184,NULL,6,137,NULL,2,'2023-10-11 10:00:00',NULL,NULL,1,'ZD202310051600201',NULL,'2023-10-05 16:00:21',NULL,1671403256519078164,NULL,NULL),(6185,NULL,6,137,NULL,2,'2023-10-12 10:00:00',NULL,NULL,1,'ZD202310051600201',NULL,'2023-10-05 16:00:21',NULL,1671403256519078164,NULL,NULL),(6186,NULL,6,137,NULL,2,'2023-10-13 10:00:00',NULL,NULL,1,'ZD202310051600201',NULL,'2023-10-05 16:00:21',NULL,1671403256519078164,NULL,NULL),(6187,NULL,6,137,NULL,2,'2023-10-14 10:00:00',NULL,NULL,1,'ZD202310051600201',NULL,'2023-10-05 16:00:21',NULL,1671403256519078164,NULL,NULL),(6188,NULL,6,137,NULL,2,'2023-10-15 10:00:00',NULL,NULL,1,'ZD202310051600201',NULL,'2023-10-05 16:00:21',NULL,1671403256519078164,NULL,NULL),(6189,NULL,6,137,NULL,2,'2023-10-16 10:00:00',NULL,NULL,1,'ZD202310051600201',NULL,'2023-10-05 16:00:21',NULL,1671403256519078164,NULL,NULL),(6190,NULL,6,137,NULL,2,'2023-10-17 10:00:00',NULL,NULL,1,'ZD202310051600201',NULL,'2023-10-05 16:00:21',NULL,1671403256519078164,NULL,NULL),(6191,NULL,6,137,NULL,2,'2023-10-18 10:00:00',NULL,NULL,1,'ZD202310051600201',NULL,'2023-10-05 16:00:21',NULL,1671403256519078164,NULL,NULL),(6192,NULL,6,137,NULL,2,'2023-10-19 10:00:00',NULL,NULL,1,'ZD202310051600201',NULL,'2023-10-05 16:00:21',NULL,1671403256519078164,NULL,NULL),(6193,NULL,6,137,NULL,2,'2023-10-20 10:00:00',NULL,NULL,1,'ZD202310051600201',NULL,'2023-10-05 16:00:21',NULL,1671403256519078164,NULL,NULL),(6194,NULL,6,137,NULL,2,'2023-10-21 10:00:00',NULL,NULL,1,'ZD202310051600201',NULL,'2023-10-05 16:00:21',NULL,1671403256519078164,NULL,NULL),(6195,NULL,6,137,NULL,2,'2023-10-22 10:00:00',NULL,NULL,1,'ZD202310051600201',NULL,'2023-10-05 16:00:21',NULL,1671403256519078164,NULL,NULL),(6196,NULL,6,137,NULL,2,'2023-10-23 10:00:00',NULL,NULL,1,'ZD202310051600201',NULL,'2023-10-05 16:00:21',NULL,1671403256519078164,NULL,NULL),(6197,NULL,6,137,NULL,2,'2023-10-24 10:00:00',NULL,NULL,1,'ZD202310051600201',NULL,'2023-10-05 16:00:21',NULL,1671403256519078164,NULL,NULL),(6198,NULL,6,137,NULL,2,'2023-10-25 10:00:00',NULL,NULL,1,'ZD202310051600201',NULL,'2023-10-05 16:00:21',NULL,1671403256519078164,NULL,NULL),(6199,NULL,6,137,NULL,2,'2023-10-26 10:00:00',NULL,NULL,1,'ZD202310051600201',NULL,'2023-10-05 16:00:21',NULL,1671403256519078164,NULL,NULL),(6200,NULL,6,137,NULL,2,'2023-10-27 10:00:00',NULL,NULL,1,'ZD202310051600201',NULL,'2023-10-05 16:00:21',NULL,1671403256519078164,NULL,NULL),(6201,NULL,6,137,NULL,2,'2023-10-28 10:00:00',NULL,NULL,1,'ZD202310051600201',NULL,'2023-10-05 16:00:21',NULL,1671403256519078164,NULL,NULL),(6202,NULL,6,137,NULL,2,'2023-10-29 10:00:00',NULL,NULL,1,'ZD202310051600201',NULL,'2023-10-05 16:00:21',NULL,1671403256519078164,NULL,NULL),(6203,NULL,6,137,NULL,2,'2023-10-30 10:00:00',NULL,NULL,1,'ZD202310051600201',NULL,'2023-10-05 16:00:21',NULL,1671403256519078164,NULL,NULL),(6204,NULL,6,137,NULL,2,'2023-10-31 10:00:00',NULL,NULL,1,'ZD202310051600201',NULL,'2023-10-05 16:00:21',NULL,1671403256519078164,NULL,NULL),(6205,NULL,8,137,NULL,2,'2023-10-05 16:00:00',NULL,NULL,1,'ZD202310051600201',NULL,'2023-10-05 16:00:21',NULL,1671403256519078164,NULL,NULL),(6206,NULL,10,137,NULL,2,'2023-10-05 09:00:00',NULL,NULL,1,'ZD202310051600201',NULL,'2023-10-05 16:00:21',NULL,1671403256519078164,NULL,NULL),(6207,NULL,10,137,NULL,2,'2023-10-06 09:00:00',NULL,NULL,1,'ZD202310051600201',NULL,'2023-10-05 16:00:21',NULL,1671403256519078164,NULL,NULL),(6208,NULL,10,137,NULL,2,'2023-10-07 09:00:00',NULL,NULL,1,'ZD202310051600201',NULL,'2023-10-05 16:00:21',NULL,1671403256519078164,NULL,NULL),(6209,NULL,10,137,NULL,2,'2023-10-08 09:00:00',NULL,NULL,1,'ZD202310051600201',NULL,'2023-10-05 16:00:21',NULL,1671403256519078164,NULL,NULL),(6210,NULL,10,137,NULL,2,'2023-10-09 09:00:00',NULL,NULL,1,'ZD202310051600201',NULL,'2023-10-05 16:00:21',NULL,1671403256519078164,NULL,NULL),(6211,NULL,10,137,NULL,2,'2023-10-10 09:00:00',NULL,NULL,1,'ZD202310051600201',NULL,'2023-10-05 16:00:21',NULL,1671403256519078164,NULL,NULL),(6212,NULL,10,137,NULL,2,'2023-10-11 09:00:00',NULL,NULL,1,'ZD202310051600201',NULL,'2023-10-05 16:00:21',NULL,1671403256519078164,NULL,NULL),(6213,NULL,10,137,NULL,2,'2023-10-12 09:00:00',NULL,NULL,1,'ZD202310051600201',NULL,'2023-10-05 16:00:21',NULL,1671403256519078164,NULL,NULL),(6214,NULL,10,137,NULL,2,'2023-10-13 09:00:00',NULL,NULL,1,'ZD202310051600201',NULL,'2023-10-05 16:00:21',NULL,1671403256519078164,NULL,NULL),(6215,NULL,10,137,NULL,2,'2023-10-14 09:00:00',NULL,NULL,1,'ZD202310051600201',NULL,'2023-10-05 16:00:21',NULL,1671403256519078164,NULL,NULL),(6216,NULL,10,137,NULL,2,'2023-10-15 09:00:00',NULL,NULL,1,'ZD202310051600201',NULL,'2023-10-05 16:00:21',NULL,1671403256519078164,NULL,NULL),(6217,NULL,10,137,NULL,2,'2023-10-16 09:00:00',NULL,NULL,1,'ZD202310051600201',NULL,'2023-10-05 16:00:21',NULL,1671403256519078164,NULL,NULL),(6218,NULL,10,137,NULL,2,'2023-10-17 09:00:00',NULL,NULL,1,'ZD202310051600201',NULL,'2023-10-05 16:00:21',NULL,1671403256519078164,NULL,NULL),(6219,NULL,10,137,NULL,2,'2023-10-18 09:00:00',NULL,NULL,1,'ZD202310051600201',NULL,'2023-10-05 16:00:21',NULL,1671403256519078164,NULL,NULL),(6220,NULL,10,137,NULL,2,'2023-10-19 09:00:00',NULL,NULL,1,'ZD202310051600201',NULL,'2023-10-05 16:00:21',NULL,1671403256519078164,NULL,NULL),(6221,NULL,10,137,NULL,2,'2023-10-20 09:00:00',NULL,NULL,1,'ZD202310051600201',NULL,'2023-10-05 16:00:21',NULL,1671403256519078164,NULL,NULL),(6222,NULL,10,137,NULL,2,'2023-10-21 09:00:00',NULL,NULL,1,'ZD202310051600201',NULL,'2023-10-05 16:00:21',NULL,1671403256519078164,NULL,NULL),(6223,NULL,10,137,NULL,2,'2023-10-22 09:00:00',NULL,NULL,1,'ZD202310051600201',NULL,'2023-10-05 16:00:21',NULL,1671403256519078164,NULL,NULL),(6224,NULL,10,137,NULL,2,'2023-10-23 09:00:00',NULL,NULL,1,'ZD202310051600201',NULL,'2023-10-05 16:00:21',NULL,1671403256519078164,NULL,NULL),(6225,NULL,10,137,NULL,2,'2023-10-24 09:00:00',NULL,NULL,1,'ZD202310051600201',NULL,'2023-10-05 16:00:21',NULL,1671403256519078164,NULL,NULL),(6226,NULL,10,137,NULL,2,'2023-10-25 09:00:00',NULL,NULL,1,'ZD202310051600201',NULL,'2023-10-05 16:00:21',NULL,1671403256519078164,NULL,NULL),(6227,NULL,10,137,NULL,2,'2023-10-26 09:00:00',NULL,NULL,1,'ZD202310051600201',NULL,'2023-10-05 16:00:21',NULL,1671403256519078164,NULL,NULL),(6228,NULL,10,137,NULL,2,'2023-10-27 09:00:00',NULL,NULL,1,'ZD202310051600201',NULL,'2023-10-05 16:00:21',NULL,1671403256519078164,NULL,NULL),(6229,NULL,10,137,NULL,2,'2023-10-28 09:00:00',NULL,NULL,1,'ZD202310051600201',NULL,'2023-10-05 16:00:21',NULL,1671403256519078164,NULL,NULL),(6230,NULL,10,137,NULL,2,'2023-10-29 09:00:00',NULL,NULL,1,'ZD202310051600201',NULL,'2023-10-05 16:00:21',NULL,1671403256519078164,NULL,NULL),(6231,NULL,10,137,NULL,2,'2023-10-30 09:00:00',NULL,NULL,1,'ZD202310051600201',NULL,'2023-10-05 16:00:21',NULL,1671403256519078164,NULL,NULL),(6232,NULL,10,137,NULL,2,'2023-10-31 09:00:00',NULL,NULL,1,'ZD202310051600201',NULL,'2023-10-05 16:00:21',NULL,1671403256519078164,NULL,NULL),(6233,NULL,9,137,NULL,2,'2023-10-05 12:00:00',NULL,NULL,1,'ZD202310051600201',NULL,'2023-10-05 16:00:21',NULL,1671403256519078164,NULL,NULL),(6234,NULL,9,137,NULL,2,'2023-10-08 12:00:00',NULL,NULL,1,'ZD202310051600201',NULL,'2023-10-05 16:00:21',NULL,1671403256519078164,NULL,NULL),(6235,NULL,9,137,NULL,2,'2023-10-12 12:00:00',NULL,NULL,1,'ZD202310051600201',NULL,'2023-10-05 16:00:21',NULL,1671403256519078164,NULL,NULL),(6236,NULL,9,137,NULL,2,'2023-10-15 12:00:00',NULL,NULL,1,'ZD202310051600201',NULL,'2023-10-05 16:00:21',NULL,1671403256519078164,NULL,NULL),(6237,NULL,9,137,NULL,2,'2023-10-19 12:00:00',NULL,NULL,1,'ZD202310051600201',NULL,'2023-10-05 16:00:21',NULL,1671403256519078164,NULL,NULL),(6238,NULL,9,137,NULL,2,'2023-10-22 12:00:00',NULL,NULL,1,'ZD202310051600201',NULL,'2023-10-05 16:00:21',NULL,1671403256519078164,NULL,NULL),(6239,NULL,9,137,NULL,2,'2023-10-26 12:00:00',NULL,NULL,1,'ZD202310051600201',NULL,'2023-10-05 16:00:21',NULL,1671403256519078164,NULL,NULL),(6240,NULL,9,137,NULL,2,'2023-10-29 12:00:00',NULL,NULL,1,'ZD202310051600201',NULL,'2023-10-05 16:00:21',NULL,1671403256519078164,NULL,NULL),(6355,NULL,4,140,NULL,2,'2023-10-13 08:00:00',NULL,NULL,1,'ZD202310131040271',NULL,'2023-10-13 10:40:27','2023-10-13 10:40:27',1671403256519078164,NULL,NULL),(6356,NULL,4,140,NULL,2,'2023-10-20 08:00:00',NULL,NULL,1,'ZD202310131040271',NULL,'2023-10-13 10:40:27','2023-10-13 10:40:27',1671403256519078164,NULL,NULL),(6357,NULL,4,140,NULL,2,'2023-10-27 08:00:00',NULL,NULL,1,'ZD202310131040271',NULL,'2023-10-13 10:40:27','2023-10-13 10:40:27',1671403256519078164,NULL,NULL),(6358,NULL,3,140,NULL,2,'2023-10-13 20:00:00',NULL,NULL,1,'ZD202310131040271',NULL,'2023-10-13 10:40:27','2023-10-13 10:40:27',1671403256519078164,NULL,NULL),(6359,NULL,3,140,NULL,2,'2023-10-14 20:00:00',NULL,NULL,1,'ZD202310131040271',NULL,'2023-10-13 10:40:27','2023-10-13 10:40:27',1671403256519078164,NULL,NULL),(6360,NULL,3,140,NULL,2,'2023-10-15 20:00:00',NULL,NULL,1,'ZD202310131040271',NULL,'2023-10-13 10:40:27','2023-10-13 10:40:27',1671403256519078164,NULL,NULL),(6361,NULL,3,140,NULL,2,'2023-10-16 20:00:00',NULL,NULL,1,'ZD202310131040271',NULL,'2023-10-13 10:40:27','2023-10-13 10:40:27',1671403256519078164,NULL,NULL),(6362,NULL,3,140,NULL,2,'2023-10-17 20:00:00',NULL,NULL,1,'ZD202310131040271',NULL,'2023-10-13 10:40:27','2023-10-13 10:40:27',1671403256519078164,NULL,NULL),(6363,NULL,3,140,NULL,2,'2023-10-18 20:00:00',NULL,NULL,1,'ZD202310131040271',NULL,'2023-10-13 10:40:27','2023-10-13 10:40:27',1671403256519078164,NULL,NULL),(6364,NULL,3,140,NULL,2,'2023-10-19 20:00:00',NULL,NULL,1,'ZD202310131040271',NULL,'2023-10-13 10:40:27','2023-10-13 10:40:27',1671403256519078164,NULL,NULL),(6365,NULL,3,140,NULL,2,'2023-10-20 20:00:00',NULL,NULL,1,'ZD202310131040271',NULL,'2023-10-13 10:40:27','2023-10-13 10:40:27',1671403256519078164,NULL,NULL),(6366,NULL,3,140,NULL,2,'2023-10-21 20:00:00',NULL,NULL,1,'ZD202310131040271',NULL,'2023-10-13 10:40:27','2023-10-13 10:40:27',1671403256519078164,NULL,NULL),(6367,NULL,3,140,NULL,2,'2023-10-22 20:00:00',NULL,NULL,1,'ZD202310131040271',NULL,'2023-10-13 10:40:27','2023-10-13 10:40:27',1671403256519078164,NULL,NULL),(6368,NULL,3,140,NULL,2,'2023-10-23 20:00:00',NULL,NULL,1,'ZD202310131040271',NULL,'2023-10-13 10:40:27','2023-10-13 10:40:27',1671403256519078164,NULL,NULL),(6369,NULL,3,140,NULL,2,'2023-10-24 20:00:00',NULL,NULL,1,'ZD202310131040271',NULL,'2023-10-13 10:40:27','2023-10-13 10:40:27',1671403256519078164,NULL,NULL),(6370,NULL,3,140,NULL,2,'2023-10-25 20:00:00',NULL,NULL,1,'ZD202310131040271',NULL,'2023-10-13 10:40:27','2023-10-13 10:40:27',1671403256519078164,NULL,NULL),(6371,NULL,3,140,NULL,2,'2023-10-26 20:00:00',NULL,NULL,1,'ZD202310131040271',NULL,'2023-10-13 10:40:27','2023-10-13 10:40:27',1671403256519078164,NULL,NULL),(6372,NULL,3,140,NULL,2,'2023-10-27 20:00:00',NULL,NULL,1,'ZD202310131040271',NULL,'2023-10-13 10:40:27','2023-10-13 10:40:27',1671403256519078164,NULL,NULL),(6373,NULL,3,140,NULL,2,'2023-10-28 20:00:00',NULL,NULL,1,'ZD202310131040271',NULL,'2023-10-13 10:40:27','2023-10-13 10:40:27',1671403256519078164,NULL,NULL),(6374,NULL,3,140,NULL,2,'2023-10-29 20:00:00',NULL,NULL,1,'ZD202310131040271',NULL,'2023-10-13 10:40:27','2023-10-13 10:40:27',1671403256519078164,NULL,NULL),(6375,NULL,3,140,NULL,2,'2023-10-30 20:00:00',NULL,NULL,1,'ZD202310131040271',NULL,'2023-10-13 10:40:27','2023-10-13 10:40:27',1671403256519078164,NULL,NULL),(6376,NULL,3,140,NULL,2,'2023-10-31 20:00:00',NULL,NULL,1,'ZD202310131040271',NULL,'2023-10-13 10:40:27','2023-10-13 10:40:27',1671403256519078164,NULL,NULL),(6377,NULL,9,140,NULL,2,'2023-10-13 17:00:00',NULL,NULL,1,'ZD202310131040271',NULL,'2023-10-13 10:40:27','2023-10-13 10:40:27',1671403256519078164,NULL,NULL),(6378,NULL,9,140,NULL,2,'2023-10-20 17:00:00',NULL,NULL,1,'ZD202310131040271',NULL,'2023-10-13 10:40:27','2023-10-13 10:40:27',1671403256519078164,NULL,NULL),(6379,NULL,9,140,NULL,2,'2023-10-27 17:00:00',NULL,NULL,1,'ZD202310131040271',NULL,'2023-10-13 10:40:27','2023-10-13 10:40:27',1671403256519078164,NULL,NULL),(6380,NULL,3,139,NULL,2,'2023-10-13 18:30:00',NULL,NULL,1,'ZD202310131040381',NULL,'2023-10-13 10:40:38','2023-10-13 10:40:38',1671403256519078164,NULL,NULL),(6381,NULL,3,139,NULL,2,'2023-10-14 18:30:00',NULL,NULL,1,'ZD202310131040381',NULL,'2023-10-13 10:40:38','2023-10-13 10:40:38',1671403256519078164,NULL,NULL),(6382,NULL,3,139,NULL,2,'2023-10-15 18:30:00',NULL,NULL,1,'ZD202310131040381',NULL,'2023-10-13 10:40:38','2023-10-13 10:40:38',1671403256519078164,NULL,NULL),(6383,NULL,3,139,NULL,2,'2023-10-16 18:30:00',NULL,NULL,1,'ZD202310131040381',NULL,'2023-10-13 10:40:38','2023-10-13 10:40:38',1671403256519078164,NULL,NULL),(6384,NULL,3,139,NULL,2,'2023-10-17 18:30:00',NULL,NULL,1,'ZD202310131040381',NULL,'2023-10-13 10:40:38','2023-10-13 10:40:38',1671403256519078164,NULL,NULL),(6385,NULL,3,139,NULL,2,'2023-10-18 18:30:00',NULL,NULL,1,'ZD202310131040381',NULL,'2023-10-13 10:40:38','2023-10-13 10:40:38',1671403256519078164,NULL,NULL),(6386,NULL,3,139,NULL,2,'2023-10-19 18:30:00',NULL,NULL,1,'ZD202310131040381',NULL,'2023-10-13 10:40:38','2023-10-13 10:40:38',1671403256519078164,NULL,NULL),(6387,NULL,3,139,NULL,2,'2023-10-20 18:30:00',NULL,NULL,1,'ZD202310131040381',NULL,'2023-10-13 10:40:38','2023-10-13 10:40:38',1671403256519078164,NULL,NULL),(6388,NULL,3,139,NULL,2,'2023-10-21 18:30:00',NULL,NULL,1,'ZD202310131040381',NULL,'2023-10-13 10:40:38','2023-10-13 10:40:38',1671403256519078164,NULL,NULL),(6389,NULL,3,139,NULL,2,'2023-10-22 18:30:00',NULL,NULL,1,'ZD202310131040381',NULL,'2023-10-13 10:40:38','2023-10-13 10:40:38',1671403256519078164,NULL,NULL),(6390,NULL,3,139,NULL,2,'2023-10-23 18:30:00',NULL,NULL,1,'ZD202310131040381',NULL,'2023-10-13 10:40:38','2023-10-13 10:40:38',1671403256519078164,NULL,NULL),(6391,NULL,3,139,NULL,2,'2023-10-24 18:30:00',NULL,NULL,1,'ZD202310131040381',NULL,'2023-10-13 10:40:38','2023-10-13 10:40:38',1671403256519078164,NULL,NULL),(6392,NULL,3,139,NULL,2,'2023-10-25 18:30:00',NULL,NULL,1,'ZD202310131040381',NULL,'2023-10-13 10:40:38','2023-10-13 10:40:38',1671403256519078164,NULL,NULL),(6393,NULL,3,139,NULL,2,'2023-10-26 18:30:00',NULL,NULL,1,'ZD202310131040381',NULL,'2023-10-13 10:40:38','2023-10-13 10:40:38',1671403256519078164,NULL,NULL),(6394,NULL,3,139,NULL,2,'2023-10-27 18:30:00',NULL,NULL,1,'ZD202310131040381',NULL,'2023-10-13 10:40:38','2023-10-13 10:40:38',1671403256519078164,NULL,NULL),(6395,NULL,3,139,NULL,2,'2023-10-28 18:30:00',NULL,NULL,1,'ZD202310131040381',NULL,'2023-10-13 10:40:38','2023-10-13 10:40:38',1671403256519078164,NULL,NULL),(6396,NULL,3,139,NULL,2,'2023-10-29 18:30:00',NULL,NULL,1,'ZD202310131040381',NULL,'2023-10-13 10:40:38','2023-10-13 10:40:38',1671403256519078164,NULL,NULL),(6397,NULL,3,139,NULL,2,'2023-10-30 18:30:00',NULL,NULL,1,'ZD202310131040381',NULL,'2023-10-13 10:40:38','2023-10-13 10:40:38',1671403256519078164,NULL,NULL),(6398,NULL,3,139,NULL,2,'2023-10-31 18:30:00',NULL,NULL,1,'ZD202310131040381',NULL,'2023-10-13 10:40:38','2023-10-13 10:40:38',1671403256519078164,NULL,NULL),(6399,NULL,6,139,NULL,2,'2023-10-13 10:00:00',NULL,NULL,1,'ZD202310131040381',NULL,'2023-10-13 10:40:38','2023-10-13 10:40:38',1671403256519078164,NULL,NULL),(6400,NULL,6,139,NULL,2,'2023-10-14 10:00:00',NULL,NULL,1,'ZD202310131040381',NULL,'2023-10-13 10:40:38','2023-10-13 10:40:38',1671403256519078164,NULL,NULL),(6401,NULL,6,139,NULL,2,'2023-10-15 10:00:00',NULL,NULL,1,'ZD202310131040381',NULL,'2023-10-13 10:40:38','2023-10-13 10:40:38',1671403256519078164,NULL,NULL),(6402,NULL,6,139,NULL,2,'2023-10-16 10:00:00',NULL,NULL,1,'ZD202310131040381',NULL,'2023-10-13 10:40:38','2023-10-13 10:40:38',1671403256519078164,NULL,NULL),(6403,NULL,6,139,NULL,2,'2023-10-17 10:00:00',NULL,NULL,1,'ZD202310131040381',NULL,'2023-10-13 10:40:38','2023-10-13 10:40:38',1671403256519078164,NULL,NULL),(6404,NULL,6,139,NULL,2,'2023-10-18 10:00:00',NULL,NULL,1,'ZD202310131040381',NULL,'2023-10-13 10:40:38','2023-10-13 10:40:38',1671403256519078164,NULL,NULL),(6405,NULL,6,139,NULL,2,'2023-10-19 10:00:00',NULL,NULL,1,'ZD202310131040381',NULL,'2023-10-13 10:40:38','2023-10-13 10:40:38',1671403256519078164,NULL,NULL),(6406,NULL,6,139,NULL,2,'2023-10-20 10:00:00',NULL,NULL,1,'ZD202310131040381',NULL,'2023-10-13 10:40:38','2023-10-13 10:40:38',1671403256519078164,NULL,NULL),(6407,NULL,6,139,NULL,2,'2023-10-21 10:00:00',NULL,NULL,1,'ZD202310131040381',NULL,'2023-10-13 10:40:38','2023-10-13 10:40:38',1671403256519078164,NULL,NULL),(6408,NULL,6,139,NULL,2,'2023-10-22 10:00:00',NULL,NULL,1,'ZD202310131040381',NULL,'2023-10-13 10:40:38','2023-10-13 10:40:38',1671403256519078164,NULL,NULL),(6409,NULL,6,139,NULL,2,'2023-10-23 10:00:00',NULL,NULL,1,'ZD202310131040381',NULL,'2023-10-13 10:40:38','2023-10-13 10:40:38',1671403256519078164,NULL,NULL),(6410,NULL,6,139,NULL,2,'2023-10-24 10:00:00',NULL,NULL,1,'ZD202310131040381',NULL,'2023-10-13 10:40:38','2023-10-13 10:40:38',1671403256519078164,NULL,NULL),(6411,NULL,6,139,NULL,2,'2023-10-25 10:00:00',NULL,NULL,1,'ZD202310131040381',NULL,'2023-10-13 10:40:38','2023-10-13 10:40:38',1671403256519078164,NULL,NULL),(6412,NULL,6,139,NULL,2,'2023-10-26 10:00:00',NULL,NULL,1,'ZD202310131040381',NULL,'2023-10-13 10:40:38','2023-10-13 10:40:38',1671403256519078164,NULL,NULL),(6413,NULL,6,139,NULL,2,'2023-10-27 10:00:00',NULL,NULL,1,'ZD202310131040381',NULL,'2023-10-13 10:40:38','2023-10-13 10:40:38',1671403256519078164,NULL,NULL),(6414,NULL,6,139,NULL,2,'2023-10-28 10:00:00',NULL,NULL,1,'ZD202310131040381',NULL,'2023-10-13 10:40:38','2023-10-13 10:40:38',1671403256519078164,NULL,NULL),(6415,NULL,6,139,NULL,2,'2023-10-29 10:00:00',NULL,NULL,1,'ZD202310131040381',NULL,'2023-10-13 10:40:38','2023-10-13 10:40:38',1671403256519078164,NULL,NULL),(6416,NULL,6,139,NULL,2,'2023-10-30 10:00:00',NULL,NULL,1,'ZD202310131040381',NULL,'2023-10-13 10:40:38','2023-10-13 10:40:38',1671403256519078164,NULL,NULL),(6417,NULL,6,139,NULL,2,'2023-10-31 10:00:00',NULL,NULL,1,'ZD202310131040381',NULL,'2023-10-13 10:40:38','2023-10-13 10:40:38',1671403256519078164,NULL,NULL),(6418,NULL,8,139,NULL,2,'2023-10-13 16:00:00',NULL,NULL,1,'ZD202310131040381',NULL,'2023-10-13 10:40:38','2023-10-13 10:40:38',1671403256519078164,NULL,NULL),(6419,NULL,10,139,NULL,2,'2023-10-13 09:00:00',NULL,NULL,1,'ZD202310131040381',NULL,'2023-10-13 10:40:38','2023-10-13 10:40:38',1671403256519078164,NULL,NULL),(6420,NULL,10,139,NULL,2,'2023-10-14 09:00:00',NULL,NULL,1,'ZD202310131040381',NULL,'2023-10-13 10:40:38','2023-10-13 10:40:38',1671403256519078164,NULL,NULL),(6421,NULL,10,139,NULL,2,'2023-10-15 09:00:00',NULL,NULL,1,'ZD202310131040381',NULL,'2023-10-13 10:40:38','2023-10-13 10:40:38',1671403256519078164,NULL,NULL),(6422,NULL,10,139,NULL,2,'2023-10-16 09:00:00',NULL,NULL,1,'ZD202310131040381',NULL,'2023-10-13 10:40:38','2023-10-13 10:40:38',1671403256519078164,NULL,NULL),(6423,NULL,10,139,NULL,2,'2023-10-17 09:00:00',NULL,NULL,1,'ZD202310131040381',NULL,'2023-10-13 10:40:38','2023-10-13 10:40:38',1671403256519078164,NULL,NULL),(6424,NULL,10,139,NULL,2,'2023-10-18 09:00:00',NULL,NULL,1,'ZD202310131040381',NULL,'2023-10-13 10:40:38','2023-10-13 10:40:38',1671403256519078164,NULL,NULL),(6425,NULL,10,139,NULL,2,'2023-10-19 09:00:00',NULL,NULL,1,'ZD202310131040381',NULL,'2023-10-13 10:40:38','2023-10-13 10:40:38',1671403256519078164,NULL,NULL),(6426,NULL,10,139,NULL,2,'2023-10-20 09:00:00',NULL,NULL,1,'ZD202310131040381',NULL,'2023-10-13 10:40:38','2023-10-13 10:40:38',1671403256519078164,NULL,NULL),(6427,NULL,10,139,NULL,2,'2023-10-21 09:00:00',NULL,NULL,1,'ZD202310131040381',NULL,'2023-10-13 10:40:38','2023-10-13 10:40:38',1671403256519078164,NULL,NULL),(6428,NULL,10,139,NULL,2,'2023-10-22 09:00:00',NULL,NULL,1,'ZD202310131040381',NULL,'2023-10-13 10:40:38','2023-10-13 10:40:38',1671403256519078164,NULL,NULL),(6429,NULL,10,139,NULL,2,'2023-10-23 09:00:00',NULL,NULL,1,'ZD202310131040381',NULL,'2023-10-13 10:40:38','2023-10-13 10:40:38',1671403256519078164,NULL,NULL),(6430,NULL,10,139,NULL,2,'2023-10-24 09:00:00',NULL,NULL,1,'ZD202310131040381',NULL,'2023-10-13 10:40:38','2023-10-13 10:40:38',1671403256519078164,NULL,NULL),(6431,NULL,10,139,NULL,2,'2023-10-25 09:00:00',NULL,NULL,1,'ZD202310131040381',NULL,'2023-10-13 10:40:38','2023-10-13 10:40:38',1671403256519078164,NULL,NULL),(6432,NULL,10,139,NULL,2,'2023-10-26 09:00:00',NULL,NULL,1,'ZD202310131040381',NULL,'2023-10-13 10:40:38','2023-10-13 10:40:38',1671403256519078164,NULL,NULL),(6433,NULL,10,139,NULL,2,'2023-10-27 09:00:00',NULL,NULL,1,'ZD202310131040381',NULL,'2023-10-13 10:40:38','2023-10-13 10:40:38',1671403256519078164,NULL,NULL),(6434,NULL,10,139,NULL,2,'2023-10-28 09:00:00',NULL,NULL,1,'ZD202310131040381',NULL,'2023-10-13 10:40:38','2023-10-13 10:40:38',1671403256519078164,NULL,NULL),(6435,NULL,10,139,NULL,2,'2023-10-29 09:00:00',NULL,NULL,1,'ZD202310131040381',NULL,'2023-10-13 10:40:38','2023-10-13 10:40:38',1671403256519078164,NULL,NULL),(6436,NULL,10,139,NULL,2,'2023-10-30 09:00:00',NULL,NULL,1,'ZD202310131040381',NULL,'2023-10-13 10:40:38','2023-10-13 10:40:38',1671403256519078164,NULL,NULL),(6437,NULL,10,139,NULL,2,'2023-10-31 09:00:00',NULL,NULL,1,'ZD202310131040381',NULL,'2023-10-13 10:40:38','2023-10-13 10:40:38',1671403256519078164,NULL,NULL),(6438,NULL,9,139,NULL,2,'2023-10-13 12:00:00',NULL,NULL,1,'ZD202310131040381',NULL,'2023-10-13 10:40:38','2023-10-13 10:40:38',1671403256519078164,NULL,NULL),(6439,NULL,9,139,NULL,2,'2023-10-16 12:00:00',NULL,NULL,1,'ZD202310131040381',NULL,'2023-10-13 10:40:38','2023-10-13 10:40:38',1671403256519078164,NULL,NULL),(6440,NULL,9,139,NULL,2,'2023-10-20 12:00:00',NULL,NULL,1,'ZD202310131040381',NULL,'2023-10-13 10:40:38','2023-10-13 10:40:38',1671403256519078164,NULL,NULL),(6441,NULL,9,139,NULL,2,'2023-10-23 12:00:00',NULL,NULL,1,'ZD202310131040381',NULL,'2023-10-13 10:40:38','2023-10-13 10:40:38',1671403256519078164,NULL,NULL),(6442,NULL,9,139,NULL,2,'2023-10-27 12:00:00',NULL,NULL,1,'ZD202310131040381',NULL,'2023-10-13 10:40:38','2023-10-13 10:40:38',1671403256519078164,NULL,NULL),(6443,NULL,9,139,NULL,2,'2023-10-30 12:00:00',NULL,NULL,1,'ZD202310131040381',NULL,'2023-10-13 10:40:38','2023-10-13 10:40:38',1671403256519078164,NULL,NULL),(6444,NULL,4,143,NULL,2,'2023-10-20 08:00:00',NULL,NULL,1,'ZD202310202322111',NULL,'2023-10-20 23:22:12','2023-10-20 23:22:12',1671403256519078164,NULL,NULL),(6445,NULL,4,143,NULL,2,'2023-10-27 08:00:00',NULL,NULL,1,'ZD202310202322111',NULL,'2023-10-20 23:22:12','2023-10-20 23:22:12',1671403256519078164,NULL,NULL),(6446,NULL,3,143,NULL,2,'2023-10-20 20:00:00',NULL,NULL,1,'ZD202310202322111',NULL,'2023-10-20 23:22:12','2023-10-20 23:22:12',1671403256519078164,NULL,NULL),(6447,NULL,3,143,NULL,2,'2023-10-21 20:00:00',NULL,NULL,1,'ZD202310202322111',NULL,'2023-10-20 23:22:12','2023-10-20 23:22:12',1671403256519078164,NULL,NULL),(6448,NULL,3,143,NULL,2,'2023-10-22 20:00:00',NULL,NULL,1,'ZD202310202322111',NULL,'2023-10-20 23:22:12','2023-10-20 23:22:12',1671403256519078164,NULL,NULL),(6449,NULL,3,143,NULL,2,'2023-10-23 20:00:00',NULL,NULL,1,'ZD202310202322111',NULL,'2023-10-20 23:22:12','2023-10-20 23:22:12',1671403256519078164,NULL,NULL),(6450,NULL,3,143,NULL,2,'2023-10-24 20:00:00',NULL,NULL,1,'ZD202310202322111',NULL,'2023-10-20 23:22:12','2023-10-20 23:22:12',1671403256519078164,NULL,NULL),(6451,NULL,3,143,NULL,2,'2023-10-25 20:00:00',NULL,NULL,1,'ZD202310202322111',NULL,'2023-10-20 23:22:12','2023-10-20 23:22:12',1671403256519078164,NULL,NULL),(6452,NULL,3,143,NULL,2,'2023-10-26 20:00:00',NULL,NULL,1,'ZD202310202322111',NULL,'2023-10-20 23:22:12','2023-10-20 23:22:12',1671403256519078164,NULL,NULL),(6453,NULL,3,143,NULL,2,'2023-10-27 20:00:00',NULL,NULL,1,'ZD202310202322111',NULL,'2023-10-20 23:22:12','2023-10-20 23:22:12',1671403256519078164,NULL,NULL),(6454,NULL,3,143,NULL,2,'2023-10-28 20:00:00',NULL,NULL,1,'ZD202310202322111',NULL,'2023-10-20 23:22:12','2023-10-20 23:22:12',1671403256519078164,NULL,NULL),(6455,NULL,3,143,NULL,2,'2023-10-29 20:00:00',NULL,NULL,1,'ZD202310202322111',NULL,'2023-10-20 23:22:12','2023-10-20 23:22:12',1671403256519078164,NULL,NULL),(6456,NULL,3,143,NULL,2,'2023-10-30 20:00:00',NULL,NULL,1,'ZD202310202322111',NULL,'2023-10-20 23:22:12','2023-10-20 23:22:12',1671403256519078164,NULL,NULL),(6457,NULL,3,143,NULL,2,'2023-10-31 20:00:00',NULL,NULL,1,'ZD202310202322111',NULL,'2023-10-20 23:22:12','2023-10-20 23:22:12',1671403256519078164,NULL,NULL),(6458,NULL,9,143,NULL,2,'2023-10-20 17:00:00',NULL,NULL,1,'ZD202310202322111',NULL,'2023-10-20 23:22:12','2023-10-20 23:22:12',1671403256519078164,NULL,NULL),(6459,NULL,9,143,NULL,2,'2023-10-27 17:00:00',NULL,NULL,1,'ZD202310202322111',NULL,'2023-10-20 23:22:12','2023-10-20 23:22:12',1671403256519078164,NULL,NULL),(6460,NULL,3,29,NULL,2,'2023-11-12 18:30:00',NULL,NULL,1,'ZD202311120001041',NULL,'2023-11-12 00:01:05','2023-11-12 00:01:05',1671403256519078164,NULL,NULL),(6461,NULL,3,29,NULL,2,'2023-11-13 18:30:00',NULL,NULL,1,'ZD202311120001041',NULL,'2023-11-12 00:01:05','2023-11-12 00:01:05',1671403256519078164,NULL,NULL),(6462,NULL,3,29,NULL,2,'2023-11-14 18:30:00',NULL,NULL,1,'ZD202311120001041',NULL,'2023-11-12 00:01:05','2023-11-12 00:01:05',1671403256519078164,NULL,NULL),(6463,NULL,3,29,NULL,2,'2023-11-15 18:30:00',NULL,NULL,1,'ZD202311120001041',NULL,'2023-11-12 00:01:05','2023-11-12 00:01:05',1671403256519078164,NULL,NULL),(6464,NULL,3,29,NULL,2,'2023-11-16 18:30:00',NULL,NULL,1,'ZD202311120001041',NULL,'2023-11-12 00:01:05','2023-11-12 00:01:05',1671403256519078164,NULL,NULL),(6465,NULL,3,29,NULL,2,'2023-11-17 18:30:00',NULL,NULL,1,'ZD202311120001041',NULL,'2023-11-12 00:01:05','2023-11-12 00:01:05',1671403256519078164,NULL,NULL),(6466,NULL,3,29,NULL,2,'2023-11-18 18:30:00',NULL,NULL,1,'ZD202311120001041',NULL,'2023-11-12 00:01:05','2023-11-12 00:01:05',1671403256519078164,NULL,NULL),(6467,NULL,3,29,NULL,2,'2023-11-19 18:30:00',NULL,NULL,1,'ZD202311120001041',NULL,'2023-11-12 00:01:05','2023-11-12 00:01:05',1671403256519078164,NULL,NULL),(6468,NULL,3,29,NULL,2,'2023-11-20 18:30:00',NULL,NULL,1,'ZD202311120001041',NULL,'2023-11-12 00:01:05','2023-11-12 00:01:05',1671403256519078164,NULL,NULL),(6469,NULL,3,29,NULL,2,'2023-11-21 18:30:00',NULL,NULL,1,'ZD202311120001041',NULL,'2023-11-12 00:01:05','2023-11-12 00:01:05',1671403256519078164,NULL,NULL),(6470,NULL,3,29,NULL,2,'2023-11-22 18:30:00',NULL,NULL,1,'ZD202311120001041',NULL,'2023-11-12 00:01:05','2023-11-12 00:01:05',1671403256519078164,NULL,NULL),(6471,NULL,3,29,NULL,2,'2023-11-23 18:30:00',NULL,NULL,1,'ZD202311120001041',NULL,'2023-11-12 00:01:05','2023-11-12 00:01:05',1671403256519078164,NULL,NULL),(6472,NULL,3,29,NULL,2,'2023-11-24 18:30:00',NULL,NULL,1,'ZD202311120001041',NULL,'2023-11-12 00:01:05','2023-11-12 00:01:05',1671403256519078164,NULL,NULL),(6473,NULL,3,29,NULL,2,'2023-11-25 18:30:00',NULL,NULL,1,'ZD202311120001041',NULL,'2023-11-12 00:01:05','2023-11-12 00:01:05',1671403256519078164,NULL,NULL),(6474,NULL,3,29,NULL,2,'2023-11-26 18:30:00',NULL,NULL,1,'ZD202311120001041',NULL,'2023-11-12 00:01:05','2023-11-12 00:01:05',1671403256519078164,NULL,NULL),(6475,NULL,3,29,NULL,2,'2023-11-27 18:30:00',NULL,NULL,1,'ZD202311120001041',NULL,'2023-11-12 00:01:05','2023-11-12 00:01:05',1671403256519078164,NULL,NULL),(6476,NULL,3,29,NULL,2,'2023-11-28 18:30:00',NULL,NULL,1,'ZD202311120001041',NULL,'2023-11-12 00:01:05','2023-11-12 00:01:05',1671403256519078164,NULL,NULL),(6477,NULL,3,29,NULL,2,'2023-11-29 18:30:00',NULL,NULL,1,'ZD202311120001041',NULL,'2023-11-12 00:01:05','2023-11-12 00:01:05',1671403256519078164,NULL,NULL),(6478,NULL,3,29,NULL,2,'2023-11-30 18:30:00',NULL,NULL,1,'ZD202311120001041',NULL,'2023-11-12 00:01:05','2023-11-12 00:01:05',1671403256519078164,NULL,NULL),(6479,NULL,6,29,NULL,2,'2023-11-12 10:00:00',NULL,NULL,1,'ZD202311120001041',NULL,'2023-11-12 00:01:05','2023-11-12 00:01:05',1671403256519078164,NULL,NULL),(6480,NULL,6,29,NULL,2,'2023-11-13 10:00:00',NULL,NULL,1,'ZD202311120001041',NULL,'2023-11-12 00:01:05','2023-11-12 00:01:05',1671403256519078164,NULL,NULL),(6481,NULL,6,29,NULL,2,'2023-11-14 10:00:00',NULL,NULL,1,'ZD202311120001041',NULL,'2023-11-12 00:01:05','2023-11-12 00:01:05',1671403256519078164,NULL,NULL),(6482,NULL,6,29,NULL,2,'2023-11-15 10:00:00',NULL,NULL,1,'ZD202311120001041',NULL,'2023-11-12 00:01:05','2023-11-12 00:01:05',1671403256519078164,NULL,NULL),(6483,NULL,6,29,NULL,2,'2023-11-16 10:00:00',NULL,NULL,1,'ZD202311120001041',NULL,'2023-11-12 00:01:05','2023-11-12 00:01:05',1671403256519078164,NULL,NULL),(6484,NULL,6,29,NULL,2,'2023-11-17 10:00:00',NULL,NULL,1,'ZD202311120001041',NULL,'2023-11-12 00:01:05','2023-11-12 00:01:05',1671403256519078164,NULL,NULL),(6485,NULL,6,29,NULL,2,'2023-11-18 10:00:00',NULL,NULL,1,'ZD202311120001041',NULL,'2023-11-12 00:01:05','2023-11-12 00:01:05',1671403256519078164,NULL,NULL),(6486,NULL,6,29,NULL,2,'2023-11-19 10:00:00',NULL,NULL,1,'ZD202311120001041',NULL,'2023-11-12 00:01:05','2023-11-12 00:01:05',1671403256519078164,NULL,NULL),(6487,NULL,6,29,NULL,2,'2023-11-20 10:00:00',NULL,NULL,1,'ZD202311120001041',NULL,'2023-11-12 00:01:05','2023-11-12 00:01:05',1671403256519078164,NULL,NULL),(6488,NULL,6,29,NULL,2,'2023-11-21 10:00:00',NULL,NULL,1,'ZD202311120001041',NULL,'2023-11-12 00:01:05','2023-11-12 00:01:05',1671403256519078164,NULL,NULL),(6489,NULL,6,29,NULL,2,'2023-11-22 10:00:00',NULL,NULL,1,'ZD202311120001041',NULL,'2023-11-12 00:01:05','2023-11-12 00:01:05',1671403256519078164,NULL,NULL),(6490,NULL,6,29,NULL,2,'2023-11-23 10:00:00',NULL,NULL,1,'ZD202311120001041',NULL,'2023-11-12 00:01:05','2023-11-12 00:01:05',1671403256519078164,NULL,NULL),(6491,NULL,6,29,NULL,2,'2023-11-24 10:00:00',NULL,NULL,1,'ZD202311120001041',NULL,'2023-11-12 00:01:05','2023-11-12 00:01:05',1671403256519078164,NULL,NULL),(6492,NULL,6,29,NULL,2,'2023-11-25 10:00:00',NULL,NULL,1,'ZD202311120001041',NULL,'2023-11-12 00:01:05','2023-11-12 00:01:05',1671403256519078164,NULL,NULL),(6493,NULL,6,29,NULL,2,'2023-11-26 10:00:00',NULL,NULL,1,'ZD202311120001041',NULL,'2023-11-12 00:01:05','2023-11-12 00:01:05',1671403256519078164,NULL,NULL),(6494,NULL,6,29,NULL,2,'2023-11-27 10:00:00',NULL,NULL,1,'ZD202311120001041',NULL,'2023-11-12 00:01:05','2023-11-12 00:01:05',1671403256519078164,NULL,NULL),(6495,NULL,6,29,NULL,2,'2023-11-28 10:00:00',NULL,NULL,1,'ZD202311120001041',NULL,'2023-11-12 00:01:05','2023-11-12 00:01:05',1671403256519078164,NULL,NULL),(6496,NULL,6,29,NULL,2,'2023-11-29 10:00:00',NULL,NULL,1,'ZD202311120001041',NULL,'2023-11-12 00:01:05','2023-11-12 00:01:05',1671403256519078164,NULL,NULL),(6497,NULL,6,29,NULL,2,'2023-11-30 10:00:00',NULL,NULL,1,'ZD202311120001041',NULL,'2023-11-12 00:01:05','2023-11-12 00:01:05',1671403256519078164,NULL,NULL),(6498,NULL,8,29,NULL,2,'2023-11-12 16:00:00',NULL,NULL,1,'ZD202311120001041',NULL,'2023-11-12 00:01:05','2023-11-12 00:01:05',1671403256519078164,NULL,NULL),(6499,NULL,10,29,NULL,2,'2023-11-12 09:00:00',NULL,NULL,1,'ZD202311120001041',NULL,'2023-11-12 00:01:05','2023-11-12 00:01:05',1671403256519078164,NULL,NULL),(6500,NULL,10,29,NULL,2,'2023-11-13 09:00:00',NULL,NULL,1,'ZD202311120001041',NULL,'2023-11-12 00:01:05','2023-11-12 00:01:05',1671403256519078164,NULL,NULL),(6501,NULL,10,29,NULL,2,'2023-11-14 09:00:00',NULL,NULL,1,'ZD202311120001041',NULL,'2023-11-12 00:01:05','2023-11-12 00:01:05',1671403256519078164,NULL,NULL),(6502,NULL,10,29,NULL,2,'2023-11-15 09:00:00',NULL,NULL,1,'ZD202311120001041',NULL,'2023-11-12 00:01:05','2023-11-12 00:01:05',1671403256519078164,NULL,NULL),(6503,NULL,10,29,NULL,2,'2023-11-16 09:00:00',NULL,NULL,1,'ZD202311120001041',NULL,'2023-11-12 00:01:05','2023-11-12 00:01:05',1671403256519078164,NULL,NULL),(6504,NULL,10,29,NULL,2,'2023-11-17 09:00:00',NULL,NULL,1,'ZD202311120001041',NULL,'2023-11-12 00:01:05','2023-11-12 00:01:05',1671403256519078164,NULL,NULL),(6505,NULL,10,29,NULL,2,'2023-11-18 09:00:00',NULL,NULL,1,'ZD202311120001041',NULL,'2023-11-12 00:01:05','2023-11-12 00:01:05',1671403256519078164,NULL,NULL),(6506,NULL,10,29,NULL,2,'2023-11-19 09:00:00',NULL,NULL,1,'ZD202311120001041',NULL,'2023-11-12 00:01:05','2023-11-12 00:01:05',1671403256519078164,NULL,NULL),(6507,NULL,10,29,NULL,2,'2023-11-20 09:00:00',NULL,NULL,1,'ZD202311120001041',NULL,'2023-11-12 00:01:05','2023-11-12 00:01:05',1671403256519078164,NULL,NULL),(6508,NULL,10,29,NULL,2,'2023-11-21 09:00:00',NULL,NULL,1,'ZD202311120001041',NULL,'2023-11-12 00:01:05','2023-11-12 00:01:05',1671403256519078164,NULL,NULL),(6509,NULL,10,29,NULL,2,'2023-11-22 09:00:00',NULL,NULL,1,'ZD202311120001041',NULL,'2023-11-12 00:01:05','2023-11-12 00:01:05',1671403256519078164,NULL,NULL),(6510,NULL,10,29,NULL,2,'2023-11-23 09:00:00',NULL,NULL,1,'ZD202311120001041',NULL,'2023-11-12 00:01:05','2023-11-12 00:01:05',1671403256519078164,NULL,NULL),(6511,NULL,10,29,NULL,2,'2023-11-24 09:00:00',NULL,NULL,1,'ZD202311120001041',NULL,'2023-11-12 00:01:05','2023-11-12 00:01:05',1671403256519078164,NULL,NULL),(6512,NULL,10,29,NULL,2,'2023-11-25 09:00:00',NULL,NULL,1,'ZD202311120001041',NULL,'2023-11-12 00:01:05','2023-11-12 00:01:05',1671403256519078164,NULL,NULL),(6513,NULL,10,29,NULL,2,'2023-11-26 09:00:00',NULL,NULL,1,'ZD202311120001041',NULL,'2023-11-12 00:01:05','2023-11-12 00:01:05',1671403256519078164,NULL,NULL),(6514,NULL,10,29,NULL,2,'2023-11-27 09:00:00',NULL,NULL,1,'ZD202311120001041',NULL,'2023-11-12 00:01:05','2023-11-12 00:01:05',1671403256519078164,NULL,NULL),(6515,NULL,10,29,NULL,2,'2023-11-28 09:00:00',NULL,NULL,1,'ZD202311120001041',NULL,'2023-11-12 00:01:05','2023-11-12 00:01:05',1671403256519078164,NULL,NULL),(6516,NULL,10,29,NULL,2,'2023-11-29 09:00:00',NULL,NULL,1,'ZD202311120001041',NULL,'2023-11-12 00:01:05','2023-11-12 00:01:05',1671403256519078164,NULL,NULL),(6517,NULL,10,29,NULL,2,'2023-11-30 09:00:00',NULL,NULL,1,'ZD202311120001041',NULL,'2023-11-12 00:01:05','2023-11-12 00:01:05',1671403256519078164,NULL,NULL),(6518,NULL,9,29,NULL,2,'2023-11-12 12:00:00',NULL,NULL,1,'ZD202311120001041',NULL,'2023-11-12 00:01:05','2023-11-12 00:01:05',1671403256519078164,NULL,NULL),(6519,NULL,9,29,NULL,2,'2023-11-15 12:00:00',NULL,NULL,1,'ZD202311120001041',NULL,'2023-11-12 00:01:05','2023-11-12 00:01:05',1671403256519078164,NULL,NULL),(6520,NULL,9,29,NULL,2,'2023-11-19 12:00:00',NULL,NULL,1,'ZD202311120001041',NULL,'2023-11-12 00:01:05','2023-11-12 00:01:05',1671403256519078164,NULL,NULL),(6521,NULL,9,29,NULL,2,'2023-11-22 12:00:00',NULL,NULL,1,'ZD202311120001041',NULL,'2023-11-12 00:01:05','2023-11-12 00:01:05',1671403256519078164,NULL,NULL),(6522,NULL,9,29,NULL,2,'2023-11-26 12:00:00',NULL,NULL,1,'ZD202311120001041',NULL,'2023-11-12 00:01:05','2023-11-12 00:01:05',1671403256519078164,NULL,NULL),(6523,NULL,9,29,NULL,2,'2023-11-29 12:00:00',NULL,NULL,1,'ZD202311120001041',NULL,'2023-11-12 00:01:05','2023-11-12 00:01:05',1671403256519078164,NULL,NULL),(6524,NULL,1,31,NULL,2,'2023-11-12 08:00:00',NULL,NULL,1,'ZD202311121547291',NULL,'2023-11-12 15:47:30','2023-11-12 15:47:30',1671403256519078164,NULL,NULL),(6525,NULL,1,31,NULL,2,'2023-11-19 08:00:00',NULL,NULL,1,'ZD202311121547291',NULL,'2023-11-12 15:47:30','2023-11-12 15:47:30',1671403256519078164,NULL,NULL),(6526,NULL,1,31,NULL,2,'2023-11-26 08:00:00',NULL,NULL,1,'ZD202311121547291',NULL,'2023-11-12 15:47:30','2023-11-12 15:47:30',1671403256519078164,NULL,NULL),(6527,NULL,6,31,NULL,2,'2023-11-12 09:00:00',NULL,NULL,1,'ZD202311121547291',NULL,'2023-11-12 15:47:30','2023-11-12 15:47:30',1671403256519078164,NULL,NULL),(6528,NULL,6,31,NULL,2,'2023-11-13 09:00:00',NULL,NULL,1,'ZD202311121547291',NULL,'2023-11-12 15:47:30','2023-11-12 15:47:30',1671403256519078164,NULL,NULL),(6529,NULL,6,31,NULL,2,'2023-11-14 09:00:00',NULL,NULL,1,'ZD202311121547291',NULL,'2023-11-12 15:47:30','2023-11-12 15:47:30',1671403256519078164,NULL,NULL),(6530,NULL,6,31,NULL,2,'2023-11-15 09:00:00',NULL,NULL,1,'ZD202311121547291',NULL,'2023-11-12 15:47:30','2023-11-12 15:47:30',1671403256519078164,NULL,NULL),(6531,NULL,6,31,NULL,2,'2023-11-16 09:00:00',NULL,NULL,1,'ZD202311121547291',NULL,'2023-11-12 15:47:30','2023-11-12 15:47:30',1671403256519078164,NULL,NULL),(6532,NULL,6,31,NULL,2,'2023-11-17 09:00:00',NULL,NULL,1,'ZD202311121547291',NULL,'2023-11-12 15:47:30','2023-11-12 15:47:30',1671403256519078164,NULL,NULL),(6533,NULL,6,31,NULL,2,'2023-11-18 09:00:00',NULL,NULL,1,'ZD202311121547291',NULL,'2023-11-12 15:47:30','2023-11-12 15:47:30',1671403256519078164,NULL,NULL),(6534,NULL,6,31,NULL,2,'2023-11-19 09:00:00',NULL,NULL,1,'ZD202311121547291',NULL,'2023-11-12 15:47:30','2023-11-12 15:47:30',1671403256519078164,NULL,NULL),(6535,NULL,6,31,NULL,2,'2023-11-20 09:00:00',NULL,NULL,1,'ZD202311121547291',NULL,'2023-11-12 15:47:30','2023-11-12 15:47:30',1671403256519078164,NULL,NULL),(6536,NULL,6,31,NULL,2,'2023-11-21 09:00:00',NULL,NULL,1,'ZD202311121547291',NULL,'2023-11-12 15:47:30','2023-11-12 15:47:30',1671403256519078164,NULL,NULL),(6537,NULL,6,31,NULL,2,'2023-11-22 09:00:00',NULL,NULL,1,'ZD202311121547291',NULL,'2023-11-12 15:47:30','2023-11-12 15:47:30',1671403256519078164,NULL,NULL),(6538,NULL,6,31,NULL,2,'2023-11-23 09:00:00',NULL,NULL,1,'ZD202311121547291',NULL,'2023-11-12 15:47:30','2023-11-12 15:47:30',1671403256519078164,NULL,NULL),(6539,NULL,6,31,NULL,2,'2023-11-24 09:00:00',NULL,NULL,1,'ZD202311121547291',NULL,'2023-11-12 15:47:30','2023-11-12 15:47:30',1671403256519078164,NULL,NULL),(6540,NULL,6,31,NULL,2,'2023-11-25 09:00:00',NULL,NULL,1,'ZD202311121547291',NULL,'2023-11-12 15:47:30','2023-11-12 15:47:30',1671403256519078164,NULL,NULL),(6541,NULL,6,31,NULL,2,'2023-11-26 09:00:00',NULL,NULL,1,'ZD202311121547291',NULL,'2023-11-12 15:47:30','2023-11-12 15:47:30',1671403256519078164,NULL,NULL),(6542,NULL,6,31,NULL,2,'2023-11-27 09:00:00',NULL,NULL,1,'ZD202311121547291',NULL,'2023-11-12 15:47:30','2023-11-12 15:47:30',1671403256519078164,NULL,NULL),(6543,NULL,6,31,NULL,2,'2023-11-28 09:00:00',NULL,NULL,1,'ZD202311121547291',NULL,'2023-11-12 15:47:30','2023-11-12 15:47:30',1671403256519078164,NULL,NULL),(6544,NULL,6,31,NULL,2,'2023-11-29 09:00:00',NULL,NULL,1,'ZD202311121547291',NULL,'2023-11-12 15:47:30','2023-11-12 15:47:30',1671403256519078164,NULL,NULL),(6545,NULL,6,31,NULL,2,'2023-11-30 09:00:00',NULL,NULL,1,'ZD202311121547291',NULL,'2023-11-12 15:47:30','2023-11-12 15:47:30',1671403256519078164,NULL,NULL),(6546,NULL,8,31,NULL,2,'2023-11-12 15:00:00',NULL,NULL,1,'ZD202311121547291',NULL,'2023-11-12 15:47:30','2023-11-12 15:47:30',1671403256519078164,NULL,NULL),(6547,NULL,8,31,NULL,2,'2023-11-19 15:00:00',NULL,NULL,1,'ZD202311121547291',NULL,'2023-11-12 15:47:30','2023-11-12 15:47:30',1671403256519078164,NULL,NULL),(6548,NULL,8,31,NULL,2,'2023-11-26 15:00:00',NULL,NULL,1,'ZD202311121547291',NULL,'2023-11-12 15:47:30','2023-11-12 15:47:30',1671403256519078164,NULL,NULL),(6549,NULL,9,31,NULL,2,'2023-11-12 17:00:00',NULL,NULL,1,'ZD202311121547291',NULL,'2023-11-12 15:47:30','2023-11-12 15:47:30',1671403256519078164,NULL,NULL),(6550,NULL,9,31,NULL,2,'2023-11-15 17:00:00',NULL,NULL,1,'ZD202311121547291',NULL,'2023-11-12 15:47:30','2023-11-12 15:47:30',1671403256519078164,NULL,NULL),(6551,NULL,9,31,NULL,2,'2023-11-19 17:00:00',NULL,NULL,1,'ZD202311121547291',NULL,'2023-11-12 15:47:30','2023-11-12 15:47:30',1671403256519078164,NULL,NULL),(6552,NULL,9,31,NULL,2,'2023-11-22 17:00:00',NULL,NULL,1,'ZD202311121547291',NULL,'2023-11-12 15:47:30','2023-11-12 15:47:30',1671403256519078164,NULL,NULL),(6553,NULL,9,31,NULL,2,'2023-11-26 17:00:00',NULL,NULL,1,'ZD202311121547291',NULL,'2023-11-12 15:47:30','2023-11-12 15:47:30',1671403256519078164,NULL,NULL),(6554,NULL,9,31,NULL,2,'2023-11-29 17:00:00',NULL,NULL,1,'ZD202311121547291',NULL,'2023-11-12 15:47:30','2023-11-12 15:47:30',1671403256519078164,NULL,NULL),(6555,NULL,12,31,NULL,2,'2023-11-12 20:00:00',NULL,NULL,1,'ZD202311121547291',NULL,'2023-11-12 15:47:30','2023-11-12 15:47:30',1671403256519078164,NULL,NULL),(6556,NULL,12,31,NULL,2,'2023-11-15 20:00:00',NULL,NULL,1,'ZD202311121547291',NULL,'2023-11-12 15:47:30','2023-11-12 15:47:30',1671403256519078164,NULL,NULL),(6557,NULL,12,31,NULL,2,'2023-11-19 20:00:00',NULL,NULL,1,'ZD202311121547291',NULL,'2023-11-12 15:47:30','2023-11-12 15:47:30',1671403256519078164,NULL,NULL),(6558,NULL,12,31,NULL,2,'2023-11-22 20:00:00',NULL,NULL,1,'ZD202311121547291',NULL,'2023-11-12 15:47:30','2023-11-12 15:47:30',1671403256519078164,NULL,NULL),(6559,NULL,12,31,NULL,2,'2023-11-26 20:00:00',NULL,NULL,1,'ZD202311121547291',NULL,'2023-11-12 15:47:30','2023-11-12 15:47:30',1671403256519078164,NULL,NULL),(6560,NULL,12,31,NULL,2,'2023-11-29 20:00:00',NULL,NULL,1,'ZD202311121547291',NULL,'2023-11-12 15:47:30','2023-11-12 15:47:30',1671403256519078164,NULL,NULL),(6561,NULL,3,31,NULL,2,'2023-11-12 21:00:00',NULL,NULL,1,'ZD202311121547291',NULL,'2023-11-12 15:47:30','2023-11-12 15:47:30',1671403256519078164,NULL,NULL),(6562,NULL,3,31,NULL,2,'2023-11-13 21:00:00',NULL,NULL,1,'ZD202311121547291',NULL,'2023-11-12 15:47:30','2023-11-12 15:47:30',1671403256519078164,NULL,NULL),(6563,NULL,3,31,NULL,2,'2023-11-14 21:00:00',NULL,NULL,1,'ZD202311121547291',NULL,'2023-11-12 15:47:30','2023-11-12 15:47:30',1671403256519078164,NULL,NULL),(6564,NULL,3,31,NULL,2,'2023-11-15 21:00:00',NULL,NULL,1,'ZD202311121547291',NULL,'2023-11-12 15:47:30','2023-11-12 15:47:30',1671403256519078164,NULL,NULL),(6565,NULL,3,31,NULL,2,'2023-11-16 21:00:00',NULL,NULL,1,'ZD202311121547291',NULL,'2023-11-12 15:47:30','2023-11-12 15:47:30',1671403256519078164,NULL,NULL),(6566,NULL,3,31,NULL,2,'2023-11-17 21:00:00',NULL,NULL,1,'ZD202311121547291',NULL,'2023-11-12 15:47:30','2023-11-12 15:47:30',1671403256519078164,NULL,NULL),(6567,NULL,3,31,NULL,2,'2023-11-18 21:00:00',NULL,NULL,1,'ZD202311121547291',NULL,'2023-11-12 15:47:30','2023-11-12 15:47:30',1671403256519078164,NULL,NULL),(6568,NULL,3,31,NULL,2,'2023-11-19 21:00:00',NULL,NULL,1,'ZD202311121547291',NULL,'2023-11-12 15:47:30','2023-11-12 15:47:30',1671403256519078164,NULL,NULL),(6569,NULL,3,31,NULL,2,'2023-11-20 21:00:00',NULL,NULL,1,'ZD202311121547291',NULL,'2023-11-12 15:47:30','2023-11-12 15:47:30',1671403256519078164,NULL,NULL),(6570,NULL,3,31,NULL,2,'2023-11-21 21:00:00',NULL,NULL,1,'ZD202311121547291',NULL,'2023-11-12 15:47:30','2023-11-12 15:47:30',1671403256519078164,NULL,NULL),(6571,NULL,3,31,NULL,2,'2023-11-22 21:00:00',NULL,NULL,1,'ZD202311121547291',NULL,'2023-11-12 15:47:30','2023-11-12 15:47:30',1671403256519078164,NULL,NULL),(6572,NULL,3,31,NULL,2,'2023-11-23 21:00:00',NULL,NULL,1,'ZD202311121547291',NULL,'2023-11-12 15:47:30','2023-11-12 15:47:30',1671403256519078164,NULL,NULL),(6573,NULL,3,31,NULL,2,'2023-11-24 21:00:00',NULL,NULL,1,'ZD202311121547291',NULL,'2023-11-12 15:47:30','2023-11-12 15:47:30',1671403256519078164,NULL,NULL),(6574,NULL,3,31,NULL,2,'2023-11-25 21:00:00',NULL,NULL,1,'ZD202311121547291',NULL,'2023-11-12 15:47:30','2023-11-12 15:47:30',1671403256519078164,NULL,NULL),(6575,NULL,3,31,NULL,2,'2023-11-26 21:00:00',NULL,NULL,1,'ZD202311121547291',NULL,'2023-11-12 15:47:30','2023-11-12 15:47:30',1671403256519078164,NULL,NULL),(6576,NULL,3,31,NULL,2,'2023-11-27 21:00:00',NULL,NULL,1,'ZD202311121547291',NULL,'2023-11-12 15:47:30','2023-11-12 15:47:30',1671403256519078164,NULL,NULL),(6577,NULL,3,31,NULL,2,'2023-11-28 21:00:00',NULL,NULL,1,'ZD202311121547291',NULL,'2023-11-12 15:47:30','2023-11-12 15:47:30',1671403256519078164,NULL,NULL),(6578,NULL,3,31,NULL,2,'2023-11-29 21:00:00',NULL,NULL,1,'ZD202311121547291',NULL,'2023-11-12 15:47:30','2023-11-12 15:47:30',1671403256519078164,NULL,NULL),(6579,NULL,3,31,NULL,2,'2023-11-30 21:00:00',NULL,NULL,1,'ZD202311121547291',NULL,'2023-11-12 15:47:30','2023-11-12 15:47:30',1671403256519078164,NULL,NULL),(6580,NULL,10,31,NULL,2,'2023-11-12 08:30:00',NULL,NULL,1,'ZD202311121547291',NULL,'2023-11-12 15:47:30','2023-11-12 15:47:30',1671403256519078164,NULL,NULL),(6581,NULL,10,31,NULL,2,'2023-11-13 08:30:00',NULL,NULL,1,'ZD202311121547291',NULL,'2023-11-12 15:47:30','2023-11-12 15:47:30',1671403256519078164,NULL,NULL),(6582,NULL,10,31,NULL,2,'2023-11-14 08:30:00',NULL,NULL,1,'ZD202311121547291',NULL,'2023-11-12 15:47:30','2023-11-12 15:47:30',1671403256519078164,NULL,NULL),(6583,NULL,10,31,NULL,2,'2023-11-15 08:30:00',NULL,NULL,1,'ZD202311121547291',NULL,'2023-11-12 15:47:30','2023-11-12 15:47:30',1671403256519078164,NULL,NULL),(6584,NULL,10,31,NULL,2,'2023-11-16 08:30:00',NULL,NULL,1,'ZD202311121547291',NULL,'2023-11-12 15:47:30','2023-11-12 15:47:30',1671403256519078164,NULL,NULL),(6585,NULL,10,31,NULL,2,'2023-11-17 08:30:00',NULL,NULL,1,'ZD202311121547291',NULL,'2023-11-12 15:47:30','2023-11-12 15:47:30',1671403256519078164,NULL,NULL),(6586,NULL,10,31,NULL,2,'2023-11-18 08:30:00',NULL,NULL,1,'ZD202311121547291',NULL,'2023-11-12 15:47:30','2023-11-12 15:47:30',1671403256519078164,NULL,NULL),(6587,NULL,10,31,NULL,2,'2023-11-19 08:30:00',NULL,NULL,1,'ZD202311121547291',NULL,'2023-11-12 15:47:30','2023-11-12 15:47:30',1671403256519078164,NULL,NULL),(6588,NULL,10,31,NULL,2,'2023-11-20 08:30:00',NULL,NULL,1,'ZD202311121547291',NULL,'2023-11-12 15:47:30','2023-11-12 15:47:30',1671403256519078164,NULL,NULL),(6589,NULL,10,31,NULL,2,'2023-11-21 08:30:00',NULL,NULL,1,'ZD202311121547291',NULL,'2023-11-12 15:47:30','2023-11-12 15:47:30',1671403256519078164,NULL,NULL),(6590,NULL,10,31,NULL,2,'2023-11-22 08:30:00',NULL,NULL,1,'ZD202311121547291',NULL,'2023-11-12 15:47:30','2023-11-12 15:47:30',1671403256519078164,NULL,NULL),(6591,NULL,10,31,NULL,2,'2023-11-23 08:30:00',NULL,NULL,1,'ZD202311121547291',NULL,'2023-11-12 15:47:30','2023-11-12 15:47:30',1671403256519078164,NULL,NULL),(6592,NULL,10,31,NULL,2,'2023-11-24 08:30:00',NULL,NULL,1,'ZD202311121547291',NULL,'2023-11-12 15:47:30','2023-11-12 15:47:30',1671403256519078164,NULL,NULL),(6593,NULL,10,31,NULL,2,'2023-11-25 08:30:00',NULL,NULL,1,'ZD202311121547291',NULL,'2023-11-12 15:47:30','2023-11-12 15:47:30',1671403256519078164,NULL,NULL),(6594,NULL,10,31,NULL,2,'2023-11-26 08:30:00',NULL,NULL,1,'ZD202311121547291',NULL,'2023-11-12 15:47:30','2023-11-12 15:47:30',1671403256519078164,NULL,NULL),(6595,NULL,10,31,NULL,2,'2023-11-27 08:30:00',NULL,NULL,1,'ZD202311121547291',NULL,'2023-11-12 15:47:30','2023-11-12 15:47:30',1671403256519078164,NULL,NULL),(6596,NULL,10,31,NULL,2,'2023-11-28 08:30:00',NULL,NULL,1,'ZD202311121547291',NULL,'2023-11-12 15:47:30','2023-11-12 15:47:30',1671403256519078164,NULL,NULL),(6597,NULL,10,31,NULL,2,'2023-11-29 08:30:00',NULL,NULL,1,'ZD202311121547291',NULL,'2023-11-12 15:47:30','2023-11-12 15:47:30',1671403256519078164,NULL,NULL),(6598,NULL,10,31,NULL,2,'2023-11-30 08:30:00',NULL,NULL,1,'ZD202311121547291',NULL,'2023-11-12 15:47:30','2023-11-12 15:47:30',1671403256519078164,NULL,NULL),(6599,NULL,1,36,NULL,2,'2023-11-12 08:00:00',NULL,NULL,1,'ZD202311130627241',NULL,'2023-11-13 06:27:24','2023-11-13 06:27:24',1671403256519078164,NULL,NULL),(6600,NULL,1,36,NULL,2,'2023-11-19 08:00:00',NULL,NULL,1,'ZD202311130627241',NULL,'2023-11-13 06:27:24','2023-11-13 06:27:24',1671403256519078164,NULL,NULL),(6601,NULL,1,36,NULL,2,'2023-11-26 08:00:00',NULL,NULL,1,'ZD202311130627241',NULL,'2023-11-13 06:27:24','2023-11-13 06:27:24',1671403256519078164,NULL,NULL),(6602,NULL,6,36,NULL,2,'2023-11-12 09:00:00',NULL,NULL,1,'ZD202311130627241',NULL,'2023-11-13 06:27:24','2023-11-13 06:27:24',1671403256519078164,NULL,NULL),(6603,NULL,6,36,NULL,2,'2023-11-13 09:00:00',NULL,NULL,1,'ZD202311130627241',NULL,'2023-11-13 06:27:24','2023-11-13 06:27:24',1671403256519078164,NULL,NULL),(6604,NULL,6,36,NULL,2,'2023-11-14 09:00:00',NULL,NULL,1,'ZD202311130627241',NULL,'2023-11-13 06:27:24','2023-11-13 06:27:24',1671403256519078164,NULL,NULL),(6605,NULL,6,36,NULL,2,'2023-11-15 09:00:00',NULL,NULL,1,'ZD202311130627241',NULL,'2023-11-13 06:27:24','2023-11-13 06:27:24',1671403256519078164,NULL,NULL),(6606,NULL,6,36,NULL,2,'2023-11-16 09:00:00',NULL,NULL,1,'ZD202311130627241',NULL,'2023-11-13 06:27:24','2023-11-13 06:27:24',1671403256519078164,NULL,NULL),(6607,NULL,6,36,NULL,2,'2023-11-17 09:00:00',NULL,NULL,1,'ZD202311130627241',NULL,'2023-11-13 06:27:24','2023-11-13 06:27:24',1671403256519078164,NULL,NULL),(6608,NULL,6,36,NULL,2,'2023-11-18 09:00:00',NULL,NULL,1,'ZD202311130627241',NULL,'2023-11-13 06:27:24','2023-11-13 06:27:24',1671403256519078164,NULL,NULL),(6609,NULL,6,36,NULL,2,'2023-11-19 09:00:00',NULL,NULL,1,'ZD202311130627241',NULL,'2023-11-13 06:27:24','2023-11-13 06:27:24',1671403256519078164,NULL,NULL),(6610,NULL,6,36,NULL,2,'2023-11-20 09:00:00',NULL,NULL,1,'ZD202311130627241',NULL,'2023-11-13 06:27:24','2023-11-13 06:27:24',1671403256519078164,NULL,NULL),(6611,NULL,6,36,NULL,2,'2023-11-21 09:00:00',NULL,NULL,1,'ZD202311130627241',NULL,'2023-11-13 06:27:24','2023-11-13 06:27:24',1671403256519078164,NULL,NULL),(6612,NULL,6,36,NULL,2,'2023-11-22 09:00:00',NULL,NULL,1,'ZD202311130627241',NULL,'2023-11-13 06:27:24','2023-11-13 06:27:24',1671403256519078164,NULL,NULL),(6613,NULL,6,36,NULL,2,'2023-11-23 09:00:00',NULL,NULL,1,'ZD202311130627241',NULL,'2023-11-13 06:27:24','2023-11-13 06:27:24',1671403256519078164,NULL,NULL),(6614,NULL,6,36,NULL,2,'2023-11-24 09:00:00',NULL,NULL,1,'ZD202311130627241',NULL,'2023-11-13 06:27:24','2023-11-13 06:27:24',1671403256519078164,NULL,NULL),(6615,NULL,6,36,NULL,2,'2023-11-25 09:00:00',NULL,NULL,1,'ZD202311130627241',NULL,'2023-11-13 06:27:24','2023-11-13 06:27:24',1671403256519078164,NULL,NULL),(6616,NULL,6,36,NULL,2,'2023-11-26 09:00:00',NULL,NULL,1,'ZD202311130627241',NULL,'2023-11-13 06:27:24','2023-11-13 06:27:24',1671403256519078164,NULL,NULL),(6617,NULL,6,36,NULL,2,'2023-11-27 09:00:00',NULL,NULL,1,'ZD202311130627241',NULL,'2023-11-13 06:27:24','2023-11-13 06:27:24',1671403256519078164,NULL,NULL),(6618,NULL,6,36,NULL,2,'2023-11-28 09:00:00',NULL,NULL,1,'ZD202311130627241',NULL,'2023-11-13 06:27:24','2023-11-13 06:27:24',1671403256519078164,NULL,NULL),(6619,NULL,6,36,NULL,2,'2023-11-29 09:00:00',NULL,NULL,1,'ZD202311130627241',NULL,'2023-11-13 06:27:24','2023-11-13 06:27:24',1671403256519078164,NULL,NULL),(6620,NULL,6,36,NULL,2,'2023-11-30 09:00:00',NULL,NULL,1,'ZD202311130627241',NULL,'2023-11-13 06:27:24','2023-11-13 06:27:24',1671403256519078164,NULL,NULL),(6621,NULL,8,36,NULL,2,'2023-11-12 15:00:00',NULL,NULL,1,'ZD202311130627241',NULL,'2023-11-13 06:27:24','2023-11-13 06:27:24',1671403256519078164,NULL,NULL),(6622,NULL,8,36,NULL,2,'2023-11-19 15:00:00',NULL,NULL,1,'ZD202311130627241',NULL,'2023-11-13 06:27:24','2023-11-13 06:27:24',1671403256519078164,NULL,NULL),(6623,NULL,8,36,NULL,2,'2023-11-26 15:00:00',NULL,NULL,1,'ZD202311130627241',NULL,'2023-11-13 06:27:24','2023-11-13 06:27:24',1671403256519078164,NULL,NULL),(6624,NULL,9,36,NULL,2,'2023-11-12 17:00:00',NULL,NULL,1,'ZD202311130627241',NULL,'2023-11-13 06:27:24','2023-11-13 06:27:24',1671403256519078164,NULL,NULL),(6625,NULL,9,36,NULL,2,'2023-11-15 17:00:00',NULL,NULL,1,'ZD202311130627241',NULL,'2023-11-13 06:27:24','2023-11-13 06:27:24',1671403256519078164,NULL,NULL),(6626,NULL,9,36,NULL,2,'2023-11-19 17:00:00',NULL,NULL,1,'ZD202311130627241',NULL,'2023-11-13 06:27:24','2023-11-13 06:27:24',1671403256519078164,NULL,NULL),(6627,NULL,9,36,NULL,2,'2023-11-22 17:00:00',NULL,NULL,1,'ZD202311130627241',NULL,'2023-11-13 06:27:24','2023-11-13 06:27:24',1671403256519078164,NULL,NULL),(6628,NULL,9,36,NULL,2,'2023-11-26 17:00:00',NULL,NULL,1,'ZD202311130627241',NULL,'2023-11-13 06:27:24','2023-11-13 06:27:24',1671403256519078164,NULL,NULL),(6629,NULL,9,36,NULL,2,'2023-11-29 17:00:00',NULL,NULL,1,'ZD202311130627241',NULL,'2023-11-13 06:27:24','2023-11-13 06:27:24',1671403256519078164,NULL,NULL),(6630,NULL,12,36,NULL,2,'2023-11-12 20:00:00',NULL,NULL,1,'ZD202311130627241',NULL,'2023-11-13 06:27:24','2023-11-13 06:27:24',1671403256519078164,NULL,NULL),(6631,NULL,12,36,NULL,2,'2023-11-15 20:00:00',NULL,NULL,1,'ZD202311130627241',NULL,'2023-11-13 06:27:24','2023-11-13 06:27:24',1671403256519078164,NULL,NULL),(6632,NULL,12,36,NULL,2,'2023-11-19 20:00:00',NULL,NULL,1,'ZD202311130627241',NULL,'2023-11-13 06:27:24','2023-11-13 06:27:24',1671403256519078164,NULL,NULL),(6633,NULL,12,36,NULL,2,'2023-11-22 20:00:00',NULL,NULL,1,'ZD202311130627241',NULL,'2023-11-13 06:27:24','2023-11-13 06:27:24',1671403256519078164,NULL,NULL),(6634,NULL,12,36,NULL,2,'2023-11-26 20:00:00',NULL,NULL,1,'ZD202311130627241',NULL,'2023-11-13 06:27:24','2023-11-13 06:27:24',1671403256519078164,NULL,NULL),(6635,NULL,12,36,NULL,2,'2023-11-29 20:00:00',NULL,NULL,1,'ZD202311130627241',NULL,'2023-11-13 06:27:24','2023-11-13 06:27:24',1671403256519078164,NULL,NULL),(6636,NULL,3,36,NULL,2,'2023-11-12 21:00:00',NULL,NULL,1,'ZD202311130627241',NULL,'2023-11-13 06:27:24','2023-11-13 06:27:24',1671403256519078164,NULL,NULL),(6637,NULL,3,36,NULL,2,'2023-11-13 21:00:00',NULL,NULL,1,'ZD202311130627241',NULL,'2023-11-13 06:27:24','2023-11-13 06:27:24',1671403256519078164,NULL,NULL),(6638,NULL,3,36,NULL,2,'2023-11-14 21:00:00',NULL,NULL,1,'ZD202311130627241',NULL,'2023-11-13 06:27:24','2023-11-13 06:27:24',1671403256519078164,NULL,NULL),(6639,NULL,3,36,NULL,2,'2023-11-15 21:00:00',NULL,NULL,1,'ZD202311130627241',NULL,'2023-11-13 06:27:24','2023-11-13 06:27:24',1671403256519078164,NULL,NULL),(6640,NULL,3,36,NULL,2,'2023-11-16 21:00:00',NULL,NULL,1,'ZD202311130627241',NULL,'2023-11-13 06:27:24','2023-11-13 06:27:24',1671403256519078164,NULL,NULL),(6641,NULL,3,36,NULL,2,'2023-11-17 21:00:00',NULL,NULL,1,'ZD202311130627241',NULL,'2023-11-13 06:27:24','2023-11-13 06:27:24',1671403256519078164,NULL,NULL),(6642,NULL,3,36,NULL,2,'2023-11-18 21:00:00',NULL,NULL,1,'ZD202311130627241',NULL,'2023-11-13 06:27:24','2023-11-13 06:27:24',1671403256519078164,NULL,NULL),(6643,NULL,3,36,NULL,2,'2023-11-19 21:00:00',NULL,NULL,1,'ZD202311130627241',NULL,'2023-11-13 06:27:24','2023-11-13 06:27:24',1671403256519078164,NULL,NULL),(6644,NULL,3,36,NULL,2,'2023-11-20 21:00:00',NULL,NULL,1,'ZD202311130627241',NULL,'2023-11-13 06:27:24','2023-11-13 06:27:24',1671403256519078164,NULL,NULL),(6645,NULL,3,36,NULL,2,'2023-11-21 21:00:00',NULL,NULL,1,'ZD202311130627241',NULL,'2023-11-13 06:27:24','2023-11-13 06:27:24',1671403256519078164,NULL,NULL),(6646,NULL,3,36,NULL,2,'2023-11-22 21:00:00',NULL,NULL,1,'ZD202311130627241',NULL,'2023-11-13 06:27:24','2023-11-13 06:27:24',1671403256519078164,NULL,NULL),(6647,NULL,3,36,NULL,2,'2023-11-23 21:00:00',NULL,NULL,1,'ZD202311130627241',NULL,'2023-11-13 06:27:24','2023-11-13 06:27:24',1671403256519078164,NULL,NULL),(6648,NULL,3,36,NULL,2,'2023-11-24 21:00:00',NULL,NULL,1,'ZD202311130627241',NULL,'2023-11-13 06:27:24','2023-11-13 06:27:24',1671403256519078164,NULL,NULL),(6649,NULL,3,36,NULL,2,'2023-11-25 21:00:00',NULL,NULL,1,'ZD202311130627241',NULL,'2023-11-13 06:27:24','2023-11-13 06:27:24',1671403256519078164,NULL,NULL),(6650,NULL,3,36,NULL,2,'2023-11-26 21:00:00',NULL,NULL,1,'ZD202311130627241',NULL,'2023-11-13 06:27:24','2023-11-13 06:27:24',1671403256519078164,NULL,NULL),(6651,NULL,3,36,NULL,2,'2023-11-27 21:00:00',NULL,NULL,1,'ZD202311130627241',NULL,'2023-11-13 06:27:24','2023-11-13 06:27:24',1671403256519078164,NULL,NULL),(6652,NULL,3,36,NULL,2,'2023-11-28 21:00:00',NULL,NULL,1,'ZD202311130627241',NULL,'2023-11-13 06:27:24','2023-11-13 06:27:24',1671403256519078164,NULL,NULL),(6653,NULL,3,36,NULL,2,'2023-11-29 21:00:00',NULL,NULL,1,'ZD202311130627241',NULL,'2023-11-13 06:27:24','2023-11-13 06:27:24',1671403256519078164,NULL,NULL),(6654,NULL,3,36,NULL,2,'2023-11-30 21:00:00',NULL,NULL,1,'ZD202311130627241',NULL,'2023-11-13 06:27:24','2023-11-13 06:27:24',1671403256519078164,NULL,NULL),(6655,NULL,10,36,NULL,2,'2023-11-12 08:30:00',NULL,NULL,1,'ZD202311130627241',NULL,'2023-11-13 06:27:24','2023-11-13 06:27:24',1671403256519078164,NULL,NULL),(6656,NULL,10,36,NULL,2,'2023-11-13 08:30:00',NULL,NULL,1,'ZD202311130627241',NULL,'2023-11-13 06:27:24','2023-11-13 06:27:24',1671403256519078164,NULL,NULL),(6657,NULL,10,36,NULL,2,'2023-11-14 08:30:00',NULL,NULL,1,'ZD202311130627241',NULL,'2023-11-13 06:27:24','2023-11-13 06:27:24',1671403256519078164,NULL,NULL),(6658,NULL,10,36,NULL,2,'2023-11-15 08:30:00',NULL,NULL,1,'ZD202311130627241',NULL,'2023-11-13 06:27:24','2023-11-13 06:27:24',1671403256519078164,NULL,NULL),(6659,NULL,10,36,NULL,2,'2023-11-16 08:30:00',NULL,NULL,1,'ZD202311130627241',NULL,'2023-11-13 06:27:24','2023-11-13 06:27:24',1671403256519078164,NULL,NULL),(6660,NULL,10,36,NULL,2,'2023-11-17 08:30:00',NULL,NULL,1,'ZD202311130627241',NULL,'2023-11-13 06:27:24','2023-11-13 06:27:24',1671403256519078164,NULL,NULL),(6661,NULL,10,36,NULL,2,'2023-11-18 08:30:00',NULL,NULL,1,'ZD202311130627241',NULL,'2023-11-13 06:27:24','2023-11-13 06:27:24',1671403256519078164,NULL,NULL),(6662,NULL,10,36,NULL,2,'2023-11-19 08:30:00',NULL,NULL,1,'ZD202311130627241',NULL,'2023-11-13 06:27:24','2023-11-13 06:27:24',1671403256519078164,NULL,NULL),(6663,NULL,10,36,NULL,2,'2023-11-20 08:30:00',NULL,NULL,1,'ZD202311130627241',NULL,'2023-11-13 06:27:24','2023-11-13 06:27:24',1671403256519078164,NULL,NULL),(6664,NULL,10,36,NULL,2,'2023-11-21 08:30:00',NULL,NULL,1,'ZD202311130627241',NULL,'2023-11-13 06:27:24','2023-11-13 06:27:24',1671403256519078164,NULL,NULL),(6665,NULL,10,36,NULL,2,'2023-11-22 08:30:00',NULL,NULL,1,'ZD202311130627241',NULL,'2023-11-13 06:27:24','2023-11-13 06:27:24',1671403256519078164,NULL,NULL),(6666,NULL,10,36,NULL,2,'2023-11-23 08:30:00',NULL,NULL,1,'ZD202311130627241',NULL,'2023-11-13 06:27:24','2023-11-13 06:27:24',1671403256519078164,NULL,NULL),(6667,NULL,10,36,NULL,2,'2023-11-24 08:30:00',NULL,NULL,1,'ZD202311130627241',NULL,'2023-11-13 06:27:24','2023-11-13 06:27:24',1671403256519078164,NULL,NULL),(6668,NULL,10,36,NULL,2,'2023-11-25 08:30:00',NULL,NULL,1,'ZD202311130627241',NULL,'2023-11-13 06:27:24','2023-11-13 06:27:24',1671403256519078164,NULL,NULL),(6669,NULL,10,36,NULL,2,'2023-11-26 08:30:00',NULL,NULL,1,'ZD202311130627241',NULL,'2023-11-13 06:27:24','2023-11-13 06:27:24',1671403256519078164,NULL,NULL),(6670,NULL,10,36,NULL,2,'2023-11-27 08:30:00',NULL,NULL,1,'ZD202311130627241',NULL,'2023-11-13 06:27:24','2023-11-13 06:27:24',1671403256519078164,NULL,NULL),(6671,NULL,10,36,NULL,2,'2023-11-28 08:30:00',NULL,NULL,1,'ZD202311130627241',NULL,'2023-11-13 06:27:24','2023-11-13 06:27:24',1671403256519078164,NULL,NULL),(6672,NULL,10,36,NULL,2,'2023-11-29 08:30:00',NULL,NULL,1,'ZD202311130627241',NULL,'2023-11-13 06:27:24','2023-11-13 06:27:24',1671403256519078164,NULL,NULL),(6673,NULL,10,36,NULL,2,'2023-11-30 08:30:00',NULL,NULL,1,'ZD202311130627241',NULL,'2023-11-13 06:27:24','2023-11-13 06:27:24',1671403256519078164,NULL,NULL),(6674,NULL,1,35,NULL,2,'2023-11-12 08:00:00',NULL,NULL,1,'ZD202311130627551',NULL,'2023-11-13 06:27:55','2023-11-13 06:27:55',1671403256519078164,NULL,NULL),(6675,NULL,1,35,NULL,2,'2023-11-19 08:00:00',NULL,NULL,1,'ZD202311130627551',NULL,'2023-11-13 06:27:55','2023-11-13 06:27:55',1671403256519078164,NULL,NULL),(6676,NULL,1,35,NULL,2,'2023-11-26 08:00:00',NULL,NULL,1,'ZD202311130627551',NULL,'2023-11-13 06:27:55','2023-11-13 06:27:55',1671403256519078164,NULL,NULL),(6677,NULL,6,35,NULL,2,'2023-11-12 09:00:00',NULL,NULL,1,'ZD202311130627551',NULL,'2023-11-13 06:27:55','2023-11-13 06:27:55',1671403256519078164,NULL,NULL),(6678,NULL,6,35,NULL,2,'2023-11-13 09:00:00',NULL,NULL,1,'ZD202311130627551',NULL,'2023-11-13 06:27:55','2023-11-13 06:27:55',1671403256519078164,NULL,NULL),(6679,NULL,6,35,NULL,2,'2023-11-14 09:00:00',NULL,NULL,1,'ZD202311130627551',NULL,'2023-11-13 06:27:55','2023-11-13 06:27:55',1671403256519078164,NULL,NULL),(6680,NULL,6,35,NULL,2,'2023-11-15 09:00:00',NULL,NULL,1,'ZD202311130627551',NULL,'2023-11-13 06:27:55','2023-11-13 06:27:55',1671403256519078164,NULL,NULL),(6681,NULL,6,35,NULL,2,'2023-11-16 09:00:00',NULL,NULL,1,'ZD202311130627551',NULL,'2023-11-13 06:27:55','2023-11-13 06:27:55',1671403256519078164,NULL,NULL),(6682,NULL,6,35,NULL,2,'2023-11-17 09:00:00',NULL,NULL,1,'ZD202311130627551',NULL,'2023-11-13 06:27:55','2023-11-13 06:27:55',1671403256519078164,NULL,NULL),(6683,NULL,6,35,NULL,2,'2023-11-18 09:00:00',NULL,NULL,1,'ZD202311130627551',NULL,'2023-11-13 06:27:55','2023-11-13 06:27:55',1671403256519078164,NULL,NULL),(6684,NULL,6,35,NULL,2,'2023-11-19 09:00:00',NULL,NULL,1,'ZD202311130627551',NULL,'2023-11-13 06:27:55','2023-11-13 06:27:55',1671403256519078164,NULL,NULL),(6685,NULL,6,35,NULL,2,'2023-11-20 09:00:00',NULL,NULL,1,'ZD202311130627551',NULL,'2023-11-13 06:27:55','2023-11-13 06:27:55',1671403256519078164,NULL,NULL),(6686,NULL,6,35,NULL,2,'2023-11-21 09:00:00',NULL,NULL,1,'ZD202311130627551',NULL,'2023-11-13 06:27:55','2023-11-13 06:27:55',1671403256519078164,NULL,NULL),(6687,NULL,6,35,NULL,2,'2023-11-22 09:00:00',NULL,NULL,1,'ZD202311130627551',NULL,'2023-11-13 06:27:55','2023-11-13 06:27:55',1671403256519078164,NULL,NULL),(6688,NULL,6,35,NULL,2,'2023-11-23 09:00:00',NULL,NULL,1,'ZD202311130627551',NULL,'2023-11-13 06:27:55','2023-11-13 06:27:55',1671403256519078164,NULL,NULL),(6689,NULL,6,35,NULL,2,'2023-11-24 09:00:00',NULL,NULL,1,'ZD202311130627551',NULL,'2023-11-13 06:27:55','2023-11-13 06:27:55',1671403256519078164,NULL,NULL),(6690,NULL,6,35,NULL,2,'2023-11-25 09:00:00',NULL,NULL,1,'ZD202311130627551',NULL,'2023-11-13 06:27:55','2023-11-13 06:27:55',1671403256519078164,NULL,NULL),(6691,NULL,6,35,NULL,2,'2023-11-26 09:00:00',NULL,NULL,1,'ZD202311130627551',NULL,'2023-11-13 06:27:55','2023-11-13 06:27:55',1671403256519078164,NULL,NULL),(6692,NULL,6,35,NULL,2,'2023-11-27 09:00:00',NULL,NULL,1,'ZD202311130627551',NULL,'2023-11-13 06:27:55','2023-11-13 06:27:55',1671403256519078164,NULL,NULL),(6693,NULL,6,35,NULL,2,'2023-11-28 09:00:00',NULL,NULL,1,'ZD202311130627551',NULL,'2023-11-13 06:27:55','2023-11-13 06:27:55',1671403256519078164,NULL,NULL),(6694,NULL,6,35,NULL,2,'2023-11-29 09:00:00',NULL,NULL,1,'ZD202311130627551',NULL,'2023-11-13 06:27:55','2023-11-13 06:27:55',1671403256519078164,NULL,NULL),(6695,NULL,6,35,NULL,2,'2023-11-30 09:00:00',NULL,NULL,1,'ZD202311130627551',NULL,'2023-11-13 06:27:55','2023-11-13 06:27:55',1671403256519078164,NULL,NULL),(6696,NULL,8,35,NULL,2,'2023-11-12 15:00:00',NULL,NULL,1,'ZD202311130627551',NULL,'2023-11-13 06:27:55','2023-11-13 06:27:55',1671403256519078164,NULL,NULL),(6697,NULL,8,35,NULL,2,'2023-11-19 15:00:00',NULL,NULL,1,'ZD202311130627551',NULL,'2023-11-13 06:27:55','2023-11-13 06:27:55',1671403256519078164,NULL,NULL),(6698,NULL,8,35,NULL,2,'2023-11-26 15:00:00',NULL,NULL,1,'ZD202311130627551',NULL,'2023-11-13 06:27:55','2023-11-13 06:27:55',1671403256519078164,NULL,NULL),(6699,NULL,9,35,NULL,2,'2023-11-12 17:00:00',NULL,NULL,1,'ZD202311130627551',NULL,'2023-11-13 06:27:55','2023-11-13 06:27:55',1671403256519078164,NULL,NULL),(6700,NULL,9,35,NULL,2,'2023-11-15 17:00:00',NULL,NULL,1,'ZD202311130627551',NULL,'2023-11-13 06:27:55','2023-11-13 06:27:55',1671403256519078164,NULL,NULL),(6701,NULL,9,35,NULL,2,'2023-11-19 17:00:00',NULL,NULL,1,'ZD202311130627551',NULL,'2023-11-13 06:27:55','2023-11-13 06:27:55',1671403256519078164,NULL,NULL),(6702,NULL,9,35,NULL,2,'2023-11-22 17:00:00',NULL,NULL,1,'ZD202311130627551',NULL,'2023-11-13 06:27:55','2023-11-13 06:27:55',1671403256519078164,NULL,NULL),(6703,NULL,9,35,NULL,2,'2023-11-26 17:00:00',NULL,NULL,1,'ZD202311130627551',NULL,'2023-11-13 06:27:55','2023-11-13 06:27:55',1671403256519078164,NULL,NULL),(6704,NULL,9,35,NULL,2,'2023-11-29 17:00:00',NULL,NULL,1,'ZD202311130627551',NULL,'2023-11-13 06:27:55','2023-11-13 06:27:55',1671403256519078164,NULL,NULL),(6705,NULL,12,35,NULL,2,'2023-11-12 20:00:00',NULL,NULL,1,'ZD202311130627551',NULL,'2023-11-13 06:27:55','2023-11-13 06:27:55',1671403256519078164,NULL,NULL),(6706,NULL,12,35,NULL,2,'2023-11-15 20:00:00',NULL,NULL,1,'ZD202311130627551',NULL,'2023-11-13 06:27:55','2023-11-13 06:27:55',1671403256519078164,NULL,NULL),(6707,NULL,12,35,NULL,2,'2023-11-19 20:00:00',NULL,NULL,1,'ZD202311130627551',NULL,'2023-11-13 06:27:55','2023-11-13 06:27:55',1671403256519078164,NULL,NULL),(6708,NULL,12,35,NULL,2,'2023-11-22 20:00:00',NULL,NULL,1,'ZD202311130627551',NULL,'2023-11-13 06:27:55','2023-11-13 06:27:55',1671403256519078164,NULL,NULL),(6709,NULL,12,35,NULL,2,'2023-11-26 20:00:00',NULL,NULL,1,'ZD202311130627551',NULL,'2023-11-13 06:27:55','2023-11-13 06:27:55',1671403256519078164,NULL,NULL),(6710,NULL,12,35,NULL,2,'2023-11-29 20:00:00',NULL,NULL,1,'ZD202311130627551',NULL,'2023-11-13 06:27:55','2023-11-13 06:27:55',1671403256519078164,NULL,NULL),(6711,NULL,3,35,NULL,2,'2023-11-12 21:00:00',NULL,NULL,1,'ZD202311130627551',NULL,'2023-11-13 06:27:55','2023-11-13 06:27:55',1671403256519078164,NULL,NULL),(6712,NULL,3,35,NULL,2,'2023-11-13 21:00:00',NULL,NULL,1,'ZD202311130627551',NULL,'2023-11-13 06:27:55','2023-11-13 06:27:55',1671403256519078164,NULL,NULL),(6713,NULL,3,35,NULL,2,'2023-11-14 21:00:00',NULL,NULL,1,'ZD202311130627551',NULL,'2023-11-13 06:27:55','2023-11-13 06:27:55',1671403256519078164,NULL,NULL),(6714,NULL,3,35,NULL,2,'2023-11-15 21:00:00',NULL,NULL,1,'ZD202311130627551',NULL,'2023-11-13 06:27:55','2023-11-13 06:27:55',1671403256519078164,NULL,NULL),(6715,NULL,3,35,NULL,2,'2023-11-16 21:00:00',NULL,NULL,1,'ZD202311130627551',NULL,'2023-11-13 06:27:55','2023-11-13 06:27:55',1671403256519078164,NULL,NULL),(6716,NULL,3,35,NULL,2,'2023-11-17 21:00:00',NULL,NULL,1,'ZD202311130627551',NULL,'2023-11-13 06:27:55','2023-11-13 06:27:55',1671403256519078164,NULL,NULL),(6717,NULL,3,35,NULL,2,'2023-11-18 21:00:00',NULL,NULL,1,'ZD202311130627551',NULL,'2023-11-13 06:27:55','2023-11-13 06:27:55',1671403256519078164,NULL,NULL),(6718,NULL,3,35,NULL,2,'2023-11-19 21:00:00',NULL,NULL,1,'ZD202311130627551',NULL,'2023-11-13 06:27:55','2023-11-13 06:27:55',1671403256519078164,NULL,NULL),(6719,NULL,3,35,NULL,2,'2023-11-20 21:00:00',NULL,NULL,1,'ZD202311130627551',NULL,'2023-11-13 06:27:55','2023-11-13 06:27:55',1671403256519078164,NULL,NULL),(6720,NULL,3,35,NULL,2,'2023-11-21 21:00:00',NULL,NULL,1,'ZD202311130627551',NULL,'2023-11-13 06:27:55','2023-11-13 06:27:55',1671403256519078164,NULL,NULL),(6721,NULL,3,35,NULL,2,'2023-11-22 21:00:00',NULL,NULL,1,'ZD202311130627551',NULL,'2023-11-13 06:27:55','2023-11-13 06:27:55',1671403256519078164,NULL,NULL),(6722,NULL,3,35,NULL,2,'2023-11-23 21:00:00',NULL,NULL,1,'ZD202311130627551',NULL,'2023-11-13 06:27:55','2023-11-13 06:27:55',1671403256519078164,NULL,NULL),(6723,NULL,3,35,NULL,2,'2023-11-24 21:00:00',NULL,NULL,1,'ZD202311130627551',NULL,'2023-11-13 06:27:55','2023-11-13 06:27:55',1671403256519078164,NULL,NULL),(6724,NULL,3,35,NULL,2,'2023-11-25 21:00:00',NULL,NULL,1,'ZD202311130627551',NULL,'2023-11-13 06:27:55','2023-11-13 06:27:55',1671403256519078164,NULL,NULL),(6725,NULL,3,35,NULL,2,'2023-11-26 21:00:00',NULL,NULL,1,'ZD202311130627551',NULL,'2023-11-13 06:27:55','2023-11-13 06:27:55',1671403256519078164,NULL,NULL),(6726,NULL,3,35,NULL,2,'2023-11-27 21:00:00',NULL,NULL,1,'ZD202311130627551',NULL,'2023-11-13 06:27:55','2023-11-13 06:27:55',1671403256519078164,NULL,NULL),(6727,NULL,3,35,NULL,2,'2023-11-28 21:00:00',NULL,NULL,1,'ZD202311130627551',NULL,'2023-11-13 06:27:55','2023-11-13 06:27:55',1671403256519078164,NULL,NULL),(6728,NULL,3,35,NULL,2,'2023-11-29 21:00:00',NULL,NULL,1,'ZD202311130627551',NULL,'2023-11-13 06:27:55','2023-11-13 06:27:55',1671403256519078164,NULL,NULL),(6729,NULL,3,35,NULL,2,'2023-11-30 21:00:00',NULL,NULL,1,'ZD202311130627551',NULL,'2023-11-13 06:27:55','2023-11-13 06:27:55',1671403256519078164,NULL,NULL),(6730,NULL,10,35,NULL,2,'2023-11-12 08:30:00',NULL,NULL,1,'ZD202311130627551',NULL,'2023-11-13 06:27:55','2023-11-13 06:27:55',1671403256519078164,NULL,NULL),(6731,NULL,10,35,NULL,2,'2023-11-13 08:30:00',NULL,NULL,1,'ZD202311130627551',NULL,'2023-11-13 06:27:55','2023-11-13 06:27:55',1671403256519078164,NULL,NULL),(6732,NULL,10,35,NULL,2,'2023-11-14 08:30:00',NULL,NULL,1,'ZD202311130627551',NULL,'2023-11-13 06:27:55','2023-11-13 06:27:55',1671403256519078164,NULL,NULL),(6733,NULL,10,35,NULL,2,'2023-11-15 08:30:00',NULL,NULL,1,'ZD202311130627551',NULL,'2023-11-13 06:27:55','2023-11-13 06:27:55',1671403256519078164,NULL,NULL),(6734,NULL,10,35,NULL,2,'2023-11-16 08:30:00',NULL,NULL,1,'ZD202311130627551',NULL,'2023-11-13 06:27:55','2023-11-13 06:27:55',1671403256519078164,NULL,NULL),(6735,NULL,10,35,NULL,2,'2023-11-17 08:30:00',NULL,NULL,1,'ZD202311130627551',NULL,'2023-11-13 06:27:55','2023-11-13 06:27:55',1671403256519078164,NULL,NULL),(6736,NULL,10,35,NULL,2,'2023-11-18 08:30:00',NULL,NULL,1,'ZD202311130627551',NULL,'2023-11-13 06:27:55','2023-11-13 06:27:55',1671403256519078164,NULL,NULL),(6737,NULL,10,35,NULL,2,'2023-11-19 08:30:00',NULL,NULL,1,'ZD202311130627551',NULL,'2023-11-13 06:27:55','2023-11-13 06:27:55',1671403256519078164,NULL,NULL),(6738,NULL,10,35,NULL,2,'2023-11-20 08:30:00',NULL,NULL,1,'ZD202311130627551',NULL,'2023-11-13 06:27:55','2023-11-13 06:27:55',1671403256519078164,NULL,NULL),(6739,NULL,10,35,NULL,2,'2023-11-21 08:30:00',NULL,NULL,1,'ZD202311130627551',NULL,'2023-11-13 06:27:55','2023-11-13 06:27:55',1671403256519078164,NULL,NULL),(6740,NULL,10,35,NULL,2,'2023-11-22 08:30:00',NULL,NULL,1,'ZD202311130627551',NULL,'2023-11-13 06:27:55','2023-11-13 06:27:55',1671403256519078164,NULL,NULL),(6741,NULL,10,35,NULL,2,'2023-11-23 08:30:00',NULL,NULL,1,'ZD202311130627551',NULL,'2023-11-13 06:27:55','2023-11-13 06:27:55',1671403256519078164,NULL,NULL),(6742,NULL,10,35,NULL,2,'2023-11-24 08:30:00',NULL,NULL,1,'ZD202311130627551',NULL,'2023-11-13 06:27:55','2023-11-13 06:27:55',1671403256519078164,NULL,NULL),(6743,NULL,10,35,NULL,2,'2023-11-25 08:30:00',NULL,NULL,1,'ZD202311130627551',NULL,'2023-11-13 06:27:55','2023-11-13 06:27:55',1671403256519078164,NULL,NULL),(6744,NULL,10,35,NULL,2,'2023-11-26 08:30:00',NULL,NULL,1,'ZD202311130627551',NULL,'2023-11-13 06:27:55','2023-11-13 06:27:55',1671403256519078164,NULL,NULL),(6745,NULL,10,35,NULL,2,'2023-11-27 08:30:00',NULL,NULL,1,'ZD202311130627551',NULL,'2023-11-13 06:27:55','2023-11-13 06:27:55',1671403256519078164,NULL,NULL),(6746,NULL,10,35,NULL,2,'2023-11-28 08:30:00',NULL,NULL,1,'ZD202311130627551',NULL,'2023-11-13 06:27:55','2023-11-13 06:27:55',1671403256519078164,NULL,NULL),(6747,NULL,10,35,NULL,2,'2023-11-29 08:30:00',NULL,NULL,1,'ZD202311130627551',NULL,'2023-11-13 06:27:55','2023-11-13 06:27:55',1671403256519078164,NULL,NULL),(6748,NULL,10,35,NULL,2,'2023-11-30 08:30:00',NULL,NULL,1,'ZD202311130627551',NULL,'2023-11-13 06:27:55','2023-11-13 06:27:55',1671403256519078164,NULL,NULL),(6749,NULL,3,34,NULL,2,'2023-11-12 18:30:00',NULL,NULL,1,'ZD202311130628231',NULL,'2023-11-13 06:28:24','2023-11-13 06:28:24',1671403256519078164,NULL,NULL),(6750,NULL,3,34,NULL,2,'2023-11-13 18:30:00',NULL,NULL,1,'ZD202311130628231',NULL,'2023-11-13 06:28:24','2023-11-13 06:28:24',1671403256519078164,NULL,NULL),(6751,NULL,3,34,NULL,2,'2023-11-14 18:30:00',NULL,NULL,1,'ZD202311130628231',NULL,'2023-11-13 06:28:24','2023-11-13 06:28:24',1671403256519078164,NULL,NULL),(6752,NULL,3,34,NULL,2,'2023-11-15 18:30:00',NULL,NULL,1,'ZD202311130628231',NULL,'2023-11-13 06:28:24','2023-11-13 06:28:24',1671403256519078164,NULL,NULL),(6753,NULL,3,34,NULL,2,'2023-11-16 18:30:00',NULL,NULL,1,'ZD202311130628231',NULL,'2023-11-13 06:28:24','2023-11-13 06:28:24',1671403256519078164,NULL,NULL),(6754,NULL,3,34,NULL,2,'2023-11-17 18:30:00',NULL,NULL,1,'ZD202311130628231',NULL,'2023-11-13 06:28:24','2023-11-13 06:28:24',1671403256519078164,NULL,NULL),(6755,NULL,3,34,NULL,2,'2023-11-18 18:30:00',NULL,NULL,1,'ZD202311130628231',NULL,'2023-11-13 06:28:24','2023-11-13 06:28:24',1671403256519078164,NULL,NULL),(6756,NULL,3,34,NULL,2,'2023-11-19 18:30:00',NULL,NULL,1,'ZD202311130628231',NULL,'2023-11-13 06:28:24','2023-11-13 06:28:24',1671403256519078164,NULL,NULL),(6757,NULL,3,34,NULL,2,'2023-11-20 18:30:00',NULL,NULL,1,'ZD202311130628231',NULL,'2023-11-13 06:28:24','2023-11-13 06:28:24',1671403256519078164,NULL,NULL),(6758,NULL,3,34,NULL,2,'2023-11-21 18:30:00',NULL,NULL,1,'ZD202311130628231',NULL,'2023-11-13 06:28:24','2023-11-13 06:28:24',1671403256519078164,NULL,NULL),(6759,NULL,3,34,NULL,2,'2023-11-22 18:30:00',NULL,NULL,1,'ZD202311130628231',NULL,'2023-11-13 06:28:24','2023-11-13 06:28:24',1671403256519078164,NULL,NULL),(6760,NULL,3,34,NULL,2,'2023-11-23 18:30:00',NULL,NULL,1,'ZD202311130628231',NULL,'2023-11-13 06:28:24','2023-11-13 06:28:24',1671403256519078164,NULL,NULL),(6761,NULL,3,34,NULL,2,'2023-11-24 18:30:00',NULL,NULL,1,'ZD202311130628231',NULL,'2023-11-13 06:28:24','2023-11-13 06:28:24',1671403256519078164,NULL,NULL),(6762,NULL,3,34,NULL,2,'2023-11-25 18:30:00',NULL,NULL,1,'ZD202311130628231',NULL,'2023-11-13 06:28:24','2023-11-13 06:28:24',1671403256519078164,NULL,NULL),(6763,NULL,3,34,NULL,2,'2023-11-26 18:30:00',NULL,NULL,1,'ZD202311130628231',NULL,'2023-11-13 06:28:24','2023-11-13 06:28:24',1671403256519078164,NULL,NULL),(6764,NULL,3,34,NULL,2,'2023-11-27 18:30:00',NULL,NULL,1,'ZD202311130628231',NULL,'2023-11-13 06:28:24','2023-11-13 06:28:24',1671403256519078164,NULL,NULL),(6765,NULL,3,34,NULL,2,'2023-11-28 18:30:00',NULL,NULL,1,'ZD202311130628231',NULL,'2023-11-13 06:28:24','2023-11-13 06:28:24',1671403256519078164,NULL,NULL),(6766,NULL,3,34,NULL,2,'2023-11-29 18:30:00',NULL,NULL,1,'ZD202311130628231',NULL,'2023-11-13 06:28:24','2023-11-13 06:28:24',1671403256519078164,NULL,NULL),(6767,NULL,3,34,NULL,2,'2023-11-30 18:30:00',NULL,NULL,1,'ZD202311130628231',NULL,'2023-11-13 06:28:24','2023-11-13 06:28:24',1671403256519078164,NULL,NULL),(6768,NULL,6,34,NULL,2,'2023-11-12 10:00:00',NULL,NULL,1,'ZD202311130628231',NULL,'2023-11-13 06:28:24','2023-11-13 06:28:24',1671403256519078164,NULL,NULL),(6769,NULL,6,34,NULL,2,'2023-11-13 10:00:00',NULL,NULL,1,'ZD202311130628231',NULL,'2023-11-13 06:28:24','2023-11-13 06:28:24',1671403256519078164,NULL,NULL),(6770,NULL,6,34,NULL,2,'2023-11-14 10:00:00',NULL,NULL,1,'ZD202311130628231',NULL,'2023-11-13 06:28:24','2023-11-13 06:28:24',1671403256519078164,NULL,NULL),(6771,NULL,6,34,NULL,2,'2023-11-15 10:00:00',NULL,NULL,1,'ZD202311130628231',NULL,'2023-11-13 06:28:24','2023-11-13 06:28:24',1671403256519078164,NULL,NULL),(6772,NULL,6,34,NULL,2,'2023-11-16 10:00:00',NULL,NULL,1,'ZD202311130628231',NULL,'2023-11-13 06:28:24','2023-11-13 06:28:24',1671403256519078164,NULL,NULL),(6773,NULL,6,34,NULL,2,'2023-11-17 10:00:00',NULL,NULL,1,'ZD202311130628231',NULL,'2023-11-13 06:28:24','2023-11-13 06:28:24',1671403256519078164,NULL,NULL),(6774,NULL,6,34,NULL,2,'2023-11-18 10:00:00',NULL,NULL,1,'ZD202311130628231',NULL,'2023-11-13 06:28:24','2023-11-13 06:28:24',1671403256519078164,NULL,NULL),(6775,NULL,6,34,NULL,2,'2023-11-19 10:00:00',NULL,NULL,1,'ZD202311130628231',NULL,'2023-11-13 06:28:24','2023-11-13 06:28:24',1671403256519078164,NULL,NULL),(6776,NULL,6,34,NULL,2,'2023-11-20 10:00:00',NULL,NULL,1,'ZD202311130628231',NULL,'2023-11-13 06:28:24','2023-11-13 06:28:24',1671403256519078164,NULL,NULL),(6777,NULL,6,34,NULL,2,'2023-11-21 10:00:00',NULL,NULL,1,'ZD202311130628231',NULL,'2023-11-13 06:28:24','2023-11-13 06:28:24',1671403256519078164,NULL,NULL),(6778,NULL,6,34,NULL,2,'2023-11-22 10:00:00',NULL,NULL,1,'ZD202311130628231',NULL,'2023-11-13 06:28:24','2023-11-13 06:28:24',1671403256519078164,NULL,NULL),(6779,NULL,6,34,NULL,2,'2023-11-23 10:00:00',NULL,NULL,1,'ZD202311130628231',NULL,'2023-11-13 06:28:24','2023-11-13 06:28:24',1671403256519078164,NULL,NULL),(6780,NULL,6,34,NULL,2,'2023-11-24 10:00:00',NULL,NULL,1,'ZD202311130628231',NULL,'2023-11-13 06:28:24','2023-11-13 06:28:24',1671403256519078164,NULL,NULL),(6781,NULL,6,34,NULL,2,'2023-11-25 10:00:00',NULL,NULL,1,'ZD202311130628231',NULL,'2023-11-13 06:28:24','2023-11-13 06:28:24',1671403256519078164,NULL,NULL),(6782,NULL,6,34,NULL,2,'2023-11-26 10:00:00',NULL,NULL,1,'ZD202311130628231',NULL,'2023-11-13 06:28:24','2023-11-13 06:28:24',1671403256519078164,NULL,NULL),(6783,NULL,6,34,NULL,2,'2023-11-27 10:00:00',NULL,NULL,1,'ZD202311130628231',NULL,'2023-11-13 06:28:24','2023-11-13 06:28:24',1671403256519078164,NULL,NULL),(6784,NULL,6,34,NULL,2,'2023-11-28 10:00:00',NULL,NULL,1,'ZD202311130628231',NULL,'2023-11-13 06:28:24','2023-11-13 06:28:24',1671403256519078164,NULL,NULL),(6785,NULL,6,34,NULL,2,'2023-11-29 10:00:00',NULL,NULL,1,'ZD202311130628231',NULL,'2023-11-13 06:28:24','2023-11-13 06:28:24',1671403256519078164,NULL,NULL),(6786,NULL,6,34,NULL,2,'2023-11-30 10:00:00',NULL,NULL,1,'ZD202311130628231',NULL,'2023-11-13 06:28:24','2023-11-13 06:28:24',1671403256519078164,NULL,NULL),(6787,NULL,8,34,NULL,2,'2023-11-12 16:00:00',NULL,NULL,1,'ZD202311130628231',NULL,'2023-11-13 06:28:24','2023-11-13 06:28:24',1671403256519078164,NULL,NULL),(6788,NULL,10,34,NULL,2,'2023-11-12 09:00:00',NULL,NULL,1,'ZD202311130628231',NULL,'2023-11-13 06:28:24','2023-11-13 06:28:24',1671403256519078164,NULL,NULL),(6789,NULL,10,34,NULL,2,'2023-11-13 09:00:00',NULL,NULL,1,'ZD202311130628231',NULL,'2023-11-13 06:28:24','2023-11-13 06:28:24',1671403256519078164,NULL,NULL),(6790,NULL,10,34,NULL,2,'2023-11-14 09:00:00',NULL,NULL,1,'ZD202311130628231',NULL,'2023-11-13 06:28:24','2023-11-13 06:28:24',1671403256519078164,NULL,NULL),(6791,NULL,10,34,NULL,2,'2023-11-15 09:00:00',NULL,NULL,1,'ZD202311130628231',NULL,'2023-11-13 06:28:24','2023-11-13 06:28:24',1671403256519078164,NULL,NULL),(6792,NULL,10,34,NULL,2,'2023-11-16 09:00:00',NULL,NULL,1,'ZD202311130628231',NULL,'2023-11-13 06:28:24','2023-11-13 06:28:24',1671403256519078164,NULL,NULL),(6793,NULL,10,34,NULL,2,'2023-11-17 09:00:00',NULL,NULL,1,'ZD202311130628231',NULL,'2023-11-13 06:28:24','2023-11-13 06:28:24',1671403256519078164,NULL,NULL),(6794,NULL,10,34,NULL,2,'2023-11-18 09:00:00',NULL,NULL,1,'ZD202311130628231',NULL,'2023-11-13 06:28:24','2023-11-13 06:28:24',1671403256519078164,NULL,NULL),(6795,NULL,10,34,NULL,2,'2023-11-19 09:00:00',NULL,NULL,1,'ZD202311130628231',NULL,'2023-11-13 06:28:24','2023-11-13 06:28:24',1671403256519078164,NULL,NULL),(6796,NULL,10,34,NULL,2,'2023-11-20 09:00:00',NULL,NULL,1,'ZD202311130628231',NULL,'2023-11-13 06:28:24','2023-11-13 06:28:24',1671403256519078164,NULL,NULL),(6797,NULL,10,34,NULL,2,'2023-11-21 09:00:00',NULL,NULL,1,'ZD202311130628231',NULL,'2023-11-13 06:28:24','2023-11-13 06:28:24',1671403256519078164,NULL,NULL),(6798,NULL,10,34,NULL,2,'2023-11-22 09:00:00',NULL,NULL,1,'ZD202311130628231',NULL,'2023-11-13 06:28:24','2023-11-13 06:28:24',1671403256519078164,NULL,NULL),(6799,NULL,10,34,NULL,2,'2023-11-23 09:00:00',NULL,NULL,1,'ZD202311130628231',NULL,'2023-11-13 06:28:24','2023-11-13 06:28:24',1671403256519078164,NULL,NULL),(6800,NULL,10,34,NULL,2,'2023-11-24 09:00:00',NULL,NULL,1,'ZD202311130628231',NULL,'2023-11-13 06:28:24','2023-11-13 06:28:24',1671403256519078164,NULL,NULL),(6801,NULL,10,34,NULL,2,'2023-11-25 09:00:00',NULL,NULL,1,'ZD202311130628231',NULL,'2023-11-13 06:28:24','2023-11-13 06:28:24',1671403256519078164,NULL,NULL),(6802,NULL,10,34,NULL,2,'2023-11-26 09:00:00',NULL,NULL,1,'ZD202311130628231',NULL,'2023-11-13 06:28:24','2023-11-13 06:28:24',1671403256519078164,NULL,NULL),(6803,NULL,10,34,NULL,2,'2023-11-27 09:00:00',NULL,NULL,1,'ZD202311130628231',NULL,'2023-11-13 06:28:24','2023-11-13 06:28:24',1671403256519078164,NULL,NULL),(6804,NULL,10,34,NULL,2,'2023-11-28 09:00:00',NULL,NULL,1,'ZD202311130628231',NULL,'2023-11-13 06:28:24','2023-11-13 06:28:24',1671403256519078164,NULL,NULL),(6805,NULL,10,34,NULL,2,'2023-11-29 09:00:00',NULL,NULL,1,'ZD202311130628231',NULL,'2023-11-13 06:28:24','2023-11-13 06:28:24',1671403256519078164,NULL,NULL),(6806,NULL,10,34,NULL,2,'2023-11-30 09:00:00',NULL,NULL,1,'ZD202311130628231',NULL,'2023-11-13 06:28:24','2023-11-13 06:28:24',1671403256519078164,NULL,NULL),(6807,NULL,9,34,NULL,2,'2023-11-12 12:00:00',NULL,NULL,1,'ZD202311130628231',NULL,'2023-11-13 06:28:24','2023-11-13 06:28:24',1671403256519078164,NULL,NULL),(6808,NULL,9,34,NULL,2,'2023-11-15 12:00:00',NULL,NULL,1,'ZD202311130628231',NULL,'2023-11-13 06:28:24','2023-11-13 06:28:24',1671403256519078164,NULL,NULL),(6809,NULL,9,34,NULL,2,'2023-11-19 12:00:00',NULL,NULL,1,'ZD202311130628231',NULL,'2023-11-13 06:28:24','2023-11-13 06:28:24',1671403256519078164,NULL,NULL),(6810,NULL,9,34,NULL,2,'2023-11-22 12:00:00',NULL,NULL,1,'ZD202311130628231',NULL,'2023-11-13 06:28:24','2023-11-13 06:28:24',1671403256519078164,NULL,NULL),(6811,NULL,9,34,NULL,2,'2023-11-26 12:00:00',NULL,NULL,1,'ZD202311130628231',NULL,'2023-11-13 06:28:24','2023-11-13 06:28:24',1671403256519078164,NULL,NULL),(6812,NULL,9,34,NULL,2,'2023-11-29 12:00:00',NULL,NULL,1,'ZD202311130628231',NULL,'2023-11-13 06:28:24','2023-11-13 06:28:24',1671403256519078164,NULL,NULL),(6813,NULL,4,33,NULL,2,'2023-11-12 08:00:00',NULL,NULL,1,'ZD202311130628411',NULL,'2023-11-13 06:28:42','2023-11-13 06:28:42',1671403256519078164,NULL,NULL),(6814,NULL,4,33,NULL,2,'2023-11-19 08:00:00',NULL,NULL,1,'ZD202311130628411',NULL,'2023-11-13 06:28:42','2023-11-13 06:28:42',1671403256519078164,NULL,NULL),(6815,NULL,4,33,NULL,2,'2023-11-26 08:00:00',NULL,NULL,1,'ZD202311130628411',NULL,'2023-11-13 06:28:42','2023-11-13 06:28:42',1671403256519078164,NULL,NULL),(6816,NULL,3,33,NULL,2,'2023-11-12 20:00:00',NULL,NULL,1,'ZD202311130628411',NULL,'2023-11-13 06:28:42','2023-11-13 06:28:42',1671403256519078164,NULL,NULL),(6817,NULL,3,33,NULL,2,'2023-11-13 20:00:00',NULL,NULL,1,'ZD202311130628411',NULL,'2023-11-13 06:28:42','2023-11-13 06:28:42',1671403256519078164,NULL,NULL),(6818,NULL,3,33,NULL,2,'2023-11-14 20:00:00',NULL,NULL,1,'ZD202311130628411',NULL,'2023-11-13 06:28:42','2023-11-13 06:28:42',1671403256519078164,NULL,NULL),(6819,NULL,3,33,NULL,2,'2023-11-15 20:00:00',NULL,NULL,1,'ZD202311130628411',NULL,'2023-11-13 06:28:42','2023-11-13 06:28:42',1671403256519078164,NULL,NULL),(6820,NULL,3,33,NULL,2,'2023-11-16 20:00:00',NULL,NULL,1,'ZD202311130628411',NULL,'2023-11-13 06:28:42','2023-11-13 06:28:42',1671403256519078164,NULL,NULL),(6821,NULL,3,33,NULL,2,'2023-11-17 20:00:00',NULL,NULL,1,'ZD202311130628411',NULL,'2023-11-13 06:28:42','2023-11-13 06:28:42',1671403256519078164,NULL,NULL),(6822,NULL,3,33,NULL,2,'2023-11-18 20:00:00',NULL,NULL,1,'ZD202311130628411',NULL,'2023-11-13 06:28:42','2023-11-13 06:28:42',1671403256519078164,NULL,NULL),(6823,NULL,3,33,NULL,2,'2023-11-19 20:00:00',NULL,NULL,1,'ZD202311130628411',NULL,'2023-11-13 06:28:42','2023-11-13 06:28:42',1671403256519078164,NULL,NULL),(6824,NULL,3,33,NULL,2,'2023-11-20 20:00:00',NULL,NULL,1,'ZD202311130628411',NULL,'2023-11-13 06:28:42','2023-11-13 06:28:42',1671403256519078164,NULL,NULL),(6825,NULL,3,33,NULL,2,'2023-11-21 20:00:00',NULL,NULL,1,'ZD202311130628411',NULL,'2023-11-13 06:28:42','2023-11-13 06:28:42',1671403256519078164,NULL,NULL),(6826,NULL,3,33,NULL,2,'2023-11-22 20:00:00',NULL,NULL,1,'ZD202311130628411',NULL,'2023-11-13 06:28:42','2023-11-13 06:28:42',1671403256519078164,NULL,NULL),(6827,NULL,3,33,NULL,2,'2023-11-23 20:00:00',NULL,NULL,1,'ZD202311130628411',NULL,'2023-11-13 06:28:42','2023-11-13 06:28:42',1671403256519078164,NULL,NULL),(6828,NULL,3,33,NULL,2,'2023-11-24 20:00:00',NULL,NULL,1,'ZD202311130628411',NULL,'2023-11-13 06:28:42','2023-11-13 06:28:42',1671403256519078164,NULL,NULL),(6829,NULL,3,33,NULL,2,'2023-11-25 20:00:00',NULL,NULL,1,'ZD202311130628411',NULL,'2023-11-13 06:28:42','2023-11-13 06:28:42',1671403256519078164,NULL,NULL),(6830,NULL,3,33,NULL,2,'2023-11-26 20:00:00',NULL,NULL,1,'ZD202311130628411',NULL,'2023-11-13 06:28:42','2023-11-13 06:28:42',1671403256519078164,NULL,NULL),(6831,NULL,3,33,NULL,2,'2023-11-27 20:00:00',NULL,NULL,1,'ZD202311130628411',NULL,'2023-11-13 06:28:42','2023-11-13 06:28:42',1671403256519078164,NULL,NULL),(6832,NULL,3,33,NULL,2,'2023-11-28 20:00:00',NULL,NULL,1,'ZD202311130628411',NULL,'2023-11-13 06:28:42','2023-11-13 06:28:42',1671403256519078164,NULL,NULL),(6833,NULL,3,33,NULL,2,'2023-11-29 20:00:00',NULL,NULL,1,'ZD202311130628411',NULL,'2023-11-13 06:28:42','2023-11-13 06:28:42',1671403256519078164,NULL,NULL),(6834,NULL,3,33,NULL,2,'2023-11-30 20:00:00',NULL,NULL,1,'ZD202311130628411',NULL,'2023-11-13 06:28:42','2023-11-13 06:28:42',1671403256519078164,NULL,NULL),(6835,NULL,9,33,NULL,2,'2023-11-12 17:00:00',NULL,NULL,1,'ZD202311130628411',NULL,'2023-11-13 06:28:42','2023-11-13 06:28:42',1671403256519078164,NULL,NULL),(6836,NULL,9,33,NULL,2,'2023-11-19 17:00:00',NULL,NULL,1,'ZD202311130628411',NULL,'2023-11-13 06:28:42','2023-11-13 06:28:42',1671403256519078164,NULL,NULL),(6837,NULL,9,33,NULL,2,'2023-11-26 17:00:00',NULL,NULL,1,'ZD202311130628411',NULL,'2023-11-13 06:28:42','2023-11-13 06:28:42',1671403256519078164,NULL,NULL),(6838,NULL,4,32,NULL,2,'2023-11-12 08:00:00',NULL,NULL,1,'ZD202311130629031',NULL,'2023-11-13 06:29:03','2023-11-13 06:29:03',1671403256519078164,NULL,NULL),(6839,NULL,4,32,NULL,2,'2023-11-19 08:00:00',NULL,NULL,1,'ZD202311130629031',NULL,'2023-11-13 06:29:03','2023-11-13 06:29:03',1671403256519078164,NULL,NULL),(6840,NULL,4,32,NULL,2,'2023-11-26 08:00:00',NULL,NULL,1,'ZD202311130629031',NULL,'2023-11-13 06:29:03','2023-11-13 06:29:03',1671403256519078164,NULL,NULL),(6841,NULL,3,32,NULL,2,'2023-11-12 20:00:00',NULL,NULL,1,'ZD202311130629031',NULL,'2023-11-13 06:29:03','2023-11-13 06:29:03',1671403256519078164,NULL,NULL),(6842,NULL,3,32,NULL,2,'2023-11-13 20:00:00',NULL,NULL,1,'ZD202311130629031',NULL,'2023-11-13 06:29:03','2023-11-13 06:29:03',1671403256519078164,NULL,NULL),(6843,NULL,3,32,NULL,2,'2023-11-14 20:00:00',NULL,NULL,1,'ZD202311130629031',NULL,'2023-11-13 06:29:03','2023-11-13 06:29:03',1671403256519078164,NULL,NULL),(6844,NULL,3,32,NULL,2,'2023-11-15 20:00:00',NULL,NULL,1,'ZD202311130629031',NULL,'2023-11-13 06:29:03','2023-11-13 06:29:03',1671403256519078164,NULL,NULL),(6845,NULL,3,32,NULL,2,'2023-11-16 20:00:00',NULL,NULL,1,'ZD202311130629031',NULL,'2023-11-13 06:29:03','2023-11-13 06:29:03',1671403256519078164,NULL,NULL),(6846,NULL,3,32,NULL,2,'2023-11-17 20:00:00',NULL,NULL,1,'ZD202311130629031',NULL,'2023-11-13 06:29:03','2023-11-13 06:29:03',1671403256519078164,NULL,NULL),(6847,NULL,3,32,NULL,2,'2023-11-18 20:00:00',NULL,NULL,1,'ZD202311130629031',NULL,'2023-11-13 06:29:03','2023-11-13 06:29:03',1671403256519078164,NULL,NULL),(6848,NULL,3,32,NULL,2,'2023-11-19 20:00:00',NULL,NULL,1,'ZD202311130629031',NULL,'2023-11-13 06:29:03','2023-11-13 06:29:03',1671403256519078164,NULL,NULL),(6849,NULL,3,32,NULL,2,'2023-11-20 20:00:00',NULL,NULL,1,'ZD202311130629031',NULL,'2023-11-13 06:29:03','2023-11-13 06:29:03',1671403256519078164,NULL,NULL),(6850,NULL,3,32,NULL,2,'2023-11-21 20:00:00',NULL,NULL,1,'ZD202311130629031',NULL,'2023-11-13 06:29:03','2023-11-13 06:29:03',1671403256519078164,NULL,NULL),(6851,NULL,3,32,NULL,2,'2023-11-22 20:00:00',NULL,NULL,1,'ZD202311130629031',NULL,'2023-11-13 06:29:03','2023-11-13 06:29:03',1671403256519078164,NULL,NULL),(6852,NULL,3,32,NULL,2,'2023-11-23 20:00:00',NULL,NULL,1,'ZD202311130629031',NULL,'2023-11-13 06:29:03','2023-11-13 06:29:03',1671403256519078164,NULL,NULL),(6853,NULL,3,32,NULL,2,'2023-11-24 20:00:00',NULL,NULL,1,'ZD202311130629031',NULL,'2023-11-13 06:29:03','2023-11-13 06:29:03',1671403256519078164,NULL,NULL),(6854,NULL,3,32,NULL,2,'2023-11-25 20:00:00',NULL,NULL,1,'ZD202311130629031',NULL,'2023-11-13 06:29:03','2023-11-13 06:29:03',1671403256519078164,NULL,NULL),(6855,NULL,3,32,NULL,2,'2023-11-26 20:00:00',NULL,NULL,1,'ZD202311130629031',NULL,'2023-11-13 06:29:03','2023-11-13 06:29:03',1671403256519078164,NULL,NULL),(6856,NULL,3,32,NULL,2,'2023-11-27 20:00:00',NULL,NULL,1,'ZD202311130629031',NULL,'2023-11-13 06:29:03','2023-11-13 06:29:03',1671403256519078164,NULL,NULL),(6857,NULL,3,32,NULL,2,'2023-11-28 20:00:00',NULL,NULL,1,'ZD202311130629031',NULL,'2023-11-13 06:29:03','2023-11-13 06:29:03',1671403256519078164,NULL,NULL),(6858,NULL,3,32,NULL,2,'2023-11-29 20:00:00',NULL,NULL,1,'ZD202311130629031',NULL,'2023-11-13 06:29:03','2023-11-13 06:29:03',1671403256519078164,NULL,NULL),(6859,NULL,3,32,NULL,2,'2023-11-30 20:00:00',NULL,NULL,1,'ZD202311130629031',NULL,'2023-11-13 06:29:03','2023-11-13 06:29:03',1671403256519078164,NULL,NULL),(6860,NULL,9,32,NULL,2,'2023-11-12 17:00:00',NULL,NULL,1,'ZD202311130629031',NULL,'2023-11-13 06:29:03','2023-11-13 06:29:03',1671403256519078164,NULL,NULL),(6861,NULL,9,32,NULL,2,'2023-11-19 17:00:00',NULL,NULL,1,'ZD202311130629031',NULL,'2023-11-13 06:29:03','2023-11-13 06:29:03',1671403256519078164,NULL,NULL),(6862,NULL,9,32,NULL,2,'2023-11-26 17:00:00',NULL,NULL,1,'ZD202311130629031',NULL,'2023-11-13 06:29:03','2023-11-13 06:29:03',1671403256519078164,NULL,NULL),(6863,NULL,3,1,NULL,2,'2023-11-16 18:30:00',NULL,NULL,1,'ZD202311162201311',NULL,'2023-11-16 22:01:32','2023-11-16 22:01:32',1671403256519078168,NULL,NULL),(6864,NULL,3,1,NULL,2,'2023-11-17 18:30:00',NULL,NULL,1,'ZD202311162201311',NULL,'2023-11-16 22:01:32','2023-11-16 22:01:32',1671403256519078168,NULL,NULL),(6865,NULL,3,1,NULL,2,'2023-11-18 18:30:00',NULL,NULL,1,'ZD202311162201311',NULL,'2023-11-16 22:01:32','2023-11-16 22:01:32',1671403256519078168,NULL,NULL),(6866,NULL,3,1,NULL,2,'2023-11-19 18:30:00',NULL,NULL,1,'ZD202311162201311',NULL,'2023-11-16 22:01:32','2023-11-16 22:01:32',1671403256519078168,NULL,NULL),(6867,NULL,3,1,NULL,2,'2023-11-20 18:30:00',NULL,NULL,1,'ZD202311162201311',NULL,'2023-11-16 22:01:32','2023-11-16 22:01:32',1671403256519078168,NULL,NULL),(6868,NULL,3,1,NULL,2,'2023-11-21 18:30:00',NULL,NULL,1,'ZD202311162201311',NULL,'2023-11-16 22:01:32','2023-11-16 22:01:32',1671403256519078168,NULL,NULL),(6869,NULL,3,1,NULL,2,'2023-11-22 18:30:00',NULL,NULL,1,'ZD202311162201311',NULL,'2023-11-16 22:01:32','2023-11-16 22:01:32',1671403256519078168,NULL,NULL),(6870,NULL,3,1,NULL,2,'2023-11-23 18:30:00',NULL,NULL,1,'ZD202311162201311',NULL,'2023-11-16 22:01:32','2023-11-16 22:01:32',1671403256519078168,NULL,NULL),(6871,NULL,3,1,NULL,2,'2023-11-24 18:30:00',NULL,NULL,1,'ZD202311162201311',NULL,'2023-11-16 22:01:32','2023-11-16 22:01:32',1671403256519078168,NULL,NULL),(6872,NULL,3,1,NULL,2,'2023-11-25 18:30:00',NULL,NULL,1,'ZD202311162201311',NULL,'2023-11-16 22:01:32','2023-11-16 22:01:32',1671403256519078168,NULL,NULL),(6873,NULL,3,1,NULL,2,'2023-11-26 18:30:00',NULL,NULL,1,'ZD202311162201311',NULL,'2023-11-16 22:01:32','2023-11-16 22:01:32',1671403256519078168,NULL,NULL),(6874,NULL,3,1,NULL,2,'2023-11-27 18:30:00',NULL,NULL,1,'ZD202311162201311',NULL,'2023-11-16 22:01:32','2023-11-16 22:01:32',1671403256519078168,NULL,NULL),(6875,NULL,3,1,NULL,2,'2023-11-28 18:30:00',NULL,NULL,1,'ZD202311162201311',NULL,'2023-11-16 22:01:32','2023-11-16 22:01:32',1671403256519078168,NULL,NULL),(6876,NULL,3,1,NULL,2,'2023-11-29 18:30:00',NULL,NULL,1,'ZD202311162201311',NULL,'2023-11-16 22:01:32','2023-11-16 22:01:32',1671403256519078168,NULL,NULL),(6877,NULL,3,1,NULL,2,'2023-11-30 18:30:00',NULL,NULL,1,'ZD202311162201311',NULL,'2023-11-16 22:01:32','2023-11-16 22:01:32',1671403256519078168,NULL,NULL),(6878,NULL,6,1,NULL,2,'2023-11-16 10:00:00',NULL,NULL,1,'ZD202311162201311',NULL,'2023-11-16 22:01:32','2023-11-16 22:01:32',1671403256519078168,NULL,NULL),(6879,NULL,6,1,NULL,2,'2023-11-17 10:00:00',NULL,NULL,1,'ZD202311162201311',NULL,'2023-11-16 22:01:32','2023-11-16 22:01:32',1671403256519078168,NULL,NULL),(6880,NULL,6,1,NULL,2,'2023-11-18 10:00:00',NULL,NULL,1,'ZD202311162201311',NULL,'2023-11-16 22:01:32','2023-11-16 22:01:32',1671403256519078168,NULL,NULL),(6881,NULL,6,1,NULL,2,'2023-11-19 10:00:00',NULL,NULL,1,'ZD202311162201311',NULL,'2023-11-16 22:01:32','2023-11-16 22:01:32',1671403256519078168,NULL,NULL),(6882,NULL,6,1,NULL,2,'2023-11-20 10:00:00',NULL,NULL,1,'ZD202311162201311',NULL,'2023-11-16 22:01:32','2023-11-16 22:01:32',1671403256519078168,NULL,NULL),(6883,NULL,6,1,NULL,2,'2023-11-21 10:00:00',NULL,NULL,1,'ZD202311162201311',NULL,'2023-11-16 22:01:32','2023-11-16 22:01:32',1671403256519078168,NULL,NULL),(6884,NULL,6,1,NULL,2,'2023-11-22 10:00:00',NULL,NULL,1,'ZD202311162201311',NULL,'2023-11-16 22:01:32','2023-11-16 22:01:32',1671403256519078168,NULL,NULL),(6885,NULL,6,1,NULL,2,'2023-11-23 10:00:00',NULL,NULL,1,'ZD202311162201311',NULL,'2023-11-16 22:01:32','2023-11-16 22:01:32',1671403256519078168,NULL,NULL),(6886,NULL,6,1,NULL,2,'2023-11-24 10:00:00',NULL,NULL,1,'ZD202311162201311',NULL,'2023-11-16 22:01:32','2023-11-16 22:01:32',1671403256519078168,NULL,NULL),(6887,NULL,6,1,NULL,2,'2023-11-25 10:00:00',NULL,NULL,1,'ZD202311162201311',NULL,'2023-11-16 22:01:32','2023-11-16 22:01:32',1671403256519078168,NULL,NULL),(6888,NULL,6,1,NULL,2,'2023-11-26 10:00:00',NULL,NULL,1,'ZD202311162201311',NULL,'2023-11-16 22:01:32','2023-11-16 22:01:32',1671403256519078168,NULL,NULL),(6889,NULL,6,1,NULL,2,'2023-11-27 10:00:00',NULL,NULL,1,'ZD202311162201311',NULL,'2023-11-16 22:01:32','2023-11-16 22:01:32',1671403256519078168,NULL,NULL),(6890,NULL,6,1,NULL,2,'2023-11-28 10:00:00',NULL,NULL,1,'ZD202311162201311',NULL,'2023-11-16 22:01:32','2023-11-16 22:01:32',1671403256519078168,NULL,NULL),(6891,NULL,6,1,NULL,2,'2023-11-29 10:00:00',NULL,NULL,1,'ZD202311162201311',NULL,'2023-11-16 22:01:32','2023-11-16 22:01:32',1671403256519078168,NULL,NULL),(6892,NULL,6,1,NULL,2,'2023-11-30 10:00:00',NULL,NULL,1,'ZD202311162201311',NULL,'2023-11-16 22:01:32','2023-11-16 22:01:32',1671403256519078168,NULL,NULL),(6893,NULL,8,1,NULL,2,'2023-11-16 16:00:00',NULL,NULL,1,'ZD202311162201311',NULL,'2023-11-16 22:01:32','2023-11-16 22:01:32',1671403256519078168,NULL,NULL),(6894,NULL,10,1,NULL,2,'2023-11-16 09:00:00',NULL,NULL,1,'ZD202311162201311',NULL,'2023-11-16 22:01:32','2023-11-16 22:01:32',1671403256519078168,NULL,NULL),(6895,NULL,10,1,NULL,2,'2023-11-17 09:00:00',NULL,NULL,1,'ZD202311162201311',NULL,'2023-11-16 22:01:32','2023-11-16 22:01:32',1671403256519078168,NULL,NULL),(6896,NULL,10,1,NULL,2,'2023-11-18 09:00:00',NULL,NULL,1,'ZD202311162201311',NULL,'2023-11-16 22:01:32','2023-11-16 22:01:32',1671403256519078168,NULL,NULL),(6897,NULL,10,1,NULL,2,'2023-11-19 09:00:00',NULL,NULL,1,'ZD202311162201311',NULL,'2023-11-16 22:01:32','2023-11-16 22:01:32',1671403256519078168,NULL,NULL),(6898,NULL,10,1,NULL,2,'2023-11-20 09:00:00',NULL,NULL,1,'ZD202311162201311',NULL,'2023-11-16 22:01:32','2023-11-16 22:01:32',1671403256519078168,NULL,NULL),(6899,NULL,10,1,NULL,2,'2023-11-21 09:00:00',NULL,NULL,1,'ZD202311162201311',NULL,'2023-11-16 22:01:32','2023-11-16 22:01:32',1671403256519078168,NULL,NULL),(6900,NULL,10,1,NULL,2,'2023-11-22 09:00:00',NULL,NULL,1,'ZD202311162201311',NULL,'2023-11-16 22:01:32','2023-11-16 22:01:32',1671403256519078168,NULL,NULL),(6901,NULL,10,1,NULL,2,'2023-11-23 09:00:00',NULL,NULL,1,'ZD202311162201311',NULL,'2023-11-16 22:01:32','2023-11-16 22:01:32',1671403256519078168,NULL,NULL),(6902,NULL,10,1,NULL,2,'2023-11-24 09:00:00',NULL,NULL,1,'ZD202311162201311',NULL,'2023-11-16 22:01:32','2023-11-16 22:01:32',1671403256519078168,NULL,NULL),(6903,NULL,10,1,NULL,2,'2023-11-25 09:00:00',NULL,NULL,1,'ZD202311162201311',NULL,'2023-11-16 22:01:32','2023-11-16 22:01:32',1671403256519078168,NULL,NULL),(6904,NULL,10,1,NULL,2,'2023-11-26 09:00:00',NULL,NULL,1,'ZD202311162201311',NULL,'2023-11-16 22:01:32','2023-11-16 22:01:32',1671403256519078168,NULL,NULL),(6905,NULL,10,1,NULL,2,'2023-11-27 09:00:00',NULL,NULL,1,'ZD202311162201311',NULL,'2023-11-16 22:01:32','2023-11-16 22:01:32',1671403256519078168,NULL,NULL),(6906,NULL,10,1,NULL,2,'2023-11-28 09:00:00',NULL,NULL,1,'ZD202311162201311',NULL,'2023-11-16 22:01:32','2023-11-16 22:01:32',1671403256519078168,NULL,NULL),(6907,NULL,10,1,NULL,2,'2023-11-29 09:00:00',NULL,NULL,1,'ZD202311162201311',NULL,'2023-11-16 22:01:32','2023-11-16 22:01:32',1671403256519078168,NULL,NULL),(6908,NULL,10,1,NULL,2,'2023-11-30 09:00:00',NULL,NULL,1,'ZD202311162201311',NULL,'2023-11-16 22:01:32','2023-11-16 22:01:32',1671403256519078168,NULL,NULL),(6909,NULL,9,1,NULL,2,'2023-11-16 12:00:00',NULL,NULL,1,'ZD202311162201311',NULL,'2023-11-16 22:01:32','2023-11-16 22:01:32',1671403256519078168,NULL,NULL),(6910,NULL,9,1,NULL,2,'2023-11-19 12:00:00',NULL,NULL,1,'ZD202311162201311',NULL,'2023-11-16 22:01:32','2023-11-16 22:01:32',1671403256519078168,NULL,NULL),(6911,NULL,9,1,NULL,2,'2023-11-23 12:00:00',NULL,NULL,1,'ZD202311162201311',NULL,'2023-11-16 22:01:32','2023-11-16 22:01:32',1671403256519078168,NULL,NULL),(6912,NULL,9,1,NULL,2,'2023-11-26 12:00:00',NULL,NULL,1,'ZD202311162201311',NULL,'2023-11-16 22:01:32','2023-11-16 22:01:32',1671403256519078168,NULL,NULL),(6913,NULL,9,1,NULL,2,'2023-11-30 12:00:00',NULL,NULL,1,'ZD202311162201311',NULL,'2023-11-16 22:01:32','2023-11-16 22:01:32',1671403256519078168,NULL,NULL),(6914,NULL,1,6,NULL,2,'2023-11-16 08:00:00',NULL,NULL,1,'ZD202311162201461',NULL,'2023-11-16 22:01:46','2023-11-16 22:01:46',1671403256519078168,NULL,NULL),(6915,NULL,1,6,NULL,2,'2023-11-23 08:00:00',NULL,NULL,1,'ZD202311162201461',NULL,'2023-11-16 22:01:46','2023-11-16 22:01:46',1671403256519078168,NULL,NULL),(6916,NULL,1,6,NULL,2,'2023-11-30 08:00:00',NULL,NULL,1,'ZD202311162201461',NULL,'2023-11-16 22:01:46','2023-11-16 22:01:46',1671403256519078168,NULL,NULL),(6917,NULL,2,6,NULL,2,'2023-11-16 14:00:00',NULL,NULL,1,'ZD202311162201461',NULL,'2023-11-16 22:01:46','2023-11-16 22:01:46',1671403256519078168,NULL,NULL),(6918,NULL,2,6,NULL,2,'2023-11-18 14:00:00',NULL,NULL,1,'ZD202311162201461',NULL,'2023-11-16 22:01:46','2023-11-16 22:01:46',1671403256519078168,NULL,NULL),(6919,NULL,2,6,NULL,2,'2023-11-20 14:00:00',NULL,NULL,1,'ZD202311162201461',NULL,'2023-11-16 22:01:46','2023-11-16 22:01:46',1671403256519078168,NULL,NULL),(6920,NULL,2,6,NULL,2,'2023-11-23 14:00:00',NULL,NULL,1,'ZD202311162201461',NULL,'2023-11-16 22:01:46','2023-11-16 22:01:46',1671403256519078168,NULL,NULL),(6921,NULL,2,6,NULL,2,'2023-11-25 14:00:00',NULL,NULL,1,'ZD202311162201461',NULL,'2023-11-16 22:01:46','2023-11-16 22:01:46',1671403256519078168,NULL,NULL),(6922,NULL,2,6,NULL,2,'2023-11-27 14:00:00',NULL,NULL,1,'ZD202311162201461',NULL,'2023-11-16 22:01:46','2023-11-16 22:01:46',1671403256519078168,NULL,NULL),(6923,NULL,2,6,NULL,2,'2023-11-30 14:00:00',NULL,NULL,1,'ZD202311162201461',NULL,'2023-11-16 22:01:46','2023-11-16 22:01:46',1671403256519078168,NULL,NULL),(6924,NULL,3,6,NULL,2,'2023-11-16 21:00:00',NULL,NULL,1,'ZD202311162201461',NULL,'2023-11-16 22:01:46','2023-11-16 22:01:46',1671403256519078168,NULL,NULL),(6925,NULL,3,6,NULL,2,'2023-11-17 21:00:00',NULL,NULL,1,'ZD202311162201461',NULL,'2023-11-16 22:01:46','2023-11-16 22:01:46',1671403256519078168,NULL,NULL),(6926,NULL,3,6,NULL,2,'2023-11-18 21:00:00',NULL,NULL,1,'ZD202311162201461',NULL,'2023-11-16 22:01:46','2023-11-16 22:01:46',1671403256519078168,NULL,NULL),(6927,NULL,3,6,NULL,2,'2023-11-19 21:00:00',NULL,NULL,1,'ZD202311162201461',NULL,'2023-11-16 22:01:46','2023-11-16 22:01:46',1671403256519078168,NULL,NULL),(6928,NULL,3,6,NULL,2,'2023-11-20 21:00:00',NULL,NULL,1,'ZD202311162201461',NULL,'2023-11-16 22:01:46','2023-11-16 22:01:46',1671403256519078168,NULL,NULL),(6929,NULL,3,6,NULL,2,'2023-11-21 21:00:00',NULL,NULL,1,'ZD202311162201461',NULL,'2023-11-16 22:01:46','2023-11-16 22:01:46',1671403256519078168,NULL,NULL),(6930,NULL,3,6,NULL,2,'2023-11-22 21:00:00',NULL,NULL,1,'ZD202311162201461',NULL,'2023-11-16 22:01:46','2023-11-16 22:01:46',1671403256519078168,NULL,NULL),(6931,NULL,3,6,NULL,2,'2023-11-23 21:00:00',NULL,NULL,1,'ZD202311162201461',NULL,'2023-11-16 22:01:46','2023-11-16 22:01:46',1671403256519078168,NULL,NULL),(6932,NULL,3,6,NULL,2,'2023-11-24 21:00:00',NULL,NULL,1,'ZD202311162201461',NULL,'2023-11-16 22:01:46','2023-11-16 22:01:46',1671403256519078168,NULL,NULL),(6933,NULL,3,6,NULL,2,'2023-11-25 21:00:00',NULL,NULL,1,'ZD202311162201461',NULL,'2023-11-16 22:01:46','2023-11-16 22:01:46',1671403256519078168,NULL,NULL),(6934,NULL,3,6,NULL,2,'2023-11-26 21:00:00',NULL,NULL,1,'ZD202311162201461',NULL,'2023-11-16 22:01:46','2023-11-16 22:01:46',1671403256519078168,NULL,NULL),(6935,NULL,3,6,NULL,2,'2023-11-27 21:00:00',NULL,NULL,1,'ZD202311162201461',NULL,'2023-11-16 22:01:46','2023-11-16 22:01:46',1671403256519078168,NULL,NULL),(6936,NULL,3,6,NULL,2,'2023-11-28 21:00:00',NULL,NULL,1,'ZD202311162201461',NULL,'2023-11-16 22:01:46','2023-11-16 22:01:46',1671403256519078168,NULL,NULL),(6937,NULL,3,6,NULL,2,'2023-11-29 21:00:00',NULL,NULL,1,'ZD202311162201461',NULL,'2023-11-16 22:01:46','2023-11-16 22:01:46',1671403256519078168,NULL,NULL),(6938,NULL,3,6,NULL,2,'2023-11-30 21:00:00',NULL,NULL,1,'ZD202311162201461',NULL,'2023-11-16 22:01:46','2023-11-16 22:01:46',1671403256519078168,NULL,NULL),(6939,NULL,4,6,NULL,2,'2023-11-16 10:00:00',NULL,NULL,1,'ZD202311162201461',NULL,'2023-11-16 22:01:46','2023-11-16 22:01:46',1671403256519078168,NULL,NULL),(6940,NULL,11,6,NULL,2,'2023-11-16 12:00:00',NULL,NULL,1,'ZD202311162201461',NULL,'2023-11-16 22:01:46','2023-11-16 22:01:46',1671403256519078168,NULL,NULL),(6941,NULL,11,6,NULL,2,'2023-11-17 12:00:00',NULL,NULL,1,'ZD202311162201461',NULL,'2023-11-16 22:01:46','2023-11-16 22:01:46',1671403256519078168,NULL,NULL),(6942,NULL,11,6,NULL,2,'2023-11-18 12:00:00',NULL,NULL,1,'ZD202311162201461',NULL,'2023-11-16 22:01:46','2023-11-16 22:01:46',1671403256519078168,NULL,NULL),(6943,NULL,11,6,NULL,2,'2023-11-19 12:00:00',NULL,NULL,1,'ZD202311162201461',NULL,'2023-11-16 22:01:46','2023-11-16 22:01:46',1671403256519078168,NULL,NULL),(6944,NULL,11,6,NULL,2,'2023-11-20 12:00:00',NULL,NULL,1,'ZD202311162201461',NULL,'2023-11-16 22:01:46','2023-11-16 22:01:46',1671403256519078168,NULL,NULL),(6945,NULL,11,6,NULL,2,'2023-11-21 12:00:00',NULL,NULL,1,'ZD202311162201461',NULL,'2023-11-16 22:01:46','2023-11-16 22:01:46',1671403256519078168,NULL,NULL),(6946,NULL,11,6,NULL,2,'2023-11-22 12:00:00',NULL,NULL,1,'ZD202311162201461',NULL,'2023-11-16 22:01:46','2023-11-16 22:01:46',1671403256519078168,NULL,NULL),(6947,NULL,11,6,NULL,2,'2023-11-23 12:00:00',NULL,NULL,1,'ZD202311162201461',NULL,'2023-11-16 22:01:46','2023-11-16 22:01:46',1671403256519078168,NULL,NULL),(6948,NULL,11,6,NULL,2,'2023-11-24 12:00:00',NULL,NULL,1,'ZD202311162201461',NULL,'2023-11-16 22:01:46','2023-11-16 22:01:46',1671403256519078168,NULL,NULL),(6949,NULL,11,6,NULL,2,'2023-11-25 12:00:00',NULL,NULL,1,'ZD202311162201461',NULL,'2023-11-16 22:01:46','2023-11-16 22:01:46',1671403256519078168,NULL,NULL),(6950,NULL,11,6,NULL,2,'2023-11-26 12:00:00',NULL,NULL,1,'ZD202311162201461',NULL,'2023-11-16 22:01:46','2023-11-16 22:01:46',1671403256519078168,NULL,NULL),(6951,NULL,11,6,NULL,2,'2023-11-27 12:00:00',NULL,NULL,1,'ZD202311162201461',NULL,'2023-11-16 22:01:46','2023-11-16 22:01:46',1671403256519078168,NULL,NULL),(6952,NULL,11,6,NULL,2,'2023-11-28 12:00:00',NULL,NULL,1,'ZD202311162201461',NULL,'2023-11-16 22:01:46','2023-11-16 22:01:46',1671403256519078168,NULL,NULL),(6953,NULL,11,6,NULL,2,'2023-11-29 12:00:00',NULL,NULL,1,'ZD202311162201461',NULL,'2023-11-16 22:01:46','2023-11-16 22:01:46',1671403256519078168,NULL,NULL),(6954,NULL,11,6,NULL,2,'2023-11-30 12:00:00',NULL,NULL,1,'ZD202311162201461',NULL,'2023-11-16 22:01:46','2023-11-16 22:01:46',1671403256519078168,NULL,NULL),(6955,NULL,10,6,NULL,2,'2023-11-16 08:00:00',NULL,NULL,1,'ZD202311162201461',NULL,'2023-11-16 22:01:46','2023-11-16 22:01:46',1671403256519078168,NULL,NULL),(6956,NULL,10,6,NULL,2,'2023-11-17 08:00:00',NULL,NULL,1,'ZD202311162201461',NULL,'2023-11-16 22:01:46','2023-11-16 22:01:46',1671403256519078168,NULL,NULL),(6957,NULL,10,6,NULL,2,'2023-11-18 08:00:00',NULL,NULL,1,'ZD202311162201461',NULL,'2023-11-16 22:01:46','2023-11-16 22:01:46',1671403256519078168,NULL,NULL),(6958,NULL,10,6,NULL,2,'2023-11-19 08:00:00',NULL,NULL,1,'ZD202311162201461',NULL,'2023-11-16 22:01:46','2023-11-16 22:01:46',1671403256519078168,NULL,NULL),(6959,NULL,10,6,NULL,2,'2023-11-20 08:00:00',NULL,NULL,1,'ZD202311162201461',NULL,'2023-11-16 22:01:46','2023-11-16 22:01:46',1671403256519078168,NULL,NULL),(6960,NULL,10,6,NULL,2,'2023-11-21 08:00:00',NULL,NULL,1,'ZD202311162201461',NULL,'2023-11-16 22:01:46','2023-11-16 22:01:46',1671403256519078168,NULL,NULL),(6961,NULL,10,6,NULL,2,'2023-11-22 08:00:00',NULL,NULL,1,'ZD202311162201461',NULL,'2023-11-16 22:01:46','2023-11-16 22:01:46',1671403256519078168,NULL,NULL),(6962,NULL,10,6,NULL,2,'2023-11-23 08:00:00',NULL,NULL,1,'ZD202311162201461',NULL,'2023-11-16 22:01:46','2023-11-16 22:01:46',1671403256519078168,NULL,NULL),(6963,NULL,10,6,NULL,2,'2023-11-24 08:00:00',NULL,NULL,1,'ZD202311162201461',NULL,'2023-11-16 22:01:46','2023-11-16 22:01:46',1671403256519078168,NULL,NULL),(6964,NULL,10,6,NULL,2,'2023-11-25 08:00:00',NULL,NULL,1,'ZD202311162201461',NULL,'2023-11-16 22:01:46','2023-11-16 22:01:46',1671403256519078168,NULL,NULL),(6965,NULL,10,6,NULL,2,'2023-11-26 08:00:00',NULL,NULL,1,'ZD202311162201461',NULL,'2023-11-16 22:01:46','2023-11-16 22:01:46',1671403256519078168,NULL,NULL),(6966,NULL,10,6,NULL,2,'2023-11-27 08:00:00',NULL,NULL,1,'ZD202311162201461',NULL,'2023-11-16 22:01:46','2023-11-16 22:01:46',1671403256519078168,NULL,NULL),(6967,NULL,10,6,NULL,2,'2023-11-28 08:00:00',NULL,NULL,1,'ZD202311162201461',NULL,'2023-11-16 22:01:46','2023-11-16 22:01:46',1671403256519078168,NULL,NULL),(6968,NULL,10,6,NULL,2,'2023-11-29 08:00:00',NULL,NULL,1,'ZD202311162201461',NULL,'2023-11-16 22:01:46','2023-11-16 22:01:46',1671403256519078168,NULL,NULL),(6969,NULL,10,6,NULL,2,'2023-11-30 08:00:00',NULL,NULL,1,'ZD202311162201461',NULL,'2023-11-16 22:01:46','2023-11-16 22:01:46',1671403256519078168,NULL,NULL),(6970,NULL,9,6,NULL,2,'2023-11-16 18:00:00',NULL,NULL,1,'ZD202311162201461',NULL,'2023-11-16 22:01:46','2023-11-16 22:01:46',1671403256519078168,NULL,NULL),(6971,NULL,9,6,NULL,2,'2023-11-23 18:00:00',NULL,NULL,1,'ZD202311162201461',NULL,'2023-11-16 22:01:46','2023-11-16 22:01:46',1671403256519078168,NULL,NULL),(6972,NULL,9,6,NULL,2,'2023-11-30 18:00:00',NULL,NULL,1,'ZD202311162201461',NULL,'2023-11-16 22:01:46','2023-11-16 22:01:46',1671403256519078168,NULL,NULL),(6973,NULL,12,6,NULL,2,'2023-11-16 08:00:00',NULL,NULL,1,'ZD202311162201461',NULL,'2023-11-16 22:01:46','2023-11-16 22:01:46',1671403256519078168,NULL,NULL),(6974,NULL,12,6,NULL,2,'2023-11-19 08:00:00',NULL,NULL,1,'ZD202311162201461',NULL,'2023-11-16 22:01:46','2023-11-16 22:01:46',1671403256519078168,NULL,NULL),(6975,NULL,12,6,NULL,2,'2023-11-23 08:00:00',NULL,NULL,1,'ZD202311162201461',NULL,'2023-11-16 22:01:46','2023-11-16 22:01:46',1671403256519078168,NULL,NULL),(6976,NULL,12,6,NULL,2,'2023-11-26 08:00:00',NULL,NULL,1,'ZD202311162201461',NULL,'2023-11-16 22:01:46','2023-11-16 22:01:46',1671403256519078168,NULL,NULL),(6977,NULL,12,6,NULL,2,'2023-11-30 08:00:00',NULL,NULL,1,'ZD202311162201461',NULL,'2023-11-16 22:01:46','2023-11-16 22:01:46',1671403256519078168,NULL,NULL),(6978,NULL,8,6,NULL,2,'2023-11-16 19:00:00',NULL,NULL,1,'ZD202311162201461',NULL,'2023-11-16 22:01:46','2023-11-16 22:01:46',1671403256519078168,NULL,NULL),(6979,NULL,8,6,NULL,2,'2023-11-23 19:00:00',NULL,NULL,1,'ZD202311162201461',NULL,'2023-11-16 22:01:46','2023-11-16 22:01:46',1671403256519078168,NULL,NULL),(6980,NULL,8,6,NULL,2,'2023-11-30 19:00:00',NULL,NULL,1,'ZD202311162201461',NULL,'2023-11-16 22:01:46','2023-11-16 22:01:46',1671403256519078168,NULL,NULL),(6981,NULL,1,5,NULL,2,'2023-11-16 08:00:00',NULL,NULL,1,'ZD202311162202011',NULL,'2023-11-16 22:02:02','2023-11-16 22:02:02',1671403256519078168,NULL,NULL),(6982,NULL,1,5,NULL,2,'2023-11-23 08:00:00',NULL,NULL,1,'ZD202311162202011',NULL,'2023-11-16 22:02:02','2023-11-16 22:02:02',1671403256519078168,NULL,NULL),(6983,NULL,1,5,NULL,2,'2023-11-30 08:00:00',NULL,NULL,1,'ZD202311162202011',NULL,'2023-11-16 22:02:02','2023-11-16 22:02:02',1671403256519078168,NULL,NULL),(6984,NULL,6,5,NULL,2,'2023-11-16 09:00:00',NULL,NULL,1,'ZD202311162202011',NULL,'2023-11-16 22:02:02','2023-11-16 22:02:02',1671403256519078168,NULL,NULL),(6985,NULL,6,5,NULL,2,'2023-11-17 09:00:00',NULL,NULL,1,'ZD202311162202011',NULL,'2023-11-16 22:02:02','2023-11-16 22:02:02',1671403256519078168,NULL,NULL),(6986,NULL,6,5,NULL,2,'2023-11-18 09:00:00',NULL,NULL,1,'ZD202311162202011',NULL,'2023-11-16 22:02:02','2023-11-16 22:02:02',1671403256519078168,NULL,NULL),(6987,NULL,6,5,NULL,2,'2023-11-19 09:00:00',NULL,NULL,1,'ZD202311162202011',NULL,'2023-11-16 22:02:02','2023-11-16 22:02:02',1671403256519078168,NULL,NULL),(6988,NULL,6,5,NULL,2,'2023-11-20 09:00:00',NULL,NULL,1,'ZD202311162202011',NULL,'2023-11-16 22:02:02','2023-11-16 22:02:02',1671403256519078168,NULL,NULL),(6989,NULL,6,5,NULL,2,'2023-11-21 09:00:00',NULL,NULL,1,'ZD202311162202011',NULL,'2023-11-16 22:02:02','2023-11-16 22:02:02',1671403256519078168,NULL,NULL),(6990,NULL,6,5,NULL,2,'2023-11-22 09:00:00',NULL,NULL,1,'ZD202311162202011',NULL,'2023-11-16 22:02:02','2023-11-16 22:02:02',1671403256519078168,NULL,NULL),(6991,NULL,6,5,NULL,2,'2023-11-23 09:00:00',NULL,NULL,1,'ZD202311162202011',NULL,'2023-11-16 22:02:02','2023-11-16 22:02:02',1671403256519078168,NULL,NULL),(6992,NULL,6,5,NULL,2,'2023-11-24 09:00:00',NULL,NULL,1,'ZD202311162202011',NULL,'2023-11-16 22:02:02','2023-11-16 22:02:02',1671403256519078168,NULL,NULL),(6993,NULL,6,5,NULL,2,'2023-11-25 09:00:00',NULL,NULL,1,'ZD202311162202011',NULL,'2023-11-16 22:02:02','2023-11-16 22:02:02',1671403256519078168,NULL,NULL),(6994,NULL,6,5,NULL,2,'2023-11-26 09:00:00',NULL,NULL,1,'ZD202311162202011',NULL,'2023-11-16 22:02:02','2023-11-16 22:02:02',1671403256519078168,NULL,NULL),(6995,NULL,6,5,NULL,2,'2023-11-27 09:00:00',NULL,NULL,1,'ZD202311162202011',NULL,'2023-11-16 22:02:02','2023-11-16 22:02:02',1671403256519078168,NULL,NULL),(6996,NULL,6,5,NULL,2,'2023-11-28 09:00:00',NULL,NULL,1,'ZD202311162202011',NULL,'2023-11-16 22:02:02','2023-11-16 22:02:02',1671403256519078168,NULL,NULL),(6997,NULL,6,5,NULL,2,'2023-11-29 09:00:00',NULL,NULL,1,'ZD202311162202011',NULL,'2023-11-16 22:02:02','2023-11-16 22:02:02',1671403256519078168,NULL,NULL),(6998,NULL,6,5,NULL,2,'2023-11-30 09:00:00',NULL,NULL,1,'ZD202311162202011',NULL,'2023-11-16 22:02:02','2023-11-16 22:02:02',1671403256519078168,NULL,NULL),(6999,NULL,8,5,NULL,2,'2023-11-16 15:00:00',NULL,NULL,1,'ZD202311162202011',NULL,'2023-11-16 22:02:02','2023-11-16 22:02:02',1671403256519078168,NULL,NULL),(7000,NULL,8,5,NULL,2,'2023-11-23 15:00:00',NULL,NULL,1,'ZD202311162202011',NULL,'2023-11-16 22:02:02','2023-11-16 22:02:02',1671403256519078168,NULL,NULL),(7001,NULL,8,5,NULL,2,'2023-11-30 15:00:00',NULL,NULL,1,'ZD202311162202011',NULL,'2023-11-16 22:02:02','2023-11-16 22:02:02',1671403256519078168,NULL,NULL),(7002,NULL,9,5,NULL,2,'2023-11-16 17:00:00',NULL,NULL,1,'ZD202311162202011',NULL,'2023-11-16 22:02:02','2023-11-16 22:02:02',1671403256519078168,NULL,NULL),(7003,NULL,9,5,NULL,2,'2023-11-19 17:00:00',NULL,NULL,1,'ZD202311162202011',NULL,'2023-11-16 22:02:02','2023-11-16 22:02:02',1671403256519078168,NULL,NULL),(7004,NULL,9,5,NULL,2,'2023-11-23 17:00:00',NULL,NULL,1,'ZD202311162202011',NULL,'2023-11-16 22:02:02','2023-11-16 22:02:02',1671403256519078168,NULL,NULL),(7005,NULL,9,5,NULL,2,'2023-11-26 17:00:00',NULL,NULL,1,'ZD202311162202011',NULL,'2023-11-16 22:02:02','2023-11-16 22:02:02',1671403256519078168,NULL,NULL),(7006,NULL,9,5,NULL,2,'2023-11-30 17:00:00',NULL,NULL,1,'ZD202311162202011',NULL,'2023-11-16 22:02:02','2023-11-16 22:02:02',1671403256519078168,NULL,NULL),(7007,NULL,12,5,NULL,2,'2023-11-16 20:00:00',NULL,NULL,1,'ZD202311162202011',NULL,'2023-11-16 22:02:02','2023-11-16 22:02:02',1671403256519078168,NULL,NULL),(7008,NULL,12,5,NULL,2,'2023-11-19 20:00:00',NULL,NULL,1,'ZD202311162202011',NULL,'2023-11-16 22:02:02','2023-11-16 22:02:02',1671403256519078168,NULL,NULL),(7009,NULL,12,5,NULL,2,'2023-11-23 20:00:00',NULL,NULL,1,'ZD202311162202011',NULL,'2023-11-16 22:02:02','2023-11-16 22:02:02',1671403256519078168,NULL,NULL),(7010,NULL,12,5,NULL,2,'2023-11-26 20:00:00',NULL,NULL,1,'ZD202311162202011',NULL,'2023-11-16 22:02:02','2023-11-16 22:02:02',1671403256519078168,NULL,NULL),(7011,NULL,12,5,NULL,2,'2023-11-30 20:00:00',NULL,NULL,1,'ZD202311162202011',NULL,'2023-11-16 22:02:02','2023-11-16 22:02:02',1671403256519078168,NULL,NULL),(7012,NULL,3,5,NULL,2,'2023-11-16 21:00:00',NULL,NULL,1,'ZD202311162202011',NULL,'2023-11-16 22:02:02','2023-11-16 22:02:02',1671403256519078168,NULL,NULL),(7013,NULL,3,5,NULL,2,'2023-11-17 21:00:00',NULL,NULL,1,'ZD202311162202011',NULL,'2023-11-16 22:02:02','2023-11-16 22:02:02',1671403256519078168,NULL,NULL),(7014,NULL,3,5,NULL,2,'2023-11-18 21:00:00',NULL,NULL,1,'ZD202311162202011',NULL,'2023-11-16 22:02:02','2023-11-16 22:02:02',1671403256519078168,NULL,NULL),(7015,NULL,3,5,NULL,2,'2023-11-19 21:00:00',NULL,NULL,1,'ZD202311162202011',NULL,'2023-11-16 22:02:02','2023-11-16 22:02:02',1671403256519078168,NULL,NULL),(7016,NULL,3,5,NULL,2,'2023-11-20 21:00:00',NULL,NULL,1,'ZD202311162202011',NULL,'2023-11-16 22:02:02','2023-11-16 22:02:02',1671403256519078168,NULL,NULL),(7017,NULL,3,5,NULL,2,'2023-11-21 21:00:00',NULL,NULL,1,'ZD202311162202011',NULL,'2023-11-16 22:02:02','2023-11-16 22:02:02',1671403256519078168,NULL,NULL),(7018,NULL,3,5,NULL,2,'2023-11-22 21:00:00',NULL,NULL,1,'ZD202311162202011',NULL,'2023-11-16 22:02:02','2023-11-16 22:02:02',1671403256519078168,NULL,NULL),(7019,NULL,3,5,NULL,2,'2023-11-23 21:00:00',NULL,NULL,1,'ZD202311162202011',NULL,'2023-11-16 22:02:02','2023-11-16 22:02:02',1671403256519078168,NULL,NULL),(7020,NULL,3,5,NULL,2,'2023-11-24 21:00:00',NULL,NULL,1,'ZD202311162202011',NULL,'2023-11-16 22:02:02','2023-11-16 22:02:02',1671403256519078168,NULL,NULL),(7021,NULL,3,5,NULL,2,'2023-11-25 21:00:00',NULL,NULL,1,'ZD202311162202011',NULL,'2023-11-16 22:02:02','2023-11-16 22:02:02',1671403256519078168,NULL,NULL),(7022,NULL,3,5,NULL,2,'2023-11-26 21:00:00',NULL,NULL,1,'ZD202311162202011',NULL,'2023-11-16 22:02:02','2023-11-16 22:02:02',1671403256519078168,NULL,NULL),(7023,NULL,3,5,NULL,2,'2023-11-27 21:00:00',NULL,NULL,1,'ZD202311162202011',NULL,'2023-11-16 22:02:02','2023-11-16 22:02:02',1671403256519078168,NULL,NULL),(7024,NULL,3,5,NULL,2,'2023-11-28 21:00:00',NULL,NULL,1,'ZD202311162202011',NULL,'2023-11-16 22:02:02','2023-11-16 22:02:02',1671403256519078168,NULL,NULL),(7025,NULL,3,5,NULL,2,'2023-11-29 21:00:00',NULL,NULL,1,'ZD202311162202011',NULL,'2023-11-16 22:02:02','2023-11-16 22:02:02',1671403256519078168,NULL,NULL),(7026,NULL,3,5,NULL,2,'2023-11-30 21:00:00',NULL,NULL,1,'ZD202311162202011',NULL,'2023-11-16 22:02:02','2023-11-16 22:02:02',1671403256519078168,NULL,NULL),(7027,NULL,10,5,NULL,2,'2023-11-16 08:30:00',NULL,NULL,1,'ZD202311162202011',NULL,'2023-11-16 22:02:02','2023-11-16 22:02:02',1671403256519078168,NULL,NULL),(7028,NULL,10,5,NULL,2,'2023-11-17 08:30:00',NULL,NULL,1,'ZD202311162202011',NULL,'2023-11-16 22:02:02','2023-11-16 22:02:02',1671403256519078168,NULL,NULL),(7029,NULL,10,5,NULL,2,'2023-11-18 08:30:00',NULL,NULL,1,'ZD202311162202011',NULL,'2023-11-16 22:02:02','2023-11-16 22:02:02',1671403256519078168,NULL,NULL),(7030,NULL,10,5,NULL,2,'2023-11-19 08:30:00',NULL,NULL,1,'ZD202311162202011',NULL,'2023-11-16 22:02:02','2023-11-16 22:02:02',1671403256519078168,NULL,NULL),(7031,NULL,10,5,NULL,2,'2023-11-20 08:30:00',NULL,NULL,1,'ZD202311162202011',NULL,'2023-11-16 22:02:02','2023-11-16 22:02:02',1671403256519078168,NULL,NULL),(7032,NULL,10,5,NULL,2,'2023-11-21 08:30:00',NULL,NULL,1,'ZD202311162202011',NULL,'2023-11-16 22:02:02','2023-11-16 22:02:02',1671403256519078168,NULL,NULL),(7033,NULL,10,5,NULL,2,'2023-11-22 08:30:00',NULL,NULL,1,'ZD202311162202011',NULL,'2023-11-16 22:02:02','2023-11-16 22:02:02',1671403256519078168,NULL,NULL),(7034,NULL,10,5,NULL,2,'2023-11-23 08:30:00',NULL,NULL,1,'ZD202311162202011',NULL,'2023-11-16 22:02:02','2023-11-16 22:02:02',1671403256519078168,NULL,NULL),(7035,NULL,10,5,NULL,2,'2023-11-24 08:30:00',NULL,NULL,1,'ZD202311162202011',NULL,'2023-11-16 22:02:02','2023-11-16 22:02:02',1671403256519078168,NULL,NULL),(7036,NULL,10,5,NULL,2,'2023-11-25 08:30:00',NULL,NULL,1,'ZD202311162202011',NULL,'2023-11-16 22:02:02','2023-11-16 22:02:02',1671403256519078168,NULL,NULL),(7037,NULL,10,5,NULL,2,'2023-11-26 08:30:00',NULL,NULL,1,'ZD202311162202011',NULL,'2023-11-16 22:02:02','2023-11-16 22:02:02',1671403256519078168,NULL,NULL),(7038,NULL,10,5,NULL,2,'2023-11-27 08:30:00',NULL,NULL,1,'ZD202311162202011',NULL,'2023-11-16 22:02:02','2023-11-16 22:02:02',1671403256519078168,NULL,NULL),(7039,NULL,10,5,NULL,2,'2023-11-28 08:30:00',NULL,NULL,1,'ZD202311162202011',NULL,'2023-11-16 22:02:02','2023-11-16 22:02:02',1671403256519078168,NULL,NULL),(7040,NULL,10,5,NULL,2,'2023-11-29 08:30:00',NULL,NULL,1,'ZD202311162202011',NULL,'2023-11-16 22:02:02','2023-11-16 22:02:02',1671403256519078168,NULL,NULL),(7041,NULL,10,5,NULL,2,'2023-11-30 08:30:00',NULL,NULL,1,'ZD202311162202011',NULL,'2023-11-16 22:02:02','2023-11-16 22:02:02',1671403256519078168,NULL,NULL),(7042,NULL,3,4,NULL,2,'2023-11-16 18:30:00',NULL,NULL,1,'ZD202311162202141',NULL,'2023-11-16 22:02:15','2023-11-16 22:02:15',1671403256519078168,NULL,NULL),(7043,NULL,3,4,NULL,2,'2023-11-17 18:30:00',NULL,NULL,1,'ZD202311162202141',NULL,'2023-11-16 22:02:15','2023-11-16 22:02:15',1671403256519078168,NULL,NULL),(7044,NULL,3,4,NULL,2,'2023-11-18 18:30:00',NULL,NULL,1,'ZD202311162202141',NULL,'2023-11-16 22:02:15','2023-11-16 22:02:15',1671403256519078168,NULL,NULL),(7045,NULL,3,4,NULL,2,'2023-11-19 18:30:00',NULL,NULL,1,'ZD202311162202141',NULL,'2023-11-16 22:02:15','2023-11-16 22:02:15',1671403256519078168,NULL,NULL),(7046,NULL,3,4,NULL,2,'2023-11-20 18:30:00',NULL,NULL,1,'ZD202311162202141',NULL,'2023-11-16 22:02:15','2023-11-16 22:02:15',1671403256519078168,NULL,NULL),(7047,NULL,3,4,NULL,2,'2023-11-21 18:30:00',NULL,NULL,1,'ZD202311162202141',NULL,'2023-11-16 22:02:15','2023-11-16 22:02:15',1671403256519078168,NULL,NULL),(7048,NULL,3,4,NULL,2,'2023-11-22 18:30:00',NULL,NULL,1,'ZD202311162202141',NULL,'2023-11-16 22:02:15','2023-11-16 22:02:15',1671403256519078168,NULL,NULL),(7049,NULL,3,4,NULL,2,'2023-11-23 18:30:00',NULL,NULL,1,'ZD202311162202141',NULL,'2023-11-16 22:02:15','2023-11-16 22:02:15',1671403256519078168,NULL,NULL),(7050,NULL,3,4,NULL,2,'2023-11-24 18:30:00',NULL,NULL,1,'ZD202311162202141',NULL,'2023-11-16 22:02:15','2023-11-16 22:02:15',1671403256519078168,NULL,NULL),(7051,NULL,3,4,NULL,2,'2023-11-25 18:30:00',NULL,NULL,1,'ZD202311162202141',NULL,'2023-11-16 22:02:15','2023-11-16 22:02:15',1671403256519078168,NULL,NULL),(7052,NULL,3,4,NULL,2,'2023-11-26 18:30:00',NULL,NULL,1,'ZD202311162202141',NULL,'2023-11-16 22:02:15','2023-11-16 22:02:15',1671403256519078168,NULL,NULL),(7053,NULL,3,4,NULL,2,'2023-11-27 18:30:00',NULL,NULL,1,'ZD202311162202141',NULL,'2023-11-16 22:02:15','2023-11-16 22:02:15',1671403256519078168,NULL,NULL),(7054,NULL,3,4,NULL,2,'2023-11-28 18:30:00',NULL,NULL,1,'ZD202311162202141',NULL,'2023-11-16 22:02:15','2023-11-16 22:02:15',1671403256519078168,NULL,NULL),(7055,NULL,3,4,NULL,2,'2023-11-29 18:30:00',NULL,NULL,1,'ZD202311162202141',NULL,'2023-11-16 22:02:15','2023-11-16 22:02:15',1671403256519078168,NULL,NULL),(7056,NULL,3,4,NULL,2,'2023-11-30 18:30:00',NULL,NULL,1,'ZD202311162202141',NULL,'2023-11-16 22:02:15','2023-11-16 22:02:15',1671403256519078168,NULL,NULL),(7057,NULL,6,4,NULL,2,'2023-11-16 10:00:00',NULL,NULL,1,'ZD202311162202141',NULL,'2023-11-16 22:02:15','2023-11-16 22:02:15',1671403256519078168,NULL,NULL),(7058,NULL,6,4,NULL,2,'2023-11-17 10:00:00',NULL,NULL,1,'ZD202311162202141',NULL,'2023-11-16 22:02:15','2023-11-16 22:02:15',1671403256519078168,NULL,NULL),(7059,NULL,6,4,NULL,2,'2023-11-18 10:00:00',NULL,NULL,1,'ZD202311162202141',NULL,'2023-11-16 22:02:15','2023-11-16 22:02:15',1671403256519078168,NULL,NULL),(7060,NULL,6,4,NULL,2,'2023-11-19 10:00:00',NULL,NULL,1,'ZD202311162202141',NULL,'2023-11-16 22:02:15','2023-11-16 22:02:15',1671403256519078168,NULL,NULL),(7061,NULL,6,4,NULL,2,'2023-11-20 10:00:00',NULL,NULL,1,'ZD202311162202141',NULL,'2023-11-16 22:02:15','2023-11-16 22:02:15',1671403256519078168,NULL,NULL),(7062,NULL,6,4,NULL,2,'2023-11-21 10:00:00',NULL,NULL,1,'ZD202311162202141',NULL,'2023-11-16 22:02:15','2023-11-16 22:02:15',1671403256519078168,NULL,NULL),(7063,NULL,6,4,NULL,2,'2023-11-22 10:00:00',NULL,NULL,1,'ZD202311162202141',NULL,'2023-11-16 22:02:15','2023-11-16 22:02:15',1671403256519078168,NULL,NULL),(7064,NULL,6,4,NULL,2,'2023-11-23 10:00:00',NULL,NULL,1,'ZD202311162202141',NULL,'2023-11-16 22:02:15','2023-11-16 22:02:15',1671403256519078168,NULL,NULL),(7065,NULL,6,4,NULL,2,'2023-11-24 10:00:00',NULL,NULL,1,'ZD202311162202141',NULL,'2023-11-16 22:02:15','2023-11-16 22:02:15',1671403256519078168,NULL,NULL),(7066,NULL,6,4,NULL,2,'2023-11-25 10:00:00',NULL,NULL,1,'ZD202311162202141',NULL,'2023-11-16 22:02:15','2023-11-16 22:02:15',1671403256519078168,NULL,NULL),(7067,NULL,6,4,NULL,2,'2023-11-26 10:00:00',NULL,NULL,1,'ZD202311162202141',NULL,'2023-11-16 22:02:15','2023-11-16 22:02:15',1671403256519078168,NULL,NULL),(7068,NULL,6,4,NULL,2,'2023-11-27 10:00:00',NULL,NULL,1,'ZD202311162202141',NULL,'2023-11-16 22:02:15','2023-11-16 22:02:15',1671403256519078168,NULL,NULL),(7069,NULL,6,4,NULL,2,'2023-11-28 10:00:00',NULL,NULL,1,'ZD202311162202141',NULL,'2023-11-16 22:02:15','2023-11-16 22:02:15',1671403256519078168,NULL,NULL),(7070,NULL,6,4,NULL,2,'2023-11-29 10:00:00',NULL,NULL,1,'ZD202311162202141',NULL,'2023-11-16 22:02:15','2023-11-16 22:02:15',1671403256519078168,NULL,NULL),(7071,NULL,6,4,NULL,2,'2023-11-30 10:00:00',NULL,NULL,1,'ZD202311162202141',NULL,'2023-11-16 22:02:15','2023-11-16 22:02:15',1671403256519078168,NULL,NULL),(7072,NULL,8,4,NULL,2,'2023-11-16 16:00:00',NULL,NULL,1,'ZD202311162202141',NULL,'2023-11-16 22:02:15','2023-11-16 22:02:15',1671403256519078168,NULL,NULL),(7073,NULL,10,4,NULL,2,'2023-11-16 09:00:00',NULL,NULL,1,'ZD202311162202141',NULL,'2023-11-16 22:02:15','2023-11-16 22:02:15',1671403256519078168,NULL,NULL),(7074,NULL,10,4,NULL,2,'2023-11-17 09:00:00',NULL,NULL,1,'ZD202311162202141',NULL,'2023-11-16 22:02:15','2023-11-16 22:02:15',1671403256519078168,NULL,NULL),(7075,NULL,10,4,NULL,2,'2023-11-18 09:00:00',NULL,NULL,1,'ZD202311162202141',NULL,'2023-11-16 22:02:15','2023-11-16 22:02:15',1671403256519078168,NULL,NULL),(7076,NULL,10,4,NULL,2,'2023-11-19 09:00:00',NULL,NULL,1,'ZD202311162202141',NULL,'2023-11-16 22:02:15','2023-11-16 22:02:15',1671403256519078168,NULL,NULL),(7077,NULL,10,4,NULL,2,'2023-11-20 09:00:00',NULL,NULL,1,'ZD202311162202141',NULL,'2023-11-16 22:02:15','2023-11-16 22:02:15',1671403256519078168,NULL,NULL),(7078,NULL,10,4,NULL,2,'2023-11-21 09:00:00',NULL,NULL,1,'ZD202311162202141',NULL,'2023-11-16 22:02:15','2023-11-16 22:02:15',1671403256519078168,NULL,NULL),(7079,NULL,10,4,NULL,2,'2023-11-22 09:00:00',NULL,NULL,1,'ZD202311162202141',NULL,'2023-11-16 22:02:15','2023-11-16 22:02:15',1671403256519078168,NULL,NULL),(7080,NULL,10,4,NULL,2,'2023-11-23 09:00:00',NULL,NULL,1,'ZD202311162202141',NULL,'2023-11-16 22:02:15','2023-11-16 22:02:15',1671403256519078168,NULL,NULL),(7081,NULL,10,4,NULL,2,'2023-11-24 09:00:00',NULL,NULL,1,'ZD202311162202141',NULL,'2023-11-16 22:02:15','2023-11-16 22:02:15',1671403256519078168,NULL,NULL),(7082,NULL,10,4,NULL,2,'2023-11-25 09:00:00',NULL,NULL,1,'ZD202311162202141',NULL,'2023-11-16 22:02:15','2023-11-16 22:02:15',1671403256519078168,NULL,NULL),(7083,NULL,10,4,NULL,2,'2023-11-26 09:00:00',NULL,NULL,1,'ZD202311162202141',NULL,'2023-11-16 22:02:15','2023-11-16 22:02:15',1671403256519078168,NULL,NULL),(7084,NULL,10,4,NULL,2,'2023-11-27 09:00:00',NULL,NULL,1,'ZD202311162202141',NULL,'2023-11-16 22:02:15','2023-11-16 22:02:15',1671403256519078168,NULL,NULL),(7085,NULL,10,4,NULL,2,'2023-11-28 09:00:00',NULL,NULL,1,'ZD202311162202141',NULL,'2023-11-16 22:02:15','2023-11-16 22:02:15',1671403256519078168,NULL,NULL),(7086,NULL,10,4,NULL,2,'2023-11-29 09:00:00',NULL,NULL,1,'ZD202311162202141',NULL,'2023-11-16 22:02:15','2023-11-16 22:02:15',1671403256519078168,NULL,NULL),(7087,NULL,10,4,NULL,2,'2023-11-30 09:00:00',NULL,NULL,1,'ZD202311162202141',NULL,'2023-11-16 22:02:15','2023-11-16 22:02:15',1671403256519078168,NULL,NULL),(7088,NULL,9,4,NULL,2,'2023-11-16 12:00:00',NULL,NULL,1,'ZD202311162202141',NULL,'2023-11-16 22:02:15','2023-11-16 22:02:15',1671403256519078168,NULL,NULL),(7089,NULL,9,4,NULL,2,'2023-11-19 12:00:00',NULL,NULL,1,'ZD202311162202141',NULL,'2023-11-16 22:02:15','2023-11-16 22:02:15',1671403256519078168,NULL,NULL),(7090,NULL,9,4,NULL,2,'2023-11-23 12:00:00',NULL,NULL,1,'ZD202311162202141',NULL,'2023-11-16 22:02:15','2023-11-16 22:02:15',1671403256519078168,NULL,NULL),(7091,NULL,9,4,NULL,2,'2023-11-26 12:00:00',NULL,NULL,1,'ZD202311162202141',NULL,'2023-11-16 22:02:15','2023-11-16 22:02:15',1671403256519078168,NULL,NULL),(7092,NULL,9,4,NULL,2,'2023-11-30 12:00:00',NULL,NULL,1,'ZD202311162202141',NULL,'2023-11-16 22:02:15','2023-11-16 22:02:15',1671403256519078168,NULL,NULL),(7093,NULL,4,3,NULL,2,'2023-11-16 08:00:00',NULL,NULL,1,'ZD202311162202281',NULL,'2023-11-16 22:02:28','2023-11-16 22:02:28',1671403256519078168,NULL,NULL),(7094,NULL,4,3,NULL,2,'2023-11-23 08:00:00',NULL,NULL,1,'ZD202311162202281',NULL,'2023-11-16 22:02:28','2023-11-16 22:02:28',1671403256519078168,NULL,NULL),(7095,NULL,4,3,NULL,2,'2023-11-30 08:00:00',NULL,NULL,1,'ZD202311162202281',NULL,'2023-11-16 22:02:28','2023-11-16 22:02:28',1671403256519078168,NULL,NULL),(7096,NULL,3,3,NULL,2,'2023-11-16 20:00:00',NULL,NULL,1,'ZD202311162202281',NULL,'2023-11-16 22:02:28','2023-11-16 22:02:28',1671403256519078168,NULL,NULL),(7097,NULL,3,3,NULL,2,'2023-11-17 20:00:00',NULL,NULL,1,'ZD202311162202281',NULL,'2023-11-16 22:02:28','2023-11-16 22:02:28',1671403256519078168,NULL,NULL),(7098,NULL,3,3,NULL,2,'2023-11-18 20:00:00',NULL,NULL,1,'ZD202311162202281',NULL,'2023-11-16 22:02:28','2023-11-16 22:02:28',1671403256519078168,NULL,NULL),(7099,NULL,3,3,NULL,2,'2023-11-19 20:00:00',NULL,NULL,1,'ZD202311162202281',NULL,'2023-11-16 22:02:28','2023-11-16 22:02:28',1671403256519078168,NULL,NULL),(7100,NULL,3,3,NULL,2,'2023-11-20 20:00:00',NULL,NULL,1,'ZD202311162202281',NULL,'2023-11-16 22:02:28','2023-11-16 22:02:28',1671403256519078168,NULL,NULL),(7101,NULL,3,3,NULL,2,'2023-11-21 20:00:00',NULL,NULL,1,'ZD202311162202281',NULL,'2023-11-16 22:02:28','2023-11-16 22:02:28',1671403256519078168,NULL,NULL),(7102,NULL,3,3,NULL,2,'2023-11-22 20:00:00',NULL,NULL,1,'ZD202311162202281',NULL,'2023-11-16 22:02:28','2023-11-16 22:02:28',1671403256519078168,NULL,NULL),(7103,NULL,3,3,NULL,2,'2023-11-23 20:00:00',NULL,NULL,1,'ZD202311162202281',NULL,'2023-11-16 22:02:28','2023-11-16 22:02:28',1671403256519078168,NULL,NULL),(7104,NULL,3,3,NULL,2,'2023-11-24 20:00:00',NULL,NULL,1,'ZD202311162202281',NULL,'2023-11-16 22:02:28','2023-11-16 22:02:28',1671403256519078168,NULL,NULL),(7105,NULL,3,3,NULL,2,'2023-11-25 20:00:00',NULL,NULL,1,'ZD202311162202281',NULL,'2023-11-16 22:02:28','2023-11-16 22:02:28',1671403256519078168,NULL,NULL),(7106,NULL,3,3,NULL,2,'2023-11-26 20:00:00',NULL,NULL,1,'ZD202311162202281',NULL,'2023-11-16 22:02:28','2023-11-16 22:02:28',1671403256519078168,NULL,NULL),(7107,NULL,3,3,NULL,2,'2023-11-27 20:00:00',NULL,NULL,1,'ZD202311162202281',NULL,'2023-11-16 22:02:28','2023-11-16 22:02:28',1671403256519078168,NULL,NULL),(7108,NULL,3,3,NULL,2,'2023-11-28 20:00:00',NULL,NULL,1,'ZD202311162202281',NULL,'2023-11-16 22:02:28','2023-11-16 22:02:28',1671403256519078168,NULL,NULL),(7109,NULL,3,3,NULL,2,'2023-11-29 20:00:00',NULL,NULL,1,'ZD202311162202281',NULL,'2023-11-16 22:02:28','2023-11-16 22:02:28',1671403256519078168,NULL,NULL),(7110,NULL,3,3,NULL,2,'2023-11-30 20:00:00',NULL,NULL,1,'ZD202311162202281',NULL,'2023-11-16 22:02:28','2023-11-16 22:02:28',1671403256519078168,NULL,NULL),(7111,NULL,9,3,NULL,2,'2023-11-16 17:00:00',NULL,NULL,1,'ZD202311162202281',NULL,'2023-11-16 22:02:28','2023-11-16 22:02:28',1671403256519078168,NULL,NULL),(7112,NULL,9,3,NULL,2,'2023-11-23 17:00:00',NULL,NULL,1,'ZD202311162202281',NULL,'2023-11-16 22:02:28','2023-11-16 22:02:28',1671403256519078168,NULL,NULL),(7113,NULL,9,3,NULL,2,'2023-11-30 17:00:00',NULL,NULL,1,'ZD202311162202281',NULL,'2023-11-16 22:02:28','2023-11-16 22:02:28',1671403256519078168,NULL,NULL),(7114,NULL,1,2,NULL,2,'2023-11-16 08:00:00',NULL,NULL,1,'ZD202311162202391',NULL,'2023-11-16 22:02:40','2023-11-16 22:02:40',1671403256519078168,NULL,NULL),(7115,NULL,1,2,NULL,2,'2023-11-23 08:00:00',NULL,NULL,1,'ZD202311162202391',NULL,'2023-11-16 22:02:40','2023-11-16 22:02:40',1671403256519078168,NULL,NULL),(7116,NULL,1,2,NULL,2,'2023-11-30 08:00:00',NULL,NULL,1,'ZD202311162202391',NULL,'2023-11-16 22:02:40','2023-11-16 22:02:40',1671403256519078168,NULL,NULL),(7117,NULL,6,2,NULL,2,'2023-11-16 09:00:00',NULL,NULL,1,'ZD202311162202391',NULL,'2023-11-16 22:02:40','2023-11-16 22:02:40',1671403256519078168,NULL,NULL),(7118,NULL,6,2,NULL,2,'2023-11-17 09:00:00',NULL,NULL,1,'ZD202311162202391',NULL,'2023-11-16 22:02:40','2023-11-16 22:02:40',1671403256519078168,NULL,NULL),(7119,NULL,6,2,NULL,2,'2023-11-18 09:00:00',NULL,NULL,1,'ZD202311162202391',NULL,'2023-11-16 22:02:40','2023-11-16 22:02:40',1671403256519078168,NULL,NULL),(7120,NULL,6,2,NULL,2,'2023-11-19 09:00:00',NULL,NULL,1,'ZD202311162202391',NULL,'2023-11-16 22:02:40','2023-11-16 22:02:40',1671403256519078168,NULL,NULL),(7121,NULL,6,2,NULL,2,'2023-11-20 09:00:00',NULL,NULL,1,'ZD202311162202391',NULL,'2023-11-16 22:02:40','2023-11-16 22:02:40',1671403256519078168,NULL,NULL),(7122,NULL,6,2,NULL,2,'2023-11-21 09:00:00',NULL,NULL,1,'ZD202311162202391',NULL,'2023-11-16 22:02:40','2023-11-16 22:02:40',1671403256519078168,NULL,NULL),(7123,NULL,6,2,NULL,2,'2023-11-22 09:00:00',NULL,NULL,1,'ZD202311162202391',NULL,'2023-11-16 22:02:40','2023-11-16 22:02:40',1671403256519078168,NULL,NULL),(7124,NULL,6,2,NULL,2,'2023-11-23 09:00:00',NULL,NULL,1,'ZD202311162202391',NULL,'2023-11-16 22:02:40','2023-11-16 22:02:40',1671403256519078168,NULL,NULL),(7125,NULL,6,2,NULL,2,'2023-11-24 09:00:00',NULL,NULL,1,'ZD202311162202391',NULL,'2023-11-16 22:02:40','2023-11-16 22:02:40',1671403256519078168,NULL,NULL),(7126,NULL,6,2,NULL,2,'2023-11-25 09:00:00',NULL,NULL,1,'ZD202311162202391',NULL,'2023-11-16 22:02:40','2023-11-16 22:02:40',1671403256519078168,NULL,NULL),(7127,NULL,6,2,NULL,2,'2023-11-26 09:00:00',NULL,NULL,1,'ZD202311162202391',NULL,'2023-11-16 22:02:40','2023-11-16 22:02:40',1671403256519078168,NULL,NULL),(7128,NULL,6,2,NULL,2,'2023-11-27 09:00:00',NULL,NULL,1,'ZD202311162202391',NULL,'2023-11-16 22:02:40','2023-11-16 22:02:40',1671403256519078168,NULL,NULL),(7129,NULL,6,2,NULL,2,'2023-11-28 09:00:00',NULL,NULL,1,'ZD202311162202391',NULL,'2023-11-16 22:02:40','2023-11-16 22:02:40',1671403256519078168,NULL,NULL),(7130,NULL,6,2,NULL,2,'2023-11-29 09:00:00',NULL,NULL,1,'ZD202311162202391',NULL,'2023-11-16 22:02:40','2023-11-16 22:02:40',1671403256519078168,NULL,NULL),(7131,NULL,6,2,NULL,2,'2023-11-30 09:00:00',NULL,NULL,1,'ZD202311162202391',NULL,'2023-11-16 22:02:40','2023-11-16 22:02:40',1671403256519078168,NULL,NULL),(7132,NULL,8,2,NULL,2,'2023-11-16 15:00:00',NULL,NULL,1,'ZD202311162202391',NULL,'2023-11-16 22:02:40','2023-11-16 22:02:40',1671403256519078168,NULL,NULL),(7133,NULL,8,2,NULL,2,'2023-11-23 15:00:00',NULL,NULL,1,'ZD202311162202391',NULL,'2023-11-16 22:02:40','2023-11-16 22:02:40',1671403256519078168,NULL,NULL),(7134,NULL,8,2,NULL,2,'2023-11-30 15:00:00',NULL,NULL,1,'ZD202311162202391',NULL,'2023-11-16 22:02:40','2023-11-16 22:02:40',1671403256519078168,NULL,NULL),(7135,NULL,9,2,NULL,2,'2023-11-16 17:00:00',NULL,NULL,1,'ZD202311162202391',NULL,'2023-11-16 22:02:40','2023-11-16 22:02:40',1671403256519078168,NULL,NULL),(7136,NULL,9,2,NULL,2,'2023-11-19 17:00:00',NULL,NULL,1,'ZD202311162202391',NULL,'2023-11-16 22:02:40','2023-11-16 22:02:40',1671403256519078168,NULL,NULL),(7137,NULL,9,2,NULL,2,'2023-11-23 17:00:00',NULL,NULL,1,'ZD202311162202391',NULL,'2023-11-16 22:02:40','2023-11-16 22:02:40',1671403256519078168,NULL,NULL),(7138,NULL,9,2,NULL,2,'2023-11-26 17:00:00',NULL,NULL,1,'ZD202311162202391',NULL,'2023-11-16 22:02:40','2023-11-16 22:02:40',1671403256519078168,NULL,NULL),(7139,NULL,9,2,NULL,2,'2023-11-30 17:00:00',NULL,NULL,1,'ZD202311162202391',NULL,'2023-11-16 22:02:40','2023-11-16 22:02:40',1671403256519078168,NULL,NULL),(7140,NULL,12,2,NULL,2,'2023-11-16 20:00:00',NULL,NULL,1,'ZD202311162202391',NULL,'2023-11-16 22:02:40','2023-11-16 22:02:40',1671403256519078168,NULL,NULL),(7141,NULL,12,2,NULL,2,'2023-11-19 20:00:00',NULL,NULL,1,'ZD202311162202391',NULL,'2023-11-16 22:02:40','2023-11-16 22:02:40',1671403256519078168,NULL,NULL),(7142,NULL,12,2,NULL,2,'2023-11-23 20:00:00',NULL,NULL,1,'ZD202311162202391',NULL,'2023-11-16 22:02:40','2023-11-16 22:02:40',1671403256519078168,NULL,NULL),(7143,NULL,12,2,NULL,2,'2023-11-26 20:00:00',NULL,NULL,1,'ZD202311162202391',NULL,'2023-11-16 22:02:40','2023-11-16 22:02:40',1671403256519078168,NULL,NULL),(7144,NULL,12,2,NULL,2,'2023-11-30 20:00:00',NULL,NULL,1,'ZD202311162202391',NULL,'2023-11-16 22:02:40','2023-11-16 22:02:40',1671403256519078168,NULL,NULL),(7145,NULL,3,2,NULL,2,'2023-11-16 21:00:00',NULL,NULL,1,'ZD202311162202391',NULL,'2023-11-16 22:02:40','2023-11-16 22:02:40',1671403256519078168,NULL,NULL),(7146,NULL,3,2,NULL,2,'2023-11-17 21:00:00',NULL,NULL,1,'ZD202311162202391',NULL,'2023-11-16 22:02:40','2023-11-16 22:02:40',1671403256519078168,NULL,NULL),(7147,NULL,3,2,NULL,2,'2023-11-18 21:00:00',NULL,NULL,1,'ZD202311162202391',NULL,'2023-11-16 22:02:40','2023-11-16 22:02:40',1671403256519078168,NULL,NULL),(7148,NULL,3,2,NULL,2,'2023-11-19 21:00:00',NULL,NULL,1,'ZD202311162202391',NULL,'2023-11-16 22:02:40','2023-11-16 22:02:40',1671403256519078168,NULL,NULL),(7149,NULL,3,2,NULL,2,'2023-11-20 21:00:00',NULL,NULL,1,'ZD202311162202391',NULL,'2023-11-16 22:02:40','2023-11-16 22:02:40',1671403256519078168,NULL,NULL),(7150,NULL,3,2,NULL,2,'2023-11-21 21:00:00',NULL,NULL,1,'ZD202311162202391',NULL,'2023-11-16 22:02:40','2023-11-16 22:02:40',1671403256519078168,NULL,NULL),(7151,NULL,3,2,NULL,2,'2023-11-22 21:00:00',NULL,NULL,1,'ZD202311162202391',NULL,'2023-11-16 22:02:40','2023-11-16 22:02:40',1671403256519078168,NULL,NULL),(7152,NULL,3,2,NULL,2,'2023-11-23 21:00:00',NULL,NULL,1,'ZD202311162202391',NULL,'2023-11-16 22:02:40','2023-11-16 22:02:40',1671403256519078168,NULL,NULL),(7153,NULL,3,2,NULL,2,'2023-11-24 21:00:00',NULL,NULL,1,'ZD202311162202391',NULL,'2023-11-16 22:02:40','2023-11-16 22:02:40',1671403256519078168,NULL,NULL),(7154,NULL,3,2,NULL,2,'2023-11-25 21:00:00',NULL,NULL,1,'ZD202311162202391',NULL,'2023-11-16 22:02:40','2023-11-16 22:02:40',1671403256519078168,NULL,NULL),(7155,NULL,3,2,NULL,2,'2023-11-26 21:00:00',NULL,NULL,1,'ZD202311162202391',NULL,'2023-11-16 22:02:40','2023-11-16 22:02:40',1671403256519078168,NULL,NULL),(7156,NULL,3,2,NULL,2,'2023-11-27 21:00:00',NULL,NULL,1,'ZD202311162202391',NULL,'2023-11-16 22:02:40','2023-11-16 22:02:40',1671403256519078168,NULL,NULL),(7157,NULL,3,2,NULL,2,'2023-11-28 21:00:00',NULL,NULL,1,'ZD202311162202391',NULL,'2023-11-16 22:02:40','2023-11-16 22:02:40',1671403256519078168,NULL,NULL),(7158,NULL,3,2,NULL,2,'2023-11-29 21:00:00',NULL,NULL,1,'ZD202311162202391',NULL,'2023-11-16 22:02:40','2023-11-16 22:02:40',1671403256519078168,NULL,NULL),(7159,NULL,3,2,NULL,2,'2023-11-30 21:00:00',NULL,NULL,1,'ZD202311162202391',NULL,'2023-11-16 22:02:40','2023-11-16 22:02:40',1671403256519078168,NULL,NULL),(7160,NULL,10,2,NULL,2,'2023-11-16 08:30:00',NULL,NULL,1,'ZD202311162202391',NULL,'2023-11-16 22:02:40','2023-11-16 22:02:40',1671403256519078168,NULL,NULL),(7161,NULL,10,2,NULL,2,'2023-11-17 08:30:00',NULL,NULL,1,'ZD202311162202391',NULL,'2023-11-16 22:02:40','2023-11-16 22:02:40',1671403256519078168,NULL,NULL),(7162,NULL,10,2,NULL,2,'2023-11-18 08:30:00',NULL,NULL,1,'ZD202311162202391',NULL,'2023-11-16 22:02:40','2023-11-16 22:02:40',1671403256519078168,NULL,NULL),(7163,NULL,10,2,NULL,2,'2023-11-19 08:30:00',NULL,NULL,1,'ZD202311162202391',NULL,'2023-11-16 22:02:40','2023-11-16 22:02:40',1671403256519078168,NULL,NULL),(7164,NULL,10,2,NULL,2,'2023-11-20 08:30:00',NULL,NULL,1,'ZD202311162202391',NULL,'2023-11-16 22:02:40','2023-11-16 22:02:40',1671403256519078168,NULL,NULL),(7165,NULL,10,2,NULL,2,'2023-11-21 08:30:00',NULL,NULL,1,'ZD202311162202391',NULL,'2023-11-16 22:02:40','2023-11-16 22:02:40',1671403256519078168,NULL,NULL),(7166,NULL,10,2,NULL,2,'2023-11-22 08:30:00',NULL,NULL,1,'ZD202311162202391',NULL,'2023-11-16 22:02:40','2023-11-16 22:02:40',1671403256519078168,NULL,NULL),(7167,NULL,10,2,NULL,2,'2023-11-23 08:30:00',NULL,NULL,1,'ZD202311162202391',NULL,'2023-11-16 22:02:40','2023-11-16 22:02:40',1671403256519078168,NULL,NULL),(7168,NULL,10,2,NULL,2,'2023-11-24 08:30:00',NULL,NULL,1,'ZD202311162202391',NULL,'2023-11-16 22:02:40','2023-11-16 22:02:40',1671403256519078168,NULL,NULL),(7169,NULL,10,2,NULL,2,'2023-11-25 08:30:00',NULL,NULL,1,'ZD202311162202391',NULL,'2023-11-16 22:02:40','2023-11-16 22:02:40',1671403256519078168,NULL,NULL),(7170,NULL,10,2,NULL,2,'2023-11-26 08:30:00',NULL,NULL,1,'ZD202311162202391',NULL,'2023-11-16 22:02:40','2023-11-16 22:02:40',1671403256519078168,NULL,NULL),(7171,NULL,10,2,NULL,2,'2023-11-27 08:30:00',NULL,NULL,1,'ZD202311162202391',NULL,'2023-11-16 22:02:40','2023-11-16 22:02:40',1671403256519078168,NULL,NULL),(7172,NULL,10,2,NULL,2,'2023-11-28 08:30:00',NULL,NULL,1,'ZD202311162202391',NULL,'2023-11-16 22:02:40','2023-11-16 22:02:40',1671403256519078168,NULL,NULL),(7173,NULL,10,2,NULL,2,'2023-11-29 08:30:00',NULL,NULL,1,'ZD202311162202391',NULL,'2023-11-16 22:02:40','2023-11-16 22:02:40',1671403256519078168,NULL,NULL),(7174,NULL,10,2,NULL,2,'2023-11-30 08:30:00',NULL,NULL,1,'ZD202311162202391',NULL,'2023-11-16 22:02:40','2023-11-16 22:02:40',1671403256519078168,NULL,NULL);
/*!40000 ALTER TABLE `nursing_task` ENABLE KEYS */;
UNLOCK TABLES;

--
-- Table structure for table `order`
--

DROP TABLE IF EXISTS `order`;
/*!40101 SET @saved_cs_client     = @@character_set_client */;
/*!50503 SET character_set_client = utf8mb4 */;
CREATE TABLE `order` (
  `id` bigint NOT NULL AUTO_INCREMENT COMMENT 'id',
  `trading_order_no` bigint DEFAULT '0' COMMENT '交易系统订单号',
  `payment_status` tinyint DEFAULT NULL COMMENT '付款状态,1.未付 2已付 3已关闭',
  `amount` decimal(32,2) DEFAULT NULL COMMENT '金额',
  `refund` decimal(12,2) DEFAULT '0.00' COMMENT '退款金额【付款后，单位：元',
  `is_refund` varchar(32) CHARACTER SET utf8mb4 COLLATE utf8mb4_general_ci DEFAULT NULL COMMENT '是否有退款：YES，NO',
  `member_id` bigint DEFAULT NULL COMMENT '客户id',
  `project_id` bigint DEFAULT NULL COMMENT '服务项目id',
  `elder_id` bigint DEFAULT NULL COMMENT '服务对象ID',
  `estimated_arrival_time` datetime DEFAULT NULL COMMENT '预计服务时间',
  `mark` varchar(2000) CHARACTER SET utf8mb4 COLLATE utf8mb4_0900_ai_ci DEFAULT NULL COMMENT '备注',
  `reason` varchar(2000) CHARACTER SET utf8mb4 COLLATE utf8mb4_0900_ai_ci DEFAULT NULL COMMENT '取消原因',
  `status` int DEFAULT NULL COMMENT '订单状态 0待支付 1待执行 2已执行 3已完成 4已关闭 5已退款',
  `create_time` datetime NOT NULL COMMENT '创建时间',
  `update_time` datetime DEFAULT NULL COMMENT '更新时间',
  `create_by` bigint DEFAULT NULL COMMENT '创建人id',
  `update_by` bigint DEFAULT NULL COMMENT '更新人id',
  `remark` varchar(255) CHARACTER SET utf8mb4 COLLATE utf8mb4_0900_ai_ci DEFAULT NULL COMMENT '备注',
  `view_status` varchar(255) CHARACTER SET utf8mb4 COLLATE utf8mb4_0900_ai_ci DEFAULT '0' COMMENT '是否可见 0可见 1不可见',
  `order_no` varchar(50) CHARACTER SET utf8mb4 COLLATE utf8mb4_0900_ai_ci DEFAULT NULL COMMENT '订单编号',
  `o_create_type` tinyint DEFAULT NULL COMMENT '取消人类型 1前台 2后台',
  PRIMARY KEY (`id`) USING BTREE
) ENGINE=InnoDB AUTO_INCREMENT=232 DEFAULT CHARSET=utf8mb4 COLLATE=utf8mb4_0900_ai_ci ROW_FORMAT=DYNAMIC COMMENT='订单';
/*!40101 SET character_set_client = @saved_cs_client */;

--
-- Dumping data for table `order`
--

LOCK TABLES `order` WRITE;
/*!40000 ALTER TABLE `order` DISABLE KEYS */;
/*!40000 ALTER TABLE `order` ENABLE KEYS */;
UNLOCK TABLES;

--
-- Table structure for table `pay_channel`
--

DROP TABLE IF EXISTS `pay_channel`;
/*!40101 SET @saved_cs_client     = @@character_set_client */;
/*!50503 SET character_set_client = utf8mb4 */;
CREATE TABLE `pay_channel` (
  `id` bigint NOT NULL COMMENT '主键',
  `channel_name` varchar(32) CHARACTER SET utf8mb4 COLLATE utf8mb4_unicode_ci DEFAULT NULL COMMENT '通道名称',
  `channel_label` varchar(32) CHARACTER SET utf8mb4 COLLATE utf8mb4_unicode_ci DEFAULT NULL COMMENT '通道唯一标记',
  `domain` varchar(255) CHARACTER SET utf8mb4 COLLATE utf8mb4_unicode_ci DEFAULT NULL COMMENT '域名',
  `app_id` varchar(32) CHARACTER SET utf8mb3 COLLATE utf8mb3_bin NOT NULL COMMENT '商户appid',
  `public_key` varchar(2000) CHARACTER SET utf8mb3 COLLATE utf8mb3_bin NOT NULL COMMENT '支付公钥',
  `merchant_private_key` varchar(2000) CHARACTER SET utf8mb3 COLLATE utf8mb3_bin NOT NULL COMMENT '商户私钥',
  `other_config` varchar(1000) CHARACTER SET utf8mb4 COLLATE utf8mb4_unicode_ci DEFAULT NULL COMMENT '其他配置',
  `encrypt_key` varchar(255) CHARACTER SET utf8mb4 COLLATE utf8mb4_0900_ai_ci DEFAULT NULL COMMENT 'AES混淆密钥',
  `notify_url` varchar(255) CHARACTER SET utf8mb4 COLLATE utf8mb4_unicode_ci DEFAULT NULL COMMENT '回调地址',
  `enable_flag` varchar(10) CHARACTER SET utf8mb4 COLLATE utf8mb4_unicode_ci DEFAULT NULL COMMENT '是否有效',
  `enterprise_id` bigint DEFAULT NULL COMMENT '商户ID【系统内部识别使用】',
  `create_time` datetime NOT NULL COMMENT '创建时间',
  `update_time` datetime DEFAULT NULL COMMENT '更新时间',
  `create_by` bigint DEFAULT NULL COMMENT '创建人id',
  `update_by` bigint DEFAULT NULL COMMENT '更新人id',
  `remark` varchar(255) CHARACTER SET utf8mb4 COLLATE utf8mb4_0900_ai_ci DEFAULT NULL COMMENT '备注',
  PRIMARY KEY (`id`) USING BTREE
) ENGINE=InnoDB DEFAULT CHARSET=utf8mb4 COLLATE=utf8mb4_unicode_ci ROW_FORMAT=DYNAMIC COMMENT='交易渠道表';
/*!40101 SET character_set_client = @saved_cs_client */;

--
-- Dumping data for table `pay_channel`
--

LOCK TABLES `pay_channel` WRITE;
/*!40000 ALTER TABLE `pay_channel` DISABLE KEYS */;
INSERT INTO `pay_channel` VALUES (1456996281682616322,'支付宝支付','ALI_PAY','openapi.alipay.com','2021003141676135','MIIBIjANBgkqhkiG9w0BAQEFAAOCAQ8AMIIBCgKCAQEAhUnjdAKwZApwZEcfq+5L0pa77Vg3mqcoXv+th8RR0SYotkPsH1f2JkbS48ySaSCM6YNWSMNfqp5qdOla2zUJOBnJ/yaBg7s7fVD6V3M2mEog8kCDYGKt/3P4VII3xYl8lFYMQ3IcFRELkxCBBCA8JDKmf5z2R4F/Z/jFFEuOwxaJvp+7Ke9OzZHYdWGNnU6QP8YYLYUeX7VNZLHEuly34ExAw6A+yJkNDsYEho2Lu31QjT2pLh9g+88MlRfiI92iN25O9NVdeM4f5RcpvBPrBQZQs9tlFmALYSFS3prIf3FAobWM+W7iwxT6J25nFIhst1DdJQfIBpaeRUJVTkn99QIDAQAB','MIIEuwIBADANBgkqhkiG9w0BAQEFAASCBKUwggShAgEAAoIBAQC12YM9mR+HFQYTx/fHKHZbgszVtDHDB0B/ysWl3MbcPpGtjcZlDr5aynRMRLaoduRHT++A98IaNVIVGj9RHdXrX2j9I/Uz6fYDH63cdu6FZ6Pk82yPwNZW7pebprbVHInR/7gzsKQWSWEST70BgjCRqlbfAE6xzUZFTeYxciCjptm0rUQ2MC24xRdkvZByIDIYFnQ/AdmSFqNtKDR2WpEV/M8aBjyuPPomRJZ1X8oudWuJIU4ySdas04fCbDxD10TY/wyQcDHXuG1IrQpXme4DOGQeJZ0/aOFphBkDFUyPGfYMmLshOPNdBKi2IqWHPPs4XsV4Rv6+tvTSnMF2uGqHAgMBAAECggEAPa1sifPpcZN74DGupGng2uDeQI1BY3iOM8m+h6b9+61tE4RGifgaMAkCsOuNWE4a1uURwphFyUXUdTvVxdlsuMw/e7w6akUsH5sbCO99rtmcCQdXBtrM1+dMnIpK8LUhOYyWGVIMFVMGDYPmAyD5AC7aEAC2sC+DafYl4RdoYpidq1YxeE7DVw1aQHCI2mKhYjZG+3RDDGDfNFvdyH61MgdYjoGkeXNvARzEXgfWvfiTrHZ3H1SYgvOEHofzKDTrWsQL2dvaEsc55Jiw0AgNUVcgby7al8PUekTJoK3ZvrE3pSWaUirBcqsqWISHjeR7Xx501CHIha8EnZwlnDoM4QKBgQDtnYzwQ5mHg7cRHD8Z6QdTpvBvYSEPesiUT/HeI+AKQKDCVJxKiLvJagc6zZkOzV9bZDS/WLgzXWMyxUb+OTjht0jLWAMcf7NfFp3tPKq9wkmQQ/vQSBQ1lFmO6A4Zq1eoGKeUCB4pKBG6cSM+t8+ruhm7s1ZUt+6EBwCVN/izrQKBgQDD62jIm+6NFErdidUaIrGiFUrzqdR13w6JOexfk+O6Aau3wRqsr7Wz4nqQvVVxGMRpXbOH06zpeiS+vMmjwgO973VoLAmH+hJ0GZz8qj3zA2GEOFWjD2V7tqeRvGkQvz0v46pl+8sBJkrRHLN7DWNYY5NDI+b7exwqcTc/LL19gwJ/a6r4MeZvqvgD+7zQ2uy8ZSs/xzg7wsfgG1QeRIn8+qhOL8AnEZ7jeGCS5hJDSHHGw6KkRA/vZ1bpnBfIE2naXGywj3NR9Zfnry6QYO8cbt+adcRYVghTH/QYoKiFuxvonEKPrIQBJqUBY3ngforLjwTEpEie1cSCT1Dc8sBp8QKBgQCaz8fqzRyBKknGKQXVMxj+JKknRUl3IpzP3o9jLu9BqdRQzSwQzH9d91Y2TQXY6mM5hys35xG5JCUo+vCyj7p5OWCiwjl90yMFzr93/+YXwtIpsoIo6R+d1EUxKZoz+4mT7+hT0dUlwWZZOr6wO3IHBBf3c8UvbqZg+zlWmDnblQKBgEs6jwMkb5zaG2fyBJ7PJUN/8nIz8V+X0SxQfcEqIX0J+EC+7MAgFjcdZFp+lca3Vd9z+8Ksd4rMzMa5y856ositL2NZ+K0fs8i8EBaQPny61OgCFUuXEuv5keB2YuGMSns5FYRWuByrtDXl4PxzKXvq05iKWLKCaCq9v4momvKZ','111','VCS4bdmoAgXRaOq/TQ4MwA==','https://www.itcast.cn/','YES',2088241317544335,'2023-05-25 14:45:58',NULL,NULL,2023,'支付宝支付'),(1458124390586757121,'微信支付','WECHAT_PAY','api.mch.weixin.qq.com','wx6592a2db3f85ed25','内部封装','-----BEGIN PRIVATE KEY-----\nMIIEvQIBADANBgkqhkiG9w0BAQEFAASCBKcwggSjAgEAAoIBAQDBHGgIh80193Gh\ndpD1LtMZfTRpcWI0fImyuBCyrd3gYb3rrsARebGcHdJsQA3mVjVqVp5ybhEZDPa4\necoK4Ye1hTppNpI/lmLt4/uUV/zhF5ahli7hi+116Ty6svHSbuMQBuUZeTFOwGrx\njvofU/4pGIwh8ZvkcSnyOp9uX2177UVxDBkhgbZbJp9XF2b83vUa5eHo93CziPzn\n3hFdAlBCdTXB7DH+m0nN3Jou0szGukvq7cIgGpHku4ycKSTkIhhl9WRhN6OoSEJx\nq88MXzjkzTruc85PHN52aUTUifwg3T8Y4XqFQ61dTnEmgxeD2O6/pLdB9gLsp6yC\nGqN5Lqk7AgMBAAECggEBAL4X+WzUSbSjFS9NKNrCMjm4H1zgqTxjj6TnPkC1mGEl\ntjAHwLgzJBw62wWGdGhWWpSIGccpBBm1wjTMZpAZfF66fEpP1t1Ta6UjtGZNyvfF\nIZmE3jdWZ/WXGBnsxtFQKKKBNwrBW0Fbdqq9BQjLxLitmlxbmwrgPttcy855j6vZ\nqq4MBT1v8CtUT/gz4UWW2xWovVnmWOrRSScv7Nh0pMbRpPLkNHXrBwSSNz/keORz\nXB9JSm85wlkafa7n5/IJbdTml3A/uAgW3q3JZZQotHxQsYvD4Zb5Cnc9CPAXE5L2\nYk877kVXZMGt5QPIVcPMj/72AMtaJT67Y0fN0RYHEGkCgYEA38BIGDY6pePgPbxB\n7N/l6Df0/OKPP0u8mqR4Q0aQD3VxeGiZUN1uWXEFKsKwlOxLfIFIFk1/6zQeC0xe\ntNTKk0gTL8hpMUTNkE7vI9gFWws2LY6DE86Lm0bdFEIwh6d7Fr7zZtyQKPzMsesC\n3XV9sdSUExEi5o/VwAyf+xZlOXcCgYEA3PGZYlILjg3esPNkhDz2wxFw432i8l/B\nCPD8ZtqIV9eguu4fVtFYcUVfawBb0T11RamJkc4eiSOqayC+2ehgb+GyRLJNK4Fq\nbFcsIT+CK0HlscZw51jrMR0MxTc4RzuOIMoYDeZqeGB6/YnNyG4pw2sD8bIwHm84\n06gtJsX/v10CgYAo8g3/aEUZQHcztPS3fU2cTkkl0ev24Ew2XGypmwsX2R0XtMSB\nuNPNyFHyvkgEKK2zrhDcC/ihuRraZHJcUyhzBViFgP5HBtk7VEaM36YzP/z9Hzw7\nbqu7kZ85atdoq6xpwC3Yn/o9le17jY8rqamD1mv2hUdGvAGYsHbCQxnpBwKBgHTk\neaMUBzr7yZLS4p435tHje1dQVBJpaKaDYPZFrhbTZR0g+IGlNmaPLmFdCjbUjiPy\nA2+Znnwt227cHz0IfWUUAo3ny3419QkmwZlBkWuzbIO2mms7lwsf9G6uvV6qepKM\neVd5TWEsokVbT/03k27pQmfwPxcK/wS0GFdIL/udAoGAOYdDqY5/aadWCyhzTGI6\nqXPLvC+fsJBPhK2RXyc+jYV0KmrEv4ewxlK5NksuFsNkyB7wlI1oMCa/xB3T/2vT\nBALgGFPi8BJqceUjtnTYtI4R2JIVEl08RtEJwyU5JZ2rvWcilsotVZYwfuLZ9Kfd\nhkTrgNxlp/KKkr+UuKce4Vs=\n-----END PRIVATE KEY-----\n','{\"mchId\":\"1561414331\",\"mchSerialNo\":\"25FBDE3EFD31B03A4377EB9A4A47C517969E6620\",\"apiV3Key\":\"CZBK51236435wxpay435434323FFDuv3\"}','内部封装','https://www.itcast.cn/','YES',1561414331,'2023-05-25 17:28:40',NULL,NULL,2023,'微信支付');
/*!40000 ALTER TABLE `pay_channel` ENABLE KEYS */;
UNLOCK TABLES;

--
-- Table structure for table `pending_tasks`
--

DROP TABLE IF EXISTS `pending_tasks`;
/*!40101 SET @saved_cs_client     = @@character_set_client */;
/*!50503 SET character_set_client = utf8mb4 */;
CREATE TABLE `pending_tasks` (
  `id` bigint NOT NULL AUTO_INCREMENT COMMENT '主键',
  `code` varchar(255) CHARACTER SET utf8mb4 COLLATE utf8mb4_unicode_ci DEFAULT NULL COMMENT '编号',
  `title` varchar(255) CHARACTER SET utf8mb4 COLLATE utf8mb4_unicode_ci DEFAULT NULL COMMENT '标题',
  `type` tinyint DEFAULT NULL COMMENT '类型（1：退住，2：请假，3：入住）',
  `assignee` varchar(64) CHARACTER SET utf8mb4 COLLATE utf8mb4_unicode_ci DEFAULT NULL COMMENT '操作人',
  `assignee_id` bigint DEFAULT NULL COMMENT '操作人id',
  `status` tinyint DEFAULT NULL COMMENT '状态（1：申请中，2:已完成，3:已关闭）',
  `application_time` datetime DEFAULT NULL COMMENT '申请时间',
  `applicat` varchar(64) CHARACTER SET utf8mb4 COLLATE utf8mb4_unicode_ci DEFAULT NULL COMMENT '申请人',
  `applicat_id` bigint DEFAULT NULL COMMENT '申请人id',
  `finish_time` datetime DEFAULT NULL COMMENT '完成时间',
  `is_handle` tinyint DEFAULT NULL COMMENT '是否处理完成（0：未处理，1：已处理）',
  `create_time` datetime DEFAULT NULL,
  `update_time` datetime DEFAULT NULL,
  `create_by` bigint DEFAULT NULL,
  `update_by` bigint DEFAULT NULL,
  `step_no` int DEFAULT NULL COMMENT '审核步骤（从0开始）',
  PRIMARY KEY (`id`) USING BTREE
) ENGINE=InnoDB AUTO_INCREMENT=1137 DEFAULT CHARSET=utf8mb4 COLLATE=utf8mb4_unicode_ci ROW_FORMAT=DYNAMIC COMMENT='待办任务表';
/*!40101 SET character_set_client = @saved_cs_client */;

--
-- Dumping data for table `pending_tasks`
--

LOCK TABLES `pending_tasks` WRITE;
/*!40000 ALTER TABLE `pending_tasks` DISABLE KEYS */;
/*!40000 ALTER TABLE `pending_tasks` ENABLE KEYS */;
UNLOCK TABLES;

--
-- Table structure for table `prepaid_recharge_record`
--

DROP TABLE IF EXISTS `prepaid_recharge_record`;
/*!40101 SET @saved_cs_client     = @@character_set_client */;
/*!50503 SET character_set_client = utf8mb4 */;
CREATE TABLE `prepaid_recharge_record` (
  `id` bigint NOT NULL AUTO_INCREMENT COMMENT 'id',
  `recharge_amount` decimal(10,2) NOT NULL COMMENT '充值金额（元）',
  `recharge_voucher` varchar(255) CHARACTER SET utf8mb4 COLLATE utf8mb4_0900_ai_ci NOT NULL COMMENT '充值凭证',
  `recharge_method` varchar(50) CHARACTER SET utf8mb4 COLLATE utf8mb4_0900_ai_ci NOT NULL COMMENT '充值方式',
  `elder_id` bigint NOT NULL COMMENT '老人ID',
  `prepaid_recharge_no` varchar(50) CHARACTER SET utf8mb4 COLLATE utf8mb4_0900_ai_ci NOT NULL DEFAULT '' COMMENT '预缴款编号',
  `create_time` datetime NOT NULL COMMENT '创建时间',
  `update_time` datetime DEFAULT NULL COMMENT '更新时间',
  `create_by` bigint DEFAULT NULL COMMENT '创建人id',
  `update_by` bigint DEFAULT NULL COMMENT '更新人id',
  `remark` varchar(255) CHARACTER SET utf8mb4 COLLATE utf8mb4_0900_ai_ci DEFAULT NULL COMMENT '备注',
  PRIMARY KEY (`id`) USING BTREE
) ENGINE=InnoDB AUTO_INCREMENT=158 DEFAULT CHARSET=utf8mb4 COLLATE=utf8mb4_0900_ai_ci ROW_FORMAT=DYNAMIC COMMENT='预交款充值记录表';
/*!40101 SET character_set_client = @saved_cs_client */;

--
-- Dumping data for table `prepaid_recharge_record`
--

LOCK TABLES `prepaid_recharge_record` WRITE;
/*!40000 ALTER TABLE `prepaid_recharge_record` DISABLE KEYS */;
INSERT INTO `prepaid_recharge_record` VALUES (156,10000.00,'https://yjy-slwl-oss.oss-cn-hangzhou.aliyuncs.com/4100ff66-86ad-4f22-a0dd-58ddc04efc14.png','微信',133,'YJ202310051503161','2023-10-05 15:03:16',NULL,1671403256519078138,NULL,'12'),(157,10000.00,'https://itheim.oss-cn-beijing.aliyuncs.com/b0fd2fc0-8e24-4534-8a22-96992f21fb68.png','支付宝',29,'YJ202311120003371','2023-11-12 00:03:37','2023-11-12 00:03:37',1671403256519078138,NULL,'123');
/*!40000 ALTER TABLE `prepaid_recharge_record` ENABLE KEYS */;
UNLOCK TABLES;

--
-- Table structure for table `refund_record`
--

DROP TABLE IF EXISTS `refund_record`;
/*!40101 SET @saved_cs_client     = @@character_set_client */;
/*!50503 SET character_set_client = utf8mb4 */;
CREATE TABLE `refund_record` (
  `id` bigint NOT NULL AUTO_INCREMENT COMMENT '主键',
  `trading_order_no` bigint DEFAULT NULL COMMENT '交易系统订单号【对于三方来说：商户订单】',
  `product_order_no` bigint DEFAULT NULL COMMENT '业务系统订单号',
  `refund_no` bigint DEFAULT NULL COMMENT '本次退款订单号',
  `enterprise_id` bigint DEFAULT NULL COMMENT '商户号',
  `trading_channel` varchar(32) CHARACTER SET utf8mb4 COLLATE utf8mb4_0900_ai_ci DEFAULT NULL COMMENT '退款渠道【支付宝、微信、现金】',
  `refund_status` int DEFAULT NULL COMMENT '退款状态：0-未知错误 1-退款中，2-成功, 3-失败',
  `refund_code` varchar(80) CHARACTER SET utf8mb3 COLLATE utf8mb3_general_ci DEFAULT NULL COMMENT '返回编码',
  `refund_msg` text CHARACTER SET utf8mb3 COLLATE utf8mb3_general_ci COMMENT '返回信息',
  `memo` varchar(255) CHARACTER SET utf8mb3 COLLATE utf8mb3_general_ci DEFAULT NULL COMMENT '备注【订单门店，桌台信息】',
  `refund_amount` decimal(12,2) NOT NULL COMMENT '本次退款金额',
  `total` decimal(12,2) DEFAULT NULL COMMENT '原订单金额',
  `create_time` datetime NOT NULL COMMENT '创建时间',
  `update_time` datetime DEFAULT NULL COMMENT '更新时间',
  `create_by` bigint DEFAULT NULL COMMENT '创建人id',
  `update_by` bigint DEFAULT NULL COMMENT '更新人id',
  `remark` varchar(255) CHARACTER SET utf8mb4 COLLATE utf8mb4_0900_ai_ci DEFAULT NULL COMMENT '备注',
  `create_type` tinyint DEFAULT NULL COMMENT '1 前台 2后台',
  PRIMARY KEY (`id`) USING BTREE,
  KEY `trading_order_no` (`trading_order_no`) USING BTREE,
  KEY `product_order_no` (`product_order_no`) USING BTREE,
  KEY `refund_no` (`refund_no`) USING BTREE,
  KEY `create_time` (`create_time`) USING BTREE,
  KEY `refund_status` (`refund_status`) USING BTREE
) ENGINE=InnoDB AUTO_INCREMENT=158 DEFAULT CHARSET=utf8mb4 COLLATE=utf8mb4_unicode_ci ROW_FORMAT=DYNAMIC COMMENT='退款记录表';
/*!40101 SET character_set_client = @saved_cs_client */;

--
-- Dumping data for table `refund_record`
--

LOCK TABLES `refund_record` WRITE;
/*!40000 ALTER TABLE `refund_record` DISABLE KEYS */;
INSERT INTO `refund_record` VALUES (156,653,653,NULL,NULL,NULL,2,NULL,'27','0',4790.32,NULL,'2023-10-05 15:26:10',NULL,1671403256519078147,NULL,NULL,2),(157,658,658,NULL,NULL,NULL,2,NULL,'27','0',6270.97,NULL,'2023-10-05 19:36:37',NULL,1671403256519078147,NULL,NULL,2);
/*!40000 ALTER TABLE `refund_record` ENABLE KEYS */;
UNLOCK TABLES;

--
-- Table structure for table `rescission_contract`
--

DROP TABLE IF EXISTS `rescission_contract`;
/*!40101 SET @saved_cs_client     = @@character_set_client */;
/*!50503 SET character_set_client = utf8mb4 */;
CREATE TABLE `rescission_contract` (
  `id` bigint NOT NULL AUTO_INCREMENT COMMENT '主键',
  `contract_url` varchar(255) CHARACTER SET utf8mb4 COLLATE utf8mb4_0900_ai_ci DEFAULT NULL COMMENT '协议URL',
  `rescission_contract_name` varchar(50) CHARACTER SET utf8mb4 COLLATE utf8mb4_0900_ai_ci DEFAULT NULL,
  `retreat_id` bigint DEFAULT NULL COMMENT '退住id',
  `relieve_time` datetime DEFAULT NULL COMMENT '解除日期',
  `create_time` datetime DEFAULT NULL COMMENT '解除日期',
  `update_time` datetime DEFAULT NULL COMMENT '更新时间',
  `create_by` bigint DEFAULT NULL COMMENT '创建人id',
  `update_by` bigint DEFAULT NULL COMMENT '更新人id',
  PRIMARY KEY (`id`) USING BTREE
) ENGINE=InnoDB AUTO_INCREMENT=176 DEFAULT CHARSET=utf8mb4 COLLATE=utf8mb4_0900_ai_ci ROW_FORMAT=DYNAMIC;
/*!40101 SET character_set_client = @saved_cs_client */;

--
-- Dumping data for table `rescission_contract`
--

LOCK TABLES `rescission_contract` WRITE;
/*!40000 ALTER TABLE `rescission_contract` DISABLE KEYS */;
/*!40000 ALTER TABLE `rescission_contract` ENABLE KEYS */;
UNLOCK TABLES;

--
-- Table structure for table `reservation`
--

DROP TABLE IF EXISTS `reservation`;
/*!40101 SET @saved_cs_client     = @@character_set_client */;
/*!50503 SET character_set_client = utf8mb4 */;
CREATE TABLE `reservation` (
  `id` bigint NOT NULL AUTO_INCREMENT COMMENT '主键ID',
  `name` varchar(50) CHARACTER SET utf8mb4 COLLATE utf8mb4_0900_ai_ci NOT NULL COMMENT '预约人姓名',
  `mobile` varchar(20) CHARACTER SET utf8mb4 COLLATE utf8mb4_0900_ai_ci NOT NULL COMMENT '预约人手机号',
  `time` datetime NOT NULL COMMENT '预约时间',
  `visitor` varchar(50) CHARACTER SET utf8mb4 COLLATE utf8mb4_0900_ai_ci NOT NULL COMMENT '探访人',
  `type` int NOT NULL COMMENT '预约类型，0：参观预约，1：探访预约',
  `status` int NOT NULL COMMENT '预约状态，0：待报道，1：已完成，2：取消，3：过期',
  `create_time` datetime NOT NULL COMMENT '创建时间',
  `update_time` datetime DEFAULT NULL COMMENT '更新时间',
  `create_by` bigint DEFAULT NULL COMMENT '创建人id',
  `update_by` bigint DEFAULT NULL COMMENT '更新人id',
  `remark` varchar(255) CHARACTER SET utf8mb4 COLLATE utf8mb4_0900_ai_ci DEFAULT NULL COMMENT '备注',
  PRIMARY KEY (`id`) USING BTREE,
  UNIQUE KEY `name_mobile_time_visitor` (`mobile`,`time`) USING BTREE
) ENGINE=InnoDB AUTO_INCREMENT=231 DEFAULT CHARSET=utf8mb4 COLLATE=utf8mb4_0900_ai_ci ROW_FORMAT=DYNAMIC COMMENT='预约信息表';
/*!40101 SET character_set_client = @saved_cs_client */;

--
-- Dumping data for table `reservation`
--

LOCK TABLES `reservation` WRITE;
/*!40000 ALTER TABLE `reservation` DISABLE KEYS */;
INSERT INTO `reservation` VALUES (224,'李孝天','13212349878','2023-10-16 08:00:00','哈哈',0,3,'2023-10-15 20:54:57',NULL,8,NULL,NULL),(225,'小张','13212349090','2023-10-28 15:30:00','大张',0,3,'2023-10-28 15:00:17',NULL,8,NULL,NULL),(226,'123','13212345432','2023-10-31 08:00:00','123',0,3,'2023-10-28 22:59:05','2023-10-31 02:41:07',8,8,NULL),(228,'哈哈','13212346543','2023-10-31 16:00:00','呵呵',0,3,'2023-10-29 15:52:04','2023-10-31 15:52:04',8,8,NULL),(230,'123','13567451234','2023-11-24 08:00:00','1222',0,2,'2023-11-23 20:48:37','2023-11-23 20:48:43',8,8,NULL);
/*!40000 ALTER TABLE `reservation` ENABLE KEYS */;
UNLOCK TABLES;

--
-- Table structure for table `retreat`
--

DROP TABLE IF EXISTS `retreat`;
/*!40101 SET @saved_cs_client     = @@character_set_client */;
/*!50503 SET character_set_client = utf8mb4 */;
CREATE TABLE `retreat` (
  `id` bigint NOT NULL AUTO_INCREMENT COMMENT '主键',
  `retreat_code` varchar(255) CHARACTER SET utf8mb3 COLLATE utf8mb3_unicode_ci DEFAULT NULL COMMENT '退住编号',
  `title` varchar(255) CHARACTER SET utf8mb4 COLLATE utf8mb4_0900_ai_ci DEFAULT NULL COMMENT '标题',
  `elder_id` bigint DEFAULT NULL COMMENT '老人id',
  `name` varchar(50) CHARACTER SET utf8mb4 COLLATE utf8mb4_0900_ai_ci DEFAULT NULL COMMENT '姓名',
  `id_card_no` varchar(20) CHARACTER SET utf8mb4 COLLATE utf8mb4_0900_ai_ci DEFAULT NULL COMMENT '身份证号',
  `phone` varchar(50) CHARACTER SET utf8mb4 COLLATE utf8mb4_0900_ai_ci DEFAULT NULL COMMENT '联系方式',
  `check_in_start_time` datetime DEFAULT NULL COMMENT '入住开始时间',
  `check_in_end_time` datetime DEFAULT NULL COMMENT '入住结束时间',
  `nursing_level_name` varchar(50) CHARACTER SET utf8mb4 COLLATE utf8mb4_0900_ai_ci DEFAULT NULL COMMENT '护理等级',
  `bed_no` varchar(200) CHARACTER SET utf8mb4 COLLATE utf8mb4_0900_ai_ci DEFAULT NULL COMMENT '入住床位',
  `contract_name` varchar(50) CHARACTER SET utf8mb4 COLLATE utf8mb4_0900_ai_ci DEFAULT NULL COMMENT '签约合同',
  `contract_url` varchar(255) CHARACTER SET utf8mb4 COLLATE utf8mb4_0900_ai_ci DEFAULT NULL COMMENT '合同URL',
  `contract_no` varchar(100) CHARACTER SET utf8mb4 COLLATE utf8mb4_0900_ai_ci DEFAULT NULL COMMENT '合同编号',
  `counselor` varchar(20) CHARACTER SET utf8mb4 COLLATE utf8mb4_0900_ai_ci DEFAULT NULL COMMENT '养老顾问',
  `nursing_name` varchar(20) CHARACTER SET utf8mb4 COLLATE utf8mb4_0900_ai_ci DEFAULT NULL COMMENT '护理员名称',
  `check_out_time` datetime DEFAULT NULL COMMENT '退住时间',
  `reason` varchar(255) CHARACTER SET utf8mb4 COLLATE utf8mb4_0900_ai_ci DEFAULT NULL COMMENT '退住原因',
  `remark` varchar(255) CHARACTER SET utf8mb4 COLLATE utf8mb4_0900_ai_ci DEFAULT NULL COMMENT '备注',
  `applicat` varchar(20) CHARACTER SET utf8mb4 COLLATE utf8mb4_0900_ai_ci DEFAULT NULL COMMENT '申请人',
  `applicat_id` bigint DEFAULT NULL COMMENT '申请人id',
  `dept_no` varchar(100) CHARACTER SET utf8mb4 COLLATE utf8mb4_0900_ai_ci DEFAULT NULL COMMENT '申请人部门编号',
  `create_time` datetime DEFAULT NULL COMMENT '申请时间',
  `flow_status` tinyint DEFAULT NULL COMMENT '流程状态（0:申请退住，1:申请审批，2:解除合同，3:调整账单，4:账单审批，5:退住审批，6:费用算清）\r\n',
  `status` tinyint DEFAULT NULL COMMENT '状态（1：申请中，2:已完成,3:已关闭）',
  `create_by` bigint DEFAULT NULL,
  `update_by` bigint DEFAULT NULL,
  `update_time` datetime DEFAULT NULL,
  PRIMARY KEY (`id`) USING BTREE
) ENGINE=InnoDB AUTO_INCREMENT=178 DEFAULT CHARSET=utf8mb4 COLLATE=utf8mb4_0900_ai_ci ROW_FORMAT=DYNAMIC COMMENT='退住表';
/*!40101 SET character_set_client = @saved_cs_client */;

--
-- Dumping data for table `retreat`
--

LOCK TABLES `retreat` WRITE;
/*!40000 ALTER TABLE `retreat` DISABLE KEYS */;
/*!40000 ALTER TABLE `retreat` ENABLE KEYS */;
UNLOCK TABLES;

--
-- Table structure for table `retreat_bill`
--

DROP TABLE IF EXISTS `retreat_bill`;
/*!40101 SET @saved_cs_client     = @@character_set_client */;
/*!50503 SET character_set_client = utf8mb4 */;
CREATE TABLE `retreat_bill` (
  `id` bigint NOT NULL AUTO_INCREMENT COMMENT '主键',
  `retreat_id` bigint DEFAULT NULL COMMENT '退住id',
  `bill_json` text CHARACTER SET utf8mb4 COLLATE utf8mb4_unicode_ci COMMENT '账单json数据',
  `refund_voucher_url` varchar(255) CHARACTER SET utf8mb4 COLLATE utf8mb4_unicode_ci DEFAULT NULL COMMENT '退款凭证URL',
  `trading_channel` varchar(255) CHARACTER SET utf8mb4 COLLATE utf8mb4_unicode_ci DEFAULT NULL COMMENT '支付渠道',
  `elder_id` bigint DEFAULT NULL COMMENT '老人ID',
  `is_refund` int DEFAULT NULL COMMENT '是否退款',
  `refund_amount` decimal(10,2) DEFAULT NULL COMMENT '退款金额',
  `create_time` datetime DEFAULT NULL COMMENT '创建时间',
  `update_time` datetime DEFAULT NULL COMMENT '更新时间',
  `create_by` bigint DEFAULT NULL COMMENT '创建人',
  `update_by` bigint DEFAULT NULL COMMENT '更新人',
  `remark` varchar(255) CHARACTER SET utf8mb4 COLLATE utf8mb4_unicode_ci DEFAULT NULL COMMENT '备注',
  PRIMARY KEY (`id`) USING BTREE
) ENGINE=InnoDB AUTO_INCREMENT=99 DEFAULT CHARSET=utf8mb4 COLLATE=utf8mb4_unicode_ci ROW_FORMAT=DYNAMIC;
/*!40101 SET character_set_client = @saved_cs_client */;

--
-- Dumping data for table `retreat_bill`
--

LOCK TABLES `retreat_bill` WRITE;
/*!40000 ALTER TABLE `retreat_bill` DISABLE KEYS */;
/*!40000 ALTER TABLE `retreat_bill` ENABLE KEYS */;
UNLOCK TABLES;

--
-- Table structure for table `room`
--

DROP TABLE IF EXISTS `room`;
/*!40101 SET @saved_cs_client     = @@character_set_client */;
/*!50503 SET character_set_client = utf8mb4 */;
CREATE TABLE `room` (
  `id` bigint NOT NULL AUTO_INCREMENT COMMENT '主键ID',
  `code` varchar(255) CHARACTER SET utf8mb4 COLLATE utf8mb4_0900_ai_ci DEFAULT NULL COMMENT '房间编号',
  `sort` int DEFAULT NULL COMMENT '排序号',
  `type_name` varchar(255) CHARACTER SET utf8mb4 COLLATE utf8mb4_0900_ai_ci DEFAULT NULL COMMENT '房间类型名称',
  `floor_id` bigint DEFAULT NULL COMMENT '楼层id',
  `create_time` datetime DEFAULT NULL COMMENT '创建时间',
  `update_time` datetime DEFAULT NULL COMMENT '更新时间',
  `is_deleted` tinyint(1) DEFAULT '0' COMMENT '是否删除',
  `create_by` bigint DEFAULT NULL COMMENT '创建人id',
  `update_by` bigint DEFAULT NULL COMMENT '更新人id',
  `remark` varchar(255) CHARACTER SET utf8mb4 COLLATE utf8mb4_0900_ai_ci DEFAULT NULL COMMENT '备注',
  PRIMARY KEY (`id`) USING BTREE,
  UNIQUE KEY `code` (`code`) USING BTREE
) ENGINE=InnoDB AUTO_INCREMENT=67 DEFAULT CHARSET=utf8mb4 COLLATE=utf8mb4_0900_ai_ci ROW_FORMAT=DYNAMIC COMMENT='房间表';
/*!40101 SET character_set_client = @saved_cs_client */;

--
-- Dumping data for table `room`
--

LOCK TABLES `room` WRITE;
/*!40000 ALTER TABLE `room` DISABLE KEYS */;
INSERT INTO `room` VALUES (1,'101',1,'特护房',1,'2023-09-26 17:38:25','2023-09-26 17:38:25',0,1671403256519078138,NULL,NULL),(2,'102',2,'普通双人间',1,'2023-09-26 17:38:32','2023-09-26 17:38:32',0,1671403256519078138,NULL,NULL),(3,'103',3,'普通单人间',1,'2023-09-26 17:38:41','2023-09-26 17:38:41',0,1671403256519078138,NULL,NULL),(4,'104',4,'豪华双人间',1,'2023-09-26 17:38:48','2023-09-26 17:38:48',0,1671403256519078138,NULL,NULL),(5,'105',5,'豪华单人间',1,'2023-09-26 17:38:55','2023-09-26 17:38:55',0,1671403256519078138,NULL,NULL),(6,'106',6,'双人套房',1,'2023-09-26 17:39:05','2023-09-26 17:39:05',0,1671403256519078138,NULL,NULL),(7,'107',7,'单人套房',1,'2023-09-26 17:39:13','2023-09-26 17:39:13',0,1671403256519078138,NULL,NULL),(8,'201',1,'特护房',2,'2023-09-26 17:42:02','2023-09-26 17:42:02',0,1671403256519078138,NULL,NULL),(9,'202',2,'普通双人间',2,'2023-09-26 17:42:08','2023-09-26 17:42:08',0,1671403256519078138,NULL,NULL),(10,'203',3,'普通单人间',2,'2023-09-26 17:42:15','2023-09-26 17:42:15',0,1671403256519078138,NULL,NULL),(11,'204',4,'豪华双人间',2,'2023-09-26 17:42:22','2023-09-26 17:42:22',0,1671403256519078138,NULL,NULL),(12,'205',5,'豪华单人间',2,'2023-09-26 17:42:30','2023-09-26 17:42:30',0,1671403256519078138,NULL,NULL),(13,'206',6,'双人套房',2,'2023-09-26 17:42:41','2023-09-26 17:42:41',0,1671403256519078138,NULL,NULL),(14,'207',7,'单人套房',2,'2023-09-26 17:42:48','2023-09-26 17:42:48',0,1671403256519078138,NULL,NULL),(15,'301',1,'特护房',3,'2023-09-26 17:43:54','2023-09-26 17:43:54',0,1671403256519078138,NULL,NULL),(16,'302',2,'普通双人间',3,'2023-09-26 17:44:01','2023-09-26 17:44:01',0,1671403256519078138,NULL,NULL),(17,'303',3,'普通单人间',3,'2023-09-26 17:44:09','2023-09-26 17:44:09',0,1671403256519078138,NULL,NULL),(18,'304',4,'豪华双人间',3,'2023-09-26 17:44:17','2023-09-26 17:44:17',0,1671403256519078138,NULL,NULL),(19,'305',5,'豪华单人间',3,'2023-09-26 17:44:24','2023-09-26 17:44:24',0,1671403256519078138,NULL,NULL),(20,'306',6,'双人套房',3,'2023-09-26 17:44:33','2023-09-26 17:44:33',0,1671403256519078138,NULL,NULL),(21,'307',7,'单人套房',3,'2023-09-26 17:44:42','2023-09-26 17:44:42',0,1671403256519078138,NULL,NULL),(22,'401',1,'特护房',4,'2023-09-26 18:51:10','2023-09-26 18:51:10',0,1671403256519078138,NULL,NULL),(23,'402',2,'普通双人间',4,'2023-09-26 18:51:17','2023-09-26 18:51:17',0,1671403256519078138,NULL,NULL),(24,'403',3,'普通单人间',4,'2023-09-26 18:51:23','2023-09-26 18:51:23',0,1671403256519078138,NULL,NULL),(25,'404',4,'豪华双人间',4,'2023-09-26 18:51:32','2023-09-26 18:51:32',0,1671403256519078138,NULL,NULL),(26,'405',5,'豪华单人间',4,'2023-09-26 18:51:42','2023-09-26 18:51:42',0,1671403256519078138,NULL,NULL),(27,'406',6,'双人套房',4,'2023-09-26 18:51:54','2023-09-26 18:51:54',0,1671403256519078138,NULL,NULL),(28,'407',7,'单人套房',4,'2023-09-26 18:52:03','2023-09-26 18:52:03',0,1671403256519078138,NULL,NULL),(29,'501',1,'特护房',5,'2023-09-26 18:53:54','2023-09-26 18:53:54',0,1671403256519078138,NULL,NULL),(31,'502',2,'普通双人间',5,'2023-09-26 18:54:05','2023-09-26 18:54:05',0,1671403256519078138,NULL,NULL),(32,'503',3,'普通单人间',5,'2023-09-26 18:54:12','2023-09-26 18:54:12',0,1671403256519078138,NULL,NULL),(33,'504',4,'豪华双人间',5,'2023-09-26 18:54:20','2023-09-26 18:54:20',0,1671403256519078138,NULL,NULL),(34,'505',5,'豪华单人间',5,'2023-09-26 18:54:28','2023-09-26 18:54:28',0,1671403256519078138,NULL,NULL),(35,'506',6,'双人套房',5,'2023-09-26 18:54:37','2023-09-26 18:54:37',0,1671403256519078138,NULL,NULL),(36,'507',7,'单人套房',5,'2023-09-26 18:54:47','2023-09-26 18:54:47',0,1671403256519078138,NULL,NULL),(37,'601',1,'特护房',6,'2023-09-26 18:57:14','2023-09-26 18:57:14',0,1671403256519078138,NULL,NULL),(38,'602',2,'普通双人间',6,'2023-09-26 18:57:20','2023-09-26 18:57:20',0,1671403256519078138,NULL,NULL),(39,'603',3,'普通单人间',6,'2023-09-26 18:57:28','2023-09-26 18:57:28',0,1671403256519078138,NULL,NULL),(40,'604',4,'豪华双人间',6,'2023-09-26 18:57:36','2023-09-26 18:57:36',0,1671403256519078138,NULL,NULL),(41,'605',5,'豪华单人间',6,'2023-09-26 19:01:36','2023-09-26 19:01:36',0,1671403256519078138,NULL,NULL),(42,'606',6,'双人套房',6,'2023-09-26 19:01:45','2023-09-26 19:01:45',0,1671403256519078138,NULL,NULL),(43,'607',7,'单人套房',6,'2023-09-26 19:01:54','2023-09-26 19:01:54',0,1671403256519078138,NULL,NULL),(44,'701',1,'特护房',7,'2023-09-26 19:02:13','2023-09-26 19:02:13',0,1671403256519078138,NULL,NULL),(45,'702',2,'普通双人间',7,'2023-09-26 19:02:20','2023-09-26 19:02:20',0,1671403256519078138,NULL,NULL),(46,'703',3,'普通单人间',7,'2023-09-26 19:02:28','2023-09-26 19:02:28',0,1671403256519078138,NULL,NULL),(47,'704',4,'豪华双人间',7,'2023-09-26 19:02:49','2023-09-26 19:02:49',0,1671403256519078138,NULL,NULL),(48,'705',5,'豪华单人间',7,'2023-09-26 19:03:00','2023-09-26 19:03:00',0,1671403256519078138,NULL,NULL),(49,'706',6,'双人套房',7,'2023-09-26 19:03:07','2023-09-26 19:03:07',0,1671403256519078138,NULL,NULL),(50,'707',7,'单人套房',7,'2023-09-26 19:03:15','2023-09-26 19:03:15',0,1671403256519078138,NULL,NULL),(51,'801',1,'特护房',8,'2023-09-26 19:03:49','2023-09-26 19:03:49',0,1671403256519078138,NULL,NULL),(52,'802',2,'普通双人间',8,'2023-09-26 19:03:57','2023-09-26 19:03:57',0,1671403256519078138,NULL,NULL),(53,'803',3,'普通单人间',8,'2023-09-26 19:04:04','2023-09-26 19:04:04',0,1671403256519078138,NULL,NULL),(54,'804',4,'豪华双人间',8,'2023-09-26 19:04:13','2023-09-26 19:04:13',0,1671403256519078138,NULL,NULL),(55,'805',5,'豪华单人间',8,'2023-09-26 19:04:45','2023-09-26 19:04:45',0,1671403256519078138,NULL,NULL),(56,'806',6,'双人套房',8,'2023-09-26 19:04:52','2023-09-26 19:04:52',0,1671403256519078138,NULL,NULL),(57,'807',7,'单人套房',8,'2023-09-26 19:05:00','2023-09-26 19:05:00',0,1671403256519078138,NULL,NULL),(66,'901',1,'普通双人间',391,'2023-11-30 20:21:29','2023-11-30 20:21:29',0,1,NULL,NULL);
/*!40000 ALTER TABLE `room` ENABLE KEYS */;
UNLOCK TABLES;

--
-- Table structure for table `room_type`
--

DROP TABLE IF EXISTS `room_type`;
/*!40101 SET @saved_cs_client     = @@character_set_client */;
/*!50503 SET character_set_client = utf8mb4 */;
CREATE TABLE `room_type` (
  `id` bigint NOT NULL AUTO_INCREMENT COMMENT '主键ID',
  `name` varchar(50) CHARACTER SET utf8mb4 COLLATE utf8mb4_0900_ai_ci NOT NULL COMMENT '房型名称',
  `bed_count` int NOT NULL DEFAULT '0' COMMENT '床位数量',
  `price` decimal(10,2) NOT NULL COMMENT '床位费用',
  `introduction` varchar(500) CHARACTER SET utf8mb4 COLLATE utf8mb4_0900_ai_ci DEFAULT NULL COMMENT '介绍',
  `photo` varchar(255) CHARACTER SET utf8mb4 COLLATE utf8mb4_0900_ai_ci DEFAULT NULL COMMENT '照片',
  `status` tinyint NOT NULL COMMENT '状态，0：禁用，1：启用',
  `create_time` datetime NOT NULL COMMENT '创建时间',
  `update_time` datetime DEFAULT NULL COMMENT '更新时间',
  `create_by` bigint DEFAULT NULL COMMENT '创建人id',
  `update_by` bigint DEFAULT NULL COMMENT '更新人id',
  `remark` varchar(255) CHARACTER SET utf8mb4 COLLATE utf8mb4_0900_ai_ci DEFAULT NULL COMMENT '备注',
  PRIMARY KEY (`id`) USING BTREE,
  UNIQUE KEY `name` (`name`) USING BTREE
) ENGINE=InnoDB AUTO_INCREMENT=97 DEFAULT CHARSET=utf8mb4 COLLATE=utf8mb4_0900_ai_ci ROW_FORMAT=DYNAMIC COMMENT='房型表';
/*!40101 SET character_set_client = @saved_cs_client */;

--
-- Dumping data for table `room_type`
--

LOCK TABLES `room_type` WRITE;
/*!40000 ALTER TABLE `room_type` DISABLE KEYS */;
INSERT INTO `room_type` VALUES (1,'单人套房',0,4000.00,'宽敞舒适的套房，配备独立卫生间和基本生活设施，满足独自居住的需求，提供私密性和舒适度','https://yjy-slwl-oss.oss-cn-hangzhou.aliyuncs.com/e2f1031b-e23e-4379-95d4-ce8fe382f58f.png',1,'2023-09-26 15:57:50','2023-09-26 15:57:50',1671403256519078153,NULL,NULL),(2,'双人套房',0,6000.00,'适合夫妻或朋友两人居住的套房，设有独立卫生间和基本生活设施，提供共享空间和私密性','https://yjy-slwl-oss.oss-cn-hangzhou.aliyuncs.com/ff84c185-2e28-431c-951d-d004cc2d5bdc.png',1,'2023-09-26 15:58:51','2023-09-26 15:58:51',1671403256519078153,NULL,NULL),(3,'豪华单人间',0,3000.00,'豪华装修的单人房间，提供舒适的居住环境和高品质的服务，设计精美，配备独立卫生间和必需设施','https://yjy-slwl-oss.oss-cn-hangzhou.aliyuncs.com/d803832c-5b93-4cae-ba95-aeb52ab0c5e0.png',1,'2023-09-26 15:59:33','2023-09-26 15:59:33',1671403256519078153,NULL,NULL),(4,'豪华双人间',0,4500.00,'精心装修的双人房间，提供舒适和豪华的居住环境，配备独立卫生间和高品质的家具','https://yjy-slwl-oss.oss-cn-hangzhou.aliyuncs.com/c3522da7-4c5c-48d2-94f9-9f0b95a048d2.png',1,'2023-09-26 16:00:03','2023-09-26 16:00:03',1671403256519078153,NULL,NULL),(5,'普通单人间',0,2000.00,'简洁实用的单人房间，提供基本的居住设施和舒适度，适合独自居住的老年人，提供相对经济实惠的居住选择','https://yjy-slwl-oss.oss-cn-hangzhou.aliyuncs.com/1a330b1c-b0a1-463d-8d9a-221ef17c314f.png',1,'2023-09-26 16:00:27','2023-09-26 16:00:27',1671403256519078153,NULL,NULL),(6,'普通双人间',0,3500.00,'标准的双人房间，提供基本的舒适居住环境。配备共用卫生间和必要的家具','https://yjy-slwl-oss.oss-cn-hangzhou.aliyuncs.com/6c462b11-2499-4bd3-8daf-2db39422c6c0.png',1,'2023-09-26 16:00:55','2023-09-26 16:00:55',1671403256519078153,NULL,NULL),(7,'特护房',0,8000.00,'专为特殊护理需求设计的房间，配备个性化护理设施和服务，提供特别关注、监测和护理','https://yjy-slwl-oss.oss-cn-hangzhou.aliyuncs.com/b61292a3-1702-47b7-bb80-cdd33280839d.png',1,'2023-09-26 16:01:32','2023-09-26 16:01:32',1671403256519078153,NULL,NULL);
/*!40000 ALTER TABLE `room_type` ENABLE KEYS */;
UNLOCK TABLES;

--
-- Table structure for table `sys_dept`
--

DROP TABLE IF EXISTS `sys_dept`;
/*!40101 SET @saved_cs_client     = @@character_set_client */;
/*!50503 SET character_set_client = utf8mb4 */;
CREATE TABLE `sys_dept` (
  `id` bigint NOT NULL AUTO_INCREMENT COMMENT '部门id',
  `parent_dept_no` varchar(20) CHARACTER SET utf8mb3 COLLATE utf8mb3_bin NOT NULL DEFAULT '0' COMMENT '父部门编号',
  `dept_no` varchar(20) CHARACTER SET utf8mb3 COLLATE utf8mb3_bin NOT NULL DEFAULT '0' COMMENT '部门编号:',
  `dept_name` varchar(30) CHARACTER SET utf8mb3 COLLATE utf8mb3_bin NOT NULL DEFAULT '' COMMENT '部门名称',
  `sort_no` int NOT NULL DEFAULT '0' COMMENT '排序',
  `data_state` char(1) CHARACTER SET utf8mb3 COLLATE utf8mb3_bin NOT NULL DEFAULT '0' COMMENT '数据状态（0正常 1停用）',
  `create_time` datetime NOT NULL COMMENT '创建时间',
  `update_time` datetime DEFAULT NULL COMMENT '更新时间',
  `create_by` bigint DEFAULT NULL COMMENT '创建者',
  `update_by` bigint DEFAULT NULL COMMENT '更新者',
  `leader_id` bigint DEFAULT NULL COMMENT '负责人Id',
  `remark` varchar(500) CHARACTER SET utf8mb3 COLLATE utf8mb3_bin DEFAULT NULL COMMENT '备注',
  PRIMARY KEY (`id`) USING BTREE,
  UNIQUE KEY `parent_dept_no_dept_name` (`parent_dept_no`,`dept_name`) USING BTREE
) ENGINE=InnoDB AUTO_INCREMENT=1671445634122588369 DEFAULT CHARSET=utf8mb3 COLLATE=utf8mb3_bin ROW_FORMAT=DYNAMIC COMMENT='部门表';
/*!40101 SET character_set_client = @saved_cs_client */;

--
-- Dumping data for table `sys_dept`
--

LOCK TABLES `sys_dept` WRITE;
/*!40000 ALTER TABLE `sys_dept` DISABLE KEYS */;
INSERT INTO `sys_dept` VALUES (1662011013253304321,'100000000000000','100001000000000','智慧养老院',1,'0','2023-05-21 16:21:19','2023-06-23 03:40:22',NULL,1671362878457892866,1668522280851951617,''),(1671445634122588305,'100001000000000','100001001000000','院长办公室1234',1,'0','2023-09-25 19:21:19','2023-12-08 16:22:51',1671403256519078138,1,NULL,NULL),(1671445634122588306,'100001000000000','100001002000000','财务部',2,'0','2023-09-25 19:22:09','2023-09-25 19:22:09',1671403256519078138,NULL,1671403256519078149,NULL),(1671445634122588307,'100001002000000','100001002001000','会计组',1,'0','2023-09-25 19:22:27','2023-09-25 19:22:27',1671403256519078138,NULL,NULL,NULL),(1671445634122588308,'100001002000000','100001002002000','结算组',2,'0','2023-09-25 19:22:36','2023-09-27 20:55:58',1671403256519078138,1671403256519078138,1671403256519078149,NULL),(1671445634122588309,'100001000000000','100001003000000','行政部',3,'0','2023-09-25 19:23:00','2023-09-25 19:23:00',1671403256519078138,NULL,NULL,NULL),(1671445634122588310,'100001003000000','100001003001000','行政人事组',1,'0','2023-09-25 19:23:11','2023-09-25 19:23:11',1671403256519078138,NULL,NULL,NULL),(1671445634122588311,'100001000000000','100001004000000','后勤部',4,'0','2023-09-25 19:23:23','2023-09-25 19:23:23',1671403256519078138,NULL,NULL,NULL),(1671445634122588312,'100001004000000','100001004001000','后前组1',1,'0','2023-09-25 19:23:31','2023-09-25 19:23:31',1671403256519078138,NULL,NULL,NULL),(1671445634122588313,'100001004000000','100001004002000','后勤组2',2,'0','2023-09-25 19:23:44','2023-09-25 19:23:44',1671403256519078138,NULL,NULL,NULL),(1671445634122588314,'100001000000000','100001005000000','护理部',5,'0','2023-09-25 19:23:56','2023-09-25 19:23:56',1671403256519078138,NULL,1671403256519078157,NULL),(1671445634122588315,'100001005000000','100001005001000','护理组',1,'0','2023-09-25 19:24:08','2023-09-27 20:56:38',1671403256519078138,1671403256519078138,NULL,NULL),(1671445634122588316,'100001000000000','100001006000000','销售部',6,'0','2023-09-25 19:24:25','2023-09-25 19:24:25',1671403256519078138,NULL,NULL,NULL),(1671445634122588317,'100001006000000','100001006001000','销售组',1,'0','2023-09-25 19:24:34','2023-09-25 19:24:34',1671403256519078138,NULL,NULL,NULL),(1671445634122588318,'100001000000000','100001007000000','法务部',7,'0','2023-09-25 19:24:43','2023-09-25 19:24:43',1671403256519078138,NULL,NULL,NULL),(1671445634122588319,'100001007000000','100001007001000','法务组',1,'0','2023-09-25 19:24:51','2023-09-25 19:24:51',1671403256519078138,NULL,NULL,NULL),(1671445634122588320,'100001000000000','100001008000000','售后保障部部长',8,'0','2023-09-25 19:25:04','2023-12-21 15:29:51',1671403256519078138,1671403256519078138,1671403256519078163,NULL),(1671445634122588321,'100001008000000','100001008001000','客服组',1,'0','2023-09-25 19:25:16','2023-09-25 19:25:16',1671403256519078138,NULL,NULL,NULL),(1671445634122588325,'100001002000000','100001002003000','财务2组1',1,'0','2023-10-30 22:55:32','2023-12-08 16:22:59',1671403256519078138,1,1671403256519078150,NULL),(1671445634122588350,'100001001000000','100001001001000','1',1,'0','2023-12-08 16:49:18','2023-12-08 16:49:18',1,NULL,NULL,NULL),(1671445634122588351,'100001001000000','100001001002000','2',1,'0','2023-12-08 16:49:50','2023-12-08 16:49:50',1,NULL,NULL,NULL),(1671445634122588352,'100001000000000','100001009000000','一级部门',1,'0','2023-12-08 16:51:58','2023-12-20 20:27:51',1,1671403256519078138,1671403256519078168,NULL),(1671445634122588359,'100001009000000','100001009001000','23333',1,'0','2023-12-08 17:02:17','2023-12-08 17:02:17',1671403256519078138,NULL,NULL,'334梵蒂冈的梵蒂冈'),(1671445634122588360,'100001009000000','100001009002000','1',1,'0','2023-12-08 17:04:36','2023-12-08 17:04:36',1671403256519078138,NULL,NULL,'111'),(1671445634122588361,'100001009000000','100001009003000','按时大声道撒',1,'0','2023-12-08 17:11:10','2023-12-21 15:28:14',1671403256519078138,1671403256519078138,NULL,'阿萨德按时'),(1671445634122588362,'100001009003000','100001009003001','自选菜不懂事不是',0,'0','2023-12-08 17:11:46','2023-12-08 17:11:46',1671403256519078138,NULL,1671403256519078169,'暗示法VB'),(1671445634122588363,'100001000000000','100001010000000','二级部门',1,'1','2023-12-15 22:58:37','2023-12-19 20:37:50',1671403256519078138,1671403256519078138,NULL,'二级部门'),(1671445634122588364,'100001000000000','100001011000000','三级部门',1,'0','2023-12-15 22:59:19','2023-12-15 23:01:30',1671403256519078138,1671403256519078138,NULL,'三级部门'),(1671445634122588365,'100001000000000','100001012000000','四级部门',1,'0','2023-12-19 20:38:12','2023-12-21 10:10:46',1671403256519078138,1671403256519078172,1671403256519078171,'1233'),(1671445634122588366,'100001000000000','100001013000000','五级部门',1,'0','2023-12-21 10:11:23','2023-12-21 15:28:05',1671403256519078172,1671403256519078138,1671403256519078166,'123344的是防守打法sdf'),(1671445634122588367,'100001000000000','100001014000000','测试部门啊啊',1,'1','2023-12-26 16:30:22','2023-12-26 16:30:22',1671403256519078138,NULL,1671403256519078175,'按时打算大所大'),(1671445634122588368,'100001010000000','100001010001000','123',1,'1','2023-12-27 17:05:43','2023-12-27 17:05:43',1671403256519078138,NULL,1671403256519078174,'33');
/*!40000 ALTER TABLE `sys_dept` ENABLE KEYS */;
UNLOCK TABLES;

--
-- Table structure for table `sys_post`
--

DROP TABLE IF EXISTS `sys_post`;
/*!40101 SET @saved_cs_client     = @@character_set_client */;
/*!50503 SET character_set_client = utf8mb4 */;
CREATE TABLE `sys_post` (
  `id` bigint NOT NULL AUTO_INCREMENT COMMENT '岗位ID',
  `dept_no` varchar(20) CHARACTER SET utf8mb3 COLLATE utf8mb3_bin NOT NULL DEFAULT '0' COMMENT '部门编号',
  `post_no` varchar(22) CHARACTER SET utf8mb3 COLLATE utf8mb3_bin NOT NULL COMMENT '岗位编码：父部门编号+01【2位】',
  `post_name` varchar(50) CHARACTER SET utf8mb3 COLLATE utf8mb3_bin NOT NULL COMMENT '岗位名称',
  `sort_no` int DEFAULT NULL COMMENT '显示顺序',
  `data_state` char(1) CHARACTER SET utf8mb3 COLLATE utf8mb3_bin NOT NULL DEFAULT '0' COMMENT '数据状态（0正常 1停用）',
  `create_time` datetime NOT NULL COMMENT '创建时间',
  `update_time` datetime DEFAULT NULL COMMENT '更新时间',
  `remark` varchar(500) CHARACTER SET utf8mb3 COLLATE utf8mb3_bin DEFAULT NULL COMMENT '备注',
  `create_by` bigint DEFAULT NULL COMMENT '创建者',
  `update_by` bigint DEFAULT NULL COMMENT '更新者',
  PRIMARY KEY (`id`) USING BTREE,
  UNIQUE KEY `dept_no_post_name` (`dept_no`,`post_name`) USING BTREE
) ENGINE=InnoDB AUTO_INCREMENT=1671446178337726596 DEFAULT CHARSET=utf8mb3 COLLATE=utf8mb3_bin ROW_FORMAT=DYNAMIC COMMENT='岗位表';
/*!40101 SET character_set_client = @saved_cs_client */;

--
-- Dumping data for table `sys_post`
--

LOCK TABLES `sys_post` WRITE;
/*!40000 ALTER TABLE `sys_post` DISABLE KEYS */;
INSERT INTO `sys_post` VALUES (1,'100001000000000','100001001000000','超级管理员',NULL,'0','2023-09-25 11:52:59','2023-09-25 11:52:59',NULL,1671403256519078006,NULL),(2,'100001001000000','100001001001000','院长',NULL,'0','2023-09-25 19:27:23','2023-09-25 19:27:23',NULL,1671403256519078138,NULL),(3,'100001001000000','100001001002000','副院长',NULL,'0','2023-09-25 19:27:30','2023-09-25 19:27:30','',1671403256519078138,NULL),(4,'100001002000000','100001002001000','财务部部长',NULL,'0','2023-09-25 19:27:57','2023-09-25 19:29:15',NULL,1671403256519078138,1671403256519078138),(5,'100001002000000','100001002002000','会计组主管',NULL,'0','2023-09-25 19:28:10','2023-09-25 19:28:10','',1671403256519078138,NULL),(7,'100001002000000','100001002004000','结算组主管',NULL,'0','2023-09-25 19:28:54','2023-09-25 19:28:54','',1671403256519078138,NULL),(8,'100001003000000','100001003001000','行政部部长',NULL,'0','2023-09-25 19:29:25','2023-09-25 19:29:25',NULL,1671403256519078138,NULL),(9,'100001003000000','100001003002000','行政人事组主管',NULL,'0','2023-09-25 19:29:35','2023-09-25 19:29:35','',1671403256519078138,NULL),(11,'100001004000000','100001004001000','后勤部部长',NULL,'0','2023-09-25 19:29:52','2023-09-25 19:29:52',NULL,1671403256519078138,NULL),(12,'100001004000000','100001004002000','后勤组主管',NULL,'0','2023-09-25 19:30:05','2023-09-25 19:30:05','',1671403256519078138,NULL),(14,'100001005000000','100001005001000','护理部部长',NULL,'0','2023-09-25 19:30:23','2023-09-25 19:30:23',NULL,1671403256519078138,NULL),(15,'100001005000000','100001005002000','护理组主管',NULL,'0','2023-09-25 19:30:30','2023-09-25 19:30:30','',1671403256519078138,NULL),(16,'100001005000000','100001005003000','护理员',NULL,'0','2023-09-25 19:30:35','2023-09-25 19:55:19','',1671403256519078138,1671403256519078138),(17,'100001006000000','100001006001000','销售部部长',NULL,'0','2023-09-25 19:30:49','2023-09-25 19:30:49',NULL,1671403256519078138,NULL),(18,'100001006000000','100001006002000','销售组主管',NULL,'0','2023-09-25 19:30:56','2023-09-25 19:30:56','',1671403256519078138,NULL),(19,'100001006000000','100001006003000','养老顾问',NULL,'0','2023-09-25 19:31:01','2023-09-25 19:55:29','',1671403256519078138,1671403256519078138),(20,'100001007000000','100001007001000','法务部部长',NULL,'0','2023-09-25 19:31:20','2023-09-25 19:31:20',NULL,1671403256519078138,NULL),(21,'100001007000000','100001007002000','法务组主管',NULL,'0','2023-09-25 19:31:27','2023-09-25 19:31:27','',1671403256519078138,NULL),(22,'100001007000000','100001007003000','法务专员',NULL,'0','2023-09-25 19:31:37','2023-09-25 19:55:47','',1671403256519078138,1671403256519078138),(23,'100001008000000','100001008001000','售后保障部部长',NULL,'0','2023-09-25 19:31:48','2023-09-25 19:31:48',NULL,1671403256519078138,NULL),(24,'100001008000000','100001008002000','客服组主管',NULL,'0','2023-09-25 19:31:59','2023-09-25 19:31:59','',1671403256519078138,NULL),(25,'100001008000000','100001008003000','客服专员',NULL,'0','2023-09-25 19:32:06','2023-09-25 19:56:02','',1671403256519078138,1671403256519078138),(26,'100001002000000','100001002005000','会计',NULL,'0','2023-09-25 19:53:18','2023-09-25 19:53:18',NULL,1671403256519078138,NULL),(27,'100001002000000','100001002006000','出纳',NULL,'0','2023-09-25 19:53:24','2023-09-25 19:53:24','',1671403256519078138,NULL),(28,'100001002000000','100001002007000','结算员',NULL,'0','2023-09-25 19:53:32','2023-09-25 19:53:32','',1671403256519078138,NULL),(29,'100001002000000','100001002008000','收费员',NULL,'0','2023-09-25 19:53:39','2023-10-28 11:41:28','',1671403256519078138,1671403256519078138),(30,'100001003000000','100001003003000','行政专员',NULL,'0','2023-09-25 19:53:59','2023-09-25 19:53:59',NULL,1671403256519078138,NULL),(31,'100001003000000','100001003004000','人事专员',NULL,'0','2023-09-25 19:54:06','2023-09-25 19:54:06','',1671403256519078138,NULL),(32,'100001003000000','100001003005000','前台接待',NULL,'0','2023-09-25 19:54:12','2023-09-25 19:54:12','',1671403256519078138,NULL),(33,'100001003000000','100001003006000','仓管',NULL,'0','2023-09-25 19:54:19','2023-09-25 19:54:19','',1671403256519078138,NULL),(34,'100001003000000','100001003007000','采购员',NULL,'0','2023-09-25 19:54:25','2023-09-25 19:54:25','',1671403256519078138,NULL),(35,'100001004000000','100001004003000','保安',NULL,'0','2023-09-25 19:54:39','2023-09-25 19:54:39',NULL,1671403256519078138,NULL),(36,'100001004000000','100001004004000','保洁',NULL,'0','2023-09-25 19:54:44','2023-09-25 19:54:44','',1671403256519078138,NULL),(37,'100001004000000','100001004005000','维修工',NULL,'0','2023-09-25 19:54:50','2023-09-25 19:54:50','',1671403256519078138,NULL),(38,'100001004000000','100001004006000','厨师',NULL,'0','2023-09-25 19:54:57','2023-09-25 19:54:57','',1671403256519078138,NULL),(39,'100001004000000','100001004007000','帮厨',NULL,'0','2023-09-25 19:55:04','2023-09-25 19:55:04','',1671403256519078138,NULL),(40,'100001004000000','100001004008000','厨工',NULL,'0','2023-09-25 19:55:10','2023-09-25 19:55:10','',1671403256519078138,NULL),(1671446178337726588,'100001000000000','100001002000000','123',NULL,'0','2023-10-31 15:43:36','2023-10-31 15:43:36','33',1671403256519078138,NULL),(1671446178337726590,'100001002002000','100001002002001','结算员2',NULL,'0','2023-12-08 11:30:52','2023-12-08 11:30:52','11',1671403256519078138,NULL),(1671446178337726591,'100001005001000','100001005001001','护理组新职位',NULL,'0','2023-12-08 14:44:44','2023-12-08 14:44:44','111',1671403256519078138,NULL),(1671446178337726592,'100001011000000','100001011001000','测试岗位',NULL,'1','2023-12-15 23:05:38','2023-12-25 10:50:26','测试岗位测试岗位测试岗位',1671403256519078138,1671403256519078138),(1671446178337726593,'100001012000000','100001012001000','测试岗位',NULL,'1','2023-12-20 20:51:38','2023-12-25 10:50:17','123fgdfg',1671403256519078138,1671403256519078138),(1671446178337726595,'100001013000000','100001013002000','测试岗位123',NULL,'0','2023-12-25 10:50:40','2023-12-25 11:30:19','123',1671403256519078138,1);
/*!40000 ALTER TABLE `sys_post` ENABLE KEYS */;
UNLOCK TABLES;

--
-- Table structure for table `sys_resource`
--

DROP TABLE IF EXISTS `sys_resource`;
/*!40101 SET @saved_cs_client     = @@character_set_client */;
/*!50503 SET character_set_client = utf8mb4 */;
CREATE TABLE `sys_resource` (
  `id` bigint NOT NULL AUTO_INCREMENT COMMENT '资源ID',
  `resource_no` varchar(20) CHARACTER SET utf8mb3 COLLATE utf8mb3_bin NOT NULL DEFAULT '0' COMMENT '资源编号\r\n',
  `parent_resource_no` varchar(20) CHARACTER SET utf8mb3 COLLATE utf8mb3_bin NOT NULL DEFAULT '0' COMMENT '父资源编号',
  `resource_name` varchar(50) CHARACTER SET utf8mb3 COLLATE utf8mb3_bin NOT NULL COMMENT '资源名称',
  `resource_type` char(1) CHARACTER SET utf8mb3 COLLATE utf8mb3_bin NOT NULL DEFAULT '' COMMENT '资源类型：s平台 c目录 m菜单 r按钮',
  `request_path` varchar(200) CHARACTER SET utf8mb3 COLLATE utf8mb3_bin NOT NULL DEFAULT '' COMMENT '请求地址',
  `label` varchar(100) CHARACTER SET utf8mb3 COLLATE utf8mb3_bin DEFAULT NULL COMMENT '权限标识',
  `data_state` char(1) CHARACTER SET utf8mb3 COLLATE utf8mb3_bin NOT NULL DEFAULT '0' COMMENT '数据状态（0正常 1停用）',
  `sort_no` int DEFAULT '0' COMMENT '排序',
  `icon` varchar(100) CHARACTER SET utf8mb3 COLLATE utf8mb3_bin DEFAULT '#' COMMENT '图标',
  `create_time` datetime NOT NULL COMMENT '创建时间',
  `update_time` datetime DEFAULT NULL COMMENT '更新时间',
  `remark` varchar(500) CHARACTER SET utf8mb3 COLLATE utf8mb3_bin DEFAULT '' COMMENT '备注',
  `create_by` bigint DEFAULT NULL COMMENT '创建者',
  `update_by` bigint DEFAULT NULL COMMENT '更新者',
  PRIMARY KEY (`id`) USING BTREE
) ENGINE=InnoDB AUTO_INCREMENT=1671412314831597911 DEFAULT CHARSET=utf8mb3 COLLATE=utf8mb3_bin ROW_FORMAT=DYNAMIC COMMENT='权限表';
/*!40101 SET character_set_client = @saved_cs_client */;

--
-- Dumping data for table `sys_resource`
--

LOCK TABLES `sys_resource` WRITE;
/*!40000 ALTER TABLE `sys_resource` DISABLE KEYS */;
INSERT INTO `sys_resource` VALUES (1662379840570994690,'100001001000000','100001000000000','权限管理','m','permission','authority','0',9,'user','2023-05-24 12:46:54','2023-07-05 21:15:20','权限管理',NULL,1671403256519078006),(1662379840570994691,'100001001001000','100001001007000','部门管理','m','dept','dept','0',3,'form','2023-05-26 01:46:54','2023-09-25 17:21:16','部门管理',NULL,1671403256519078138),(1662379840570994692,'100001001002000','100001001007000','职位管理','m','post','post','0',4,'chart','2023-05-26 14:46:54','2023-09-25 17:21:24','职位管理',NULL,1671403256519078138),(1662379840570994693,'100001001003000','100001001007000','菜单管理','m','menu','resource','0',2,'user','2023-05-26 01:46:54','2023-09-25 17:21:03','资源管理',NULL,1671403256519078138),(1662769279038128129,'100001001001001','100001001001000','新增部门','r','PUT/dept','PUT:dept','0',1,'ioc','2023-05-28 02:34:24','2023-09-25 17:44:47','部门新增',NULL,1671403256519078138),(1662769637764366338,'100001001004000','100001001007000','角色管理','m','role','role','0',1,'component','2023-05-27 16:35:49','2023-09-25 17:20:40','角色管理',NULL,1671403256519078138),(1666647718849794049,'100001001001003','100001001001000','编辑','r','PATCH/dept','PATCH:dept','0',3,'ioc','2023-06-08 11:25:56','2023-09-25 18:01:50','部门修改',NULL,1671403256519078138),(1666648004012134401,'100001001001004','100001001001000','部门树形','r','POST/dept/tree','POST:dept:tree','0',4,'ioc','2023-06-08 11:27:04','2023-06-08 11:27:04','部门树形',NULL,NULL),(1666648675843166210,'100001001002001','100001001002000','新增职位','r','PUT/post','PUT:post','0',1,'ioc','2023-06-08 11:29:44','2023-09-25 18:02:45','职位新增',NULL,1671403256519078138),(1666649178610192385,'100001001002003','100001001002000','编辑','r','PATCH/post','PATCH:post','0',3,'ioc','2023-06-08 11:31:44','2023-09-25 18:03:59','职位修改',NULL,1671403256519078138),(1666688453502423041,'100001001004001','100001001004000','新增角色','r','PUT/role','PUT:role','0',1,'ioc','2023-06-08 14:07:48','2023-09-25 17:30:36','角色新增',NULL,1671403256519078138),(1666688829291089922,'100001001004003','100001001004000','编辑','r','PATCH/role','PATCH:role','0',3,'ioc','2023-06-08 14:09:17','2023-09-25 17:31:14','角色修改',NULL,1671403256519078138),(1666691207545344002,'100001001005001','100001001005000','新增用户','r','PUT/user','PUT:user','0',1,'ioc','2023-06-08 14:18:44','2023-09-25 17:21:59','用户新增',NULL,1671403256519078138),(1666691573917798402,'100001001005003','100001001005000','编辑','r','PATCH/user','PATCH:user','0',3,'ioc','2023-06-08 14:20:12','2023-09-25 17:22:16','用户修改',NULL,1671403256519078138),(1666691969587466242,'100001001005005','100001001005000','禁用','r','PATCH/user','GET:user:current-user','0',5,'ioc','2023-06-08 14:21:46','2023-09-25 18:04:54','当前用户',NULL,1671403256519078138),(1671412314831597571,'100001002000000','100001000000000','来访管理','m','appointment','lfgl','0',2,'icon','2023-06-17 10:03:19','2023-07-05 05:04:25','预约管理',1371500419615895553,1671403256519078006),(1671412314831597572,'100001002001000','100001002000000','预约来访','m','yylf','yylf','0',1,'cwgl-sei','2023-06-20 07:03:59','2023-07-09 16:14:22','预约来访',1371500419615895553,1671403256519078006),(1671412314831597573,'100001002001001','100001002001000','预约登记','m','subscribe','yydj','0',1,'icon','2023-06-20 10:05:22','2023-07-06 16:03:05','预约登记',1371500419615895553,1671403256519078006),(1671412314831597574,'100001002001002','100001002001000','来访登记','m','comeVisit','lfdj','0',2,'icon','2023-06-20 10:06:10','2023-07-05 05:04:47','来访登记',1371500419615895553,1671403256519078006),(1671412314831597575,'100001003000000','100001000000000','在住管理','m','liveIn','zzgl','0',4,'icon','2023-06-20 02:07:31','2023-07-05 05:06:24','在住管理',1371500419615895553,1671403256519078006),(1671412314831597576,'100001003001000','100001003000000','合同管理','m','htgl','htgl','0',1,'icon','2023-06-20 23:08:31','2023-06-21 07:34:16','合同管理',1371500419615895553,1671362878457892866),(1671412314831597577,'100001003001001','100001003001000','合同跟踪','m','trackAfter','htgz','0',1,'icon','2023-06-20 10:09:04','2023-07-05 05:06:58','合同跟踪',1371500419615895553,1671403256519078006),(1671412314831597579,'100001004001000','100001004000000','工作台','m','gzt','gzt','0',1,'icon','2023-06-21 07:23:18',NULL,'',1671362878457892866,NULL),(1671412314831597580,'100001004001001','100001004001000','工作台','m','gzt','gzt','0',1,'icon','2023-06-21 07:23:54',NULL,'',1671362878457892866,NULL),(1671412314831597581,'100001005000000','100001000000000','入退管理','m','enterQuit','rtgl','0',3,'icon','2023-06-19 16:36:00','2023-07-06 14:44:52','入退管理',1671362878457892866,1),(1671412314831597582,'100001005001000','100001005000000','入住管理','m','enter','rzgl','0',1,'icon','2023-06-21 07:36:42','2023-07-29 09:32:30','入住管理',1671362878457892866,1671403256519078006),(1671412314831597583,'100001005001001','100001005001000','入住办理','m','enterManage','rzbl','0',1,'icon','2023-06-21 07:37:11','2023-07-29 09:32:48','入住办理',1671362878457892866,1671403256519078006),(1671412314831597584,'100001005002000','100001005000000','退住管理','m','quit','tzgl','0',2,'icon','2023-06-20 18:37:38','2023-07-05 05:06:09','退住管理',1671362878457892866,1671403256519078006),(1671412314831597585,'100001005002001','100001005002000','退住办理','m','quitManage','tzbl','0',1,'icon','2023-06-21 07:38:10','2023-07-20 13:42:43','退住办理',1671362878457892866,1671403256519078006),(1671412314831597586,'100001003002000','100001003000000','床位管理','m','cwgl','cwgl','0',2,'icon','2023-06-21 07:39:02','2023-09-25 14:28:20','',1671362878457892866,1671403256519078138),(1671412314831597587,'100001003002001','100001003002000','床位房型','m','houseType','cwfx','0',1,'icon','2023-06-20 18:39:35','2023-07-05 05:07:10','床位房型',1671362878457892866,1671403256519078006),(1671412314831597588,'100001003002002','100001003002000','房型设置','m','houseSet','fxsz','0',3,'icon','2023-06-20 18:40:21','2023-09-25 15:07:07','房型设置',1671362878457892866,1671403256519078138),(1671412314831597589,'100001003003000','100001003000000','请假管理','m','qjgl','qjgl','0',3,'icon','2023-06-21 07:40:51','2023-09-25 14:28:09','请假管理',1671362878457892866,1671403256519078138),(1671412314831597590,'100001003003001','100001003003000','请假管理','m','qjgl','qjgl','0',1,'icon','2023-06-20 18:41:23','2023-07-05 02:04:22','请假管理',1671362878457892866,1671403256519078006),(1671412314831597591,'100001006000000','100001000000000','服务管理','m','serve','fwgl','0',5,'icon','2023-06-21 07:51:15','2023-07-05 21:18:53','服务管理',1671362878457892866,1671403256519078006),(1671412314831597592,'100001006001000','100001006000000','护理计划','m','hljh-1','hljh-1','0',1,'icon','2023-06-20 15:52:05','2023-06-21 08:38:56','护理计划',1671362878457892866,1371500419615895553),(1671412314831597593,'100001006001001','100001006001000','护理等级','m','grade','hldj','0',1,'icon','2023-06-21 07:52:30','2023-07-05 21:16:37','护理等级',1671362878457892866,1671403256519078006),(1671412314831597594,'100001006001002','100001006001000','护理计划','m','nursePlan','hljh-2','0',2,'icon','2023-06-20 23:53:04','2023-07-05 21:16:49','护理计划',1671362878457892866,1671403256519078006),(1671412314831597595,'100001006001003','100001006001000','护理项目','m','nurseProject','hlxm','0',3,'icon','2023-06-20 23:53:45','2023-07-05 21:17:06','护理项目',1671362878457892866,1671403256519078006),(1671412314831597597,'100001006002000','100001006000000','护理任务','m','hlrw','hlrw','0',2,'icon','2023-06-23 03:02:50',NULL,'护理任务',1671362878457892866,NULL),(1671412314831597598,'100001006002001','100001006002000','负责老人','m','fzlr','fzlr','0',1,'icon','2023-06-23 03:03:43',NULL,'负责老人',1671362878457892866,NULL),(1671412314831597599,'100001006002002','100001006002000','任务安排','m','rwap','rwap','0',2,'icon','2023-06-23 03:04:10',NULL,'任务安排',1671362878457892866,NULL),(1671412314831597600,'100001008000000','100001000000000','财务管理','m','finance','cwgl','0',7,'icon','2023-06-23 03:06:02','2023-08-24 15:34:52','财务管理',1671362878457892866,1671403256519078006),(1671412314831597601,'100001008001000','100001008000000','账单管理','m','bill','zdgl','0',1,'icon','2023-06-23 03:12:01','2023-08-24 15:35:12','账单管理',1671362878457892866,1671403256519078006),(1671412314831597602,'100001008001001','100001008001000','入账列表','m','enterAccount','rzlb','0',1,'icon','2023-06-23 03:12:36','2023-08-24 15:35:25','入账列表',1671362878457892866,1671403256519078006),(1671412314831597603,'100001008001002','100001008001000','欠费老人','m','arrearage','qflr','0',2,'icon','2023-06-23 03:13:05','2023-08-24 15:35:34','欠费老人',1671362878457892866,1671403256519078006),(1671412314831597604,'100001008002000','100001008000000','预存管理','m','prestore','ycgl','0',2,'icon','2023-06-23 03:13:36','2023-08-24 15:35:55','预存管理',1671362878457892866,1671403256519078006),(1671412314831597605,'100001008002001','100001008002000','预缴款充值','m','topUp','yjkcz','0',1,'icon','2023-06-23 03:14:46','2023-08-24 15:36:03','预缴款充值',1671362878457892866,1671403256519078006),(1671412314831597606,'100001008002002','100001008002000','余额查询','m','balance','yecx','0',2,'icon','2023-06-23 03:15:13','2023-08-24 15:36:11','余额查询',1671362878457892866,1671403256519078006),(1671412314831597611,'100001009000000','100001000000000','订单管理','m','order','ddgl','0',6,'icon','2023-06-22 14:19:21','2023-07-04 20:51:27','订单管理',1671362878457892866,1671403256519078006),(1671412314831597612,'100001009001000','100001009000000','订单管理','m','order','ddgl','0',1,'icon','2023-06-22 14:19:50','2023-07-04 20:52:09','订单管理',1671362878457892866,1671403256519078006),(1671412314831597614,'100001009001001','100001009001000','订单管理','m','olist','ddgl','0',1,'icon','2023-06-22 14:20:34','2023-07-04 20:52:25','ddgl',1671362878457892866,1671403256519078006),(1671412314831597616,'100001010000000','100001000000000','客户管理','m','client','khgl','0',8,'icon','2023-06-22 14:21:52','2023-07-05 05:08:27','客户管理',1671362878457892866,1671403256519078006),(1671412314831597617,'100001010001000','100001010000000','客户信息','m','khxx','khxx','0',1,'icon','2023-06-23 03:22:15',NULL,'客户信息',1671362878457892866,NULL),(1671412314831597618,'100001010001001','100001010001000','客户信息','m','list','khxx','0',1,'icon','2023-06-22 14:22:45','2023-07-05 05:08:32','客户信息',1671362878457892866,1671403256519078006),(1671412314831597619,'100001011000000','100001000000000','协同工作','m','active','xtgz','0',10,'icon','2023-06-21 12:23:46','2023-07-07 11:23:20','协同工作',1671362878457892866,1671403256519078006),(1671412314831597620,'100001011001000','100001011000000','协同工作','m','xtgz','xtgz','0',1,'icon','2023-06-23 03:24:13','2023-07-10 09:35:48','协同工作',1671362878457892866,1671403256519078006),(1671412314831597621,'100001011001001','100001011001000','我的待办','m','backlogAfter','wddb','0',1,'icon','2023-06-22 14:24:40','2023-07-07 10:45:56','我的待办',1671362878457892866,1671403256519078006),(1671412314831597622,'100001011001002','100001011001000','我的申请','m','apply','wdsq','0',2,'icon','2023-06-21 12:25:02','2023-07-05 05:05:34','我的申请',1671362878457892866,1671403256519078006),(1671412314831597626,'100001000000000','100000000000000','根菜单','m','root','root','0',0,'#','2023-05-26 16:46:54','2023-05-26 16:46:54','根',NULL,NULL),(1671412314831597647,'100001001005005001','100001001005005','dept','m','dept','dept','0',111111111,'cwgl-sei','2023-07-03 21:23:43','2023-05-27 03:46:54','部门管理',1671403256519078006,NULL),(1671412314831597654,'100001012000000','100001000000000','工作台','m','dashboard',NULL,'0',1,'hlrw','2023-07-03 23:59:08','2023-09-25 13:58:32',NULL,1671403256519078006,1671403256519078138),(1671412314831597655,'100001012001000','100001012000000','工作台','m','base',NULL,'0',1,'hlrw','2023-07-05 01:59:48','2023-09-25 13:58:36',NULL,1671403256519078006,1671403256519078138),(1671412314831597656,'100001012001001','100001012001000','工作台','m','base',NULL,'0',1,'hlrw','2023-07-04 00:02:13','2023-07-06 06:08:18',NULL,1671403256519078006,1),(1671412314831597658,'100001009001002','100001009001000','退款管理','m','refund','qjgl','0',2,'cwgl-sei','2023-07-04 13:08:30','2023-07-05 05:07:51','请假管理',1671403256519078006,1671403256519078006),(1671412314831597666,'100001003002001001','100001003002001','新增楼层','r','POST/floor/add',NULL,'0',NULL,NULL,'2023-07-05 02:30:51','2023-09-25 15:11:00',NULL,1671403256519078006,1671403256519078138),(1671412314831597667,'100001003002001002','100001003002001','编辑楼层','r','PUT /floor/update',NULL,'0',NULL,NULL,'2023-07-04 13:32:12','2023-09-25 15:11:14',NULL,1671403256519078006,1671403256519078138),(1671412314831597668,'100001003002001003','100001003002001','删除楼层','r','DELETE/floor/delete/**',NULL,'0',NULL,NULL,'2023-07-05 02:32:34','2023-09-25 15:11:31',NULL,1671403256519078006,1671403256519078138),(1671412314831597670,'100001003002001004','100001003002001','新增房间','r','POST/room/add',NULL,'0',NULL,NULL,'2023-07-05 02:33:06','2023-09-25 15:11:52',NULL,1671403256519078006,1671403256519078138),(1671412314831597671,'100001003002001005','100001003002001','编辑房间','r','PUT/room/update',NULL,'0',NULL,NULL,'2023-07-04 13:33:36','2023-09-25 15:12:07',NULL,1671403256519078006,1671403256519078138),(1671412314831597673,'100001003002001006','100001003002001','删除房间','r','DELETE/room/delete/**',NULL,'0',NULL,NULL,'2023-07-05 02:33:58','2023-09-25 15:12:20',NULL,1671403256519078006,1671403256519078138),(1671412314831597674,'100001003002001007','100001003002001','查看房间','r','GET /room/get/**',NULL,'0',NULL,NULL,'2023-07-04 13:34:07','2023-09-25 15:12:37',NULL,1671403256519078006,1671403256519078138),(1671412314831597677,'100001003002001008','100001003002001','新增床位','r','POST/bed/create',NULL,'0',NULL,NULL,'2023-07-05 02:40:20','2023-09-25 15:15:14',NULL,1671403256519078006,1671403256519078138),(1671412314831597678,'100001003002001009','100001003002001','编辑床位','r','PUT/bed/update',NULL,'0',NULL,NULL,'2023-07-05 02:40:35','2023-09-25 15:15:29',NULL,1671403256519078006,1671403256519078138),(1671412314831597679,'100001003002001010','100001003002001','删除床位','r','DELETE/bed/delete/**',NULL,'0',NULL,NULL,'2023-07-05 02:40:50','2023-09-25 15:15:49',NULL,1671403256519078006,1671403256519078138),(1671412314831597683,'100001006001003001','100001006001003','新增','r','POST/nursing_project',NULL,'0',NULL,NULL,'2023-07-06 10:28:53','2023-07-06 03:50:37',NULL,1671403256519078006,1671403256519078006),(1671412314831597684,'100001006001003002','100001006001003','删除','r','DELETE/nursing_project/**',NULL,'0',NULL,NULL,'2023-07-06 10:30:16',NULL,NULL,1671403256519078006,NULL),(1671412314831597685,'100001006001003003','100001006001003','编辑','r','PUT/nursing_project/**',NULL,'0',NULL,NULL,'2023-07-06 10:31:30','2023-07-06 03:51:24',NULL,1671403256519078006,1671403256519078006),(1671412314831597686,'100001006001003004','100001006001003','禁用','r','PUT/nursing_project/**',NULL,'0',NULL,NULL,'2023-07-06 10:32:18',NULL,NULL,1671403256519078006,NULL),(1671412314831597688,'100001005002002001','100001005002002','7777','r','4545',NULL,'1',NULL,NULL,'2023-07-06 05:36:23','2023-07-06 05:36:35',NULL,1671403256519078006,1671403256519078006),(1671412314831597709,'100001002001002001','100001002001002','来访登记','r','POST /visit',NULL,'0',NULL,NULL,'2023-07-07 15:38:31','2023-09-25 14:02:24',NULL,1,1671403256519078138),(1671412314831597718,'100001015000000','100001000000000','智能监测','m','intelligence',NULL,'0',11,'hlrw','2023-08-29 11:07:10','2023-08-29 11:07:10',NULL,1671403256519078006,NULL),(1671412314831597719,'100001015001000','100001015000000','设备管理','m','equi',NULL,'0',1,'hlrw','2023-08-29 11:10:03','2023-09-25 19:34:35',NULL,1671403256519078006,1671403256519078138),(1671412314831597720,'100001015001001','100001015001000','设备管理','m','equipment',NULL,'0',0,'hlrw','2023-08-29 11:11:44','2023-08-29 11:19:51',NULL,1671403256519078006,1671403256519078006),(1671412314831597721,'100001015002000','100001015000000','报警管理','m','warn',NULL,'0',2,'cwgl-sei','2023-08-29 11:12:40','2023-09-25 19:34:40',NULL,1671403256519078006,1671403256519078138),(1671412314831597723,'100001015002002','100001015002000','报警数据','m','facility',NULL,'0',1,'','2023-08-29 11:13:32','2023-09-04 21:02:51',NULL,1671403256519078006,1671403256519078006),(1671412314831597724,'100001015002003','100001015002000','报警规则','m','rule',NULL,'0',2,'','2023-08-29 11:13:56','2023-08-29 11:13:56',NULL,1671403256519078006,NULL),(1671412314831597728,'100001005001001002','100001005001001','发起入住申请','r','POST/checkIn/create',NULL,'0',NULL,NULL,'2023-09-04 21:32:03','2023-09-25 14:03:58',NULL,1671403256519078006,1671403256519078138),(1671412314831597760,'100001018000000','100001000000000','个人中心','m','userCenter',NULL,'0',11,'dagl2beifen','2023-09-07 16:33:29','2023-09-25 17:46:04',NULL,1671403256519078006,1671403256519078138),(1671412314831597761,'100001018001000','100001018000000','个人中心','m','userCenter/index',NULL,'0',1,'dagl2beifen','2023-09-07 16:36:54','2023-09-25 17:46:08',NULL,1671403256519078006,1671403256519078138),(1671412314831597804,'100001002001001001','100001002001001','到院','r','PUT/reservation/**',NULL,'0',NULL,NULL,'2023-09-25 14:01:31','2023-09-25 14:01:31',NULL,1671403256519078006,1671403256519078006),(1671412314831597805,'100001005001001003','100001005001001','查看','r','GET/checkIn',NULL,'0',NULL,NULL,'2023-09-25 14:03:23','2023-09-25 14:06:24',NULL,1671403256519078006,1671403256519078138),(1671412314831597806,'100001005002001001','100001005002001','发起退住申请','r','POST/elder/create',NULL,'0',NULL,NULL,'2023-09-25 14:07:34','2023-09-25 14:07:34',NULL,1671403256519078006,NULL),(1671412314831597807,'100001005002001002','100001005002001','查看','r','GET/elder',NULL,'0',NULL,NULL,'2023-09-25 14:08:19','2023-09-25 14:08:19',NULL,1671403256519078006,NULL),(1671412314831597809,'100001003002003','100001003002000','智能床位','m','smartBed','cwgl','0',2,'icon','2023-09-25 15:07:02','2023-09-25 15:07:39','',1671362878457892866,1671403256519078138),(1671412314831597810,'100001003002002001','100001003002002','新增房型','r','POST/roomTypes',NULL,'0',NULL,NULL,'2023-09-25 15:08:23','2023-09-25 15:08:23',NULL,1671403256519078006,1671403256519078006),(1671412314831597811,'100001003002002002','100001003002002','删除','r','DELETE/roomTypes/**',NULL,'0',NULL,NULL,'2023-09-25 15:08:43','2023-09-25 15:08:43',NULL,1671403256519078006,1671403256519078006),(1671412314831597812,'100001003002002003','100001003002002','编辑','r','PUT/roomTypes/**',NULL,'0',NULL,NULL,'2023-09-25 15:09:02','2023-09-25 15:09:02',NULL,1671403256519078006,1671403256519078006),(1671412314831597813,'100001003002002004','100001003002002','启用','r','PUT/roomTypes/**',NULL,'0',NULL,NULL,'2023-09-25 15:09:20','2023-09-25 15:09:20',NULL,1671403256519078006,1671403256519078006),(1671412314831597814,'100001003002002005','100001003002002','禁用','r','PUT/roomTypes/**',NULL,'0',NULL,NULL,'2023-09-25 15:09:26','2023-09-25 15:09:26',NULL,1671403256519078006,1671403256519078006),(1671412314831597815,'100001006001001001','100001006001001','新增护理等级','r','POST/nursingLevel/insert',NULL,'0',NULL,NULL,'2023-09-25 15:25:08','2023-09-25 15:25:08',NULL,1671403256519078006,1671403256519078138),(1671412314831597816,'100001006001001002','100001006001001','删除','r','DELETE/nursingLevel/delete/**',NULL,'0',NULL,NULL,'2023-09-25 15:25:23','2023-09-25 15:25:23',NULL,1671403256519078006,1671403256519078138),(1671412314831597817,'100001006001001003','100001006001001','编辑','r','PUT /nursingLevel/update',NULL,'0',NULL,NULL,'2023-09-25 15:25:44','2023-09-25 15:25:44',NULL,1671403256519078006,1671403256519078138),(1671412314831597818,'100001006001001004','100001006001001','启用','r','PUT/nursingLevel/**',NULL,'0',NULL,NULL,'2023-09-25 15:25:59','2023-09-25 15:26:03',NULL,1671403256519078006,1671403256519078138),(1671412314831597819,'100001006001001005','100001006001001','禁用','r','PUT/nursingLevel/**',NULL,'0',NULL,NULL,'2023-09-25 15:26:11','2023-09-25 15:26:11',NULL,1671403256519078006,1671403256519078138),(1671412314831597820,'100001006001002001','100001006001002','新增护理计划','r','POST/nursing/plan',NULL,'0',NULL,NULL,'2023-09-25 15:28:57','2023-09-25 15:28:57',NULL,1671403256519078006,1671403256519078138),(1671412314831597821,'100001006001002002','100001006001002','删除','r','DELETE/nursing/plan/**',NULL,'0',NULL,NULL,'2023-09-25 15:30:09','2023-09-25 15:30:09',NULL,1671403256519078006,1671403256519078138),(1671412314831597822,'100001006001002003','100001006001002','编辑','r','PUT/nursing/plan/**',NULL,'0',NULL,NULL,'2023-09-25 15:30:38','2023-09-25 15:31:05',NULL,1671403256519078006,1671403256519078138),(1671412314831597823,'100001006001002004','100001006001002','启用','r','PUT/nursing/**',NULL,'0',NULL,NULL,'2023-09-25 15:30:56','2023-09-25 15:30:56',NULL,1671403256519078006,1671403256519078138),(1671412314831597824,'100001006001002005','100001006001002','查看','r','PUT/nursing/plan/**',NULL,'0',NULL,NULL,'2023-09-25 15:31:11','2023-09-25 15:31:11',NULL,1671403256519078006,1671403256519078138),(1671412314831597825,'100001006002001001','100001006002001','批量设置护理员','r','PUT/elder/setNursing',NULL,'0',NULL,NULL,'2023-09-25 15:32:25','2023-09-25 15:32:25',NULL,1671403256519078006,NULL),(1671412314831597826,'100001006002001002','100001006002001','设置护理员','r','PUT /elder/setNursing',NULL,'0',NULL,NULL,'2023-09-25 15:32:46','2023-09-25 15:32:46',NULL,1671403256519078006,NULL),(1671412314831597827,'100001006002002001','100001006002002','取消','r','PUT/nursingTask/cancel',NULL,'0',NULL,NULL,'2023-09-25 15:33:31','2023-09-25 15:33:31',NULL,1671403256519078006,NULL),(1671412314831597828,'100001006002002002','100001006002002','查看','r','GET/nursingTask',NULL,'0',NULL,NULL,'2023-09-25 15:34:00','2023-09-25 15:34:00',NULL,1671403256519078006,NULL),(1671412314831597829,'100001006002002003','100001006002002','执行','r','PUT/nursingTask/do',NULL,'0',NULL,NULL,'2023-09-25 15:34:18','2023-09-25 15:34:18',NULL,1671403256519078006,NULL),(1671412314831597830,'100001006002002004','100001006002002','改期','r','PUT/nursingTask/updateTime',NULL,'0',NULL,NULL,'2023-09-25 15:34:49','2023-09-25 15:34:49',NULL,1671403256519078006,NULL),(1671412314831597831,'100001009001001001','100001009001001','取消','r','POST/orders/**',NULL,'0',NULL,NULL,'2023-09-25 15:38:32','2023-09-25 15:38:32',NULL,1671403256519078006,NULL),(1671412314831597832,'100001009001001002','100001009001001','退款','r','POST /orders/refund',NULL,'0',NULL,NULL,'2023-09-25 15:38:46','2023-09-25 15:38:46',NULL,1671403256519078006,NULL),(1671412314831597833,'100001009001001003','100001009001001','查看','r','GET /orders',NULL,'0',NULL,NULL,'2023-09-25 15:39:09','2023-09-25 15:39:09',NULL,1671403256519078006,NULL),(1671412314831597834,'100001009001002001','100001009001002','查看','r','GET/trade-common-feign/query-refund',NULL,'0',NULL,NULL,'2023-09-25 15:44:40','2023-09-25 15:46:10',NULL,1671403256519078006,1671403256519078138),(1671412314831597835,'100001008001001001','100001008001001','生成月度账单','r','POST/bill',NULL,'0',NULL,NULL,'2023-09-25 15:58:48','2023-09-25 15:58:48',NULL,1671403256519078006,NULL),(1671412314831597836,'100001008001001002','100001008001001','支付','r','PUT/bill',NULL,'0',NULL,NULL,'2023-09-25 15:59:06','2023-09-25 15:59:06',NULL,1671403256519078006,NULL),(1671412314831597837,'100001008001001003','100001008001001','取消','r','PUT/bill/cancel/**',NULL,'0',NULL,NULL,'2023-09-25 15:59:24','2023-09-25 15:59:24',NULL,1671403256519078006,NULL),(1671412314831597838,'100001008001001004','100001008001001','查看','r','GET /bill/**',NULL,'0',NULL,NULL,'2023-09-25 15:59:55','2023-09-25 15:59:55',NULL,1671403256519078006,NULL),(1671412314831597839,'100001008001002001','100001008001002','查看','r','GET/bill/arrears/',NULL,'0',NULL,NULL,'2023-09-25 16:00:37','2023-09-25 16:00:37',NULL,1671403256519078006,NULL),(1671412314831597840,'100001008002001001','100001008002001','充值','r','POST/bill/prepaidRechargeRecord',NULL,'0',NULL,NULL,'2023-09-25 16:01:07','2023-09-25 16:02:10',NULL,1671403256519078006,1671403256519078138),(1671412314831597842,'100001001005000','100001001006000','用户信息','m','user','user','0',1,'user','2023-09-25 16:31:14','2023-09-25 17:16:06','用户管理',1671403256519078138,1671403256519078138),(1671412314831597843,'100001001006000','100001001000000','用户管理','m','user',NULL,'0',1,'','2023-09-25 17:15:36','2023-09-25 17:16:10',NULL,1671403256519078138,1671403256519078138),(1671412314831597844,'100001001007000','100001001000000','权限配置','m','permission','role','0',2,'component','2023-09-25 17:20:20','2023-09-25 17:25:38','角色管理',1671403256519078138,1671403256519078138),(1671412314831597845,'100001001005006','100001001005000','删除','r','DELETE/user/remove/**','PATCH:user','0',3,'ioc','2023-09-25 17:23:36','2023-09-25 17:23:36','用户修改',1671403256519078138,NULL),(1671412314831597846,'100001001005007','100001001005000','重置密码','r','POST/user/reset-passwords/**','PATCH:user','0',3,'ioc','2023-09-25 17:24:11','2023-09-25 17:24:11','用户修改',1671403256519078138,NULL),(1671412314831597847,'100001001005008','100001001005000','启用','r','PATCH/user','GET:user:current-user','0',5,'ioc','2023-09-25 17:26:40','2023-09-25 17:26:40','当前用户',1671403256519078138,NULL),(1671412314831597849,'100001001004004','100001001004000','删除','r','DELETE/role/**','POST:role:list','0',4,'ioc','2023-09-25 17:33:00','2023-09-25 17:33:00','角色列表',1671403256519078138,NULL),(1671412314831597850,'100001001004005','100001001004000','启用','r','PATCH /role','POST:role:list','0',4,'ioc','2023-09-25 17:33:21','2023-09-25 17:33:21','角色列表',1671403256519078138,NULL),(1671412314831597851,'100001001004006','100001001004000','禁用','r','PATCH /role','POST:role:list','0',4,'ioc','2023-09-25 17:33:27','2023-09-25 17:33:27','角色列表',1671403256519078138,NULL),(1671412314831597852,'100001001003001','100001001003000','菜单配置','r','PUT/resource','POST:resource:list','0',4,'ioc','2023-09-25 17:38:48','2023-09-25 17:40:13','资源列表',1671403256519078138,1671403256519078138),(1671412314831597853,'100001001003002','100001001003000','菜单删除','r','DELETE/resource/**','POST:resource:list','0',4,'ioc','2023-09-25 17:39:09','2023-09-25 17:40:28','资源列表',1671403256519078138,1671403256519078138),(1671412314831597854,'100001001003003','100001001003000','菜单禁用','r','POST/resource/enable','POST:resource:list','0',4,'ioc','2023-09-25 17:39:38','2023-09-25 17:39:38','资源列表',1671403256519078138,NULL),(1671412314831597855,'100001001003004','100001001003000','菜单启用','r','POST/resource/enable','POST:resource:list','0',4,'ioc','2023-09-25 17:39:47','2023-09-25 17:40:44','资源列表',1671403256519078138,1671403256519078138),(1671412314831597856,'100001001003005','100001001003000','菜单编辑','r','PATCH/resource','POST:resource:list','0',4,'ioc','2023-09-25 17:40:09','2023-09-25 17:40:09','资源列表',1671403256519078138,NULL),(1671412314831597857,'100001001003006','100001001003000','按钮配置','r','PUT/resource','POST:resource:list','0',4,'ioc','2023-09-25 17:40:20','2023-09-25 17:40:20','资源列表',1671403256519078138,NULL),(1671412314831597858,'100001001003007','100001001003000','按钮删除','r','DELETE/resource/**','POST:resource:list','0',4,'ioc','2023-09-25 17:40:35','2023-09-25 17:40:35','资源列表',1671403256519078138,NULL),(1671412314831597859,'100001001003008','100001001003000','按钮启用','r','POST/resource/enable','POST:resource:list','0',4,'ioc','2023-09-25 17:40:52','2023-09-25 17:40:52','资源列表',1671403256519078138,NULL),(1671412314831597860,'100001001003009','100001001003000','按钮禁用','r','POST/resource/enable','POST:resource:list','0',4,'ioc','2023-09-25 17:41:09','2023-09-25 17:41:09','资源列表',1671403256519078138,NULL),(1671412314831597861,'100001001003010','100001001003000','按钮编辑','r','PATCH/resource','POST:resource:list','0',4,'ioc','2023-09-25 17:42:13','2023-09-25 17:42:13','资源列表',1671403256519078138,NULL),(1671412314831597862,'100001001003011','100001001003000','菜单树形','r','POST/resource/tree','POST:resource:list','0',4,'ioc','2023-09-25 17:42:41','2023-09-25 17:42:41','资源列表',1671403256519078138,NULL),(1671412314831597863,'100001018001001','100001018001000','个人中心','m','userCenter',NULL,'0',1,'dagl2beifen','2023-09-25 17:46:52','2023-09-25 17:46:52',NULL,1671403256519078006,1671403256519078138),(1671412314831597864,'100001001001007','100001001001000','删除部门','r','DELETE/dept/**',NULL,'0',NULL,NULL,'2023-09-25 18:01:40','2023-09-25 18:01:40',NULL,1671403256519078138,NULL),(1671412314831597865,'100001001001008','100001001001000','启用','r','PATCH/dept','PATCH:dept','0',3,'ioc','2023-09-25 18:02:10','2023-09-25 18:02:10','部门修改',1671403256519078138,1671403256519078138),(1671412314831597866,'100001001001009','100001001001000','禁用','r','PATCH/dept','PATCH:dept','0',3,'ioc','2023-09-25 18:02:16','2023-09-25 18:02:16','部门修改',1671403256519078138,1671403256519078138),(1671412314831597867,'100001001002004','100001001002000','删除','r','DELETE /post/**','PATCH:post','0',3,'ioc','2023-09-25 18:03:46','2023-09-25 18:03:46','职位修改',1671403256519078138,NULL),(1671412314831597868,'100001001002005','100001001002000','启用','r','PATCH/post','PATCH:post','0',3,'ioc','2023-09-25 18:04:04','2023-09-25 18:04:04','职位修改',1671403256519078138,1671403256519078138),(1671412314831597869,'100001001002006','100001001002000','禁用','r','PATCH/post','PATCH:post','0',3,'ioc','2023-09-25 18:04:10','2023-09-25 18:04:10','职位修改',1671403256519078138,1671403256519078138),(1671412314831597870,'100001011001001001','100001011001001','退住处理','r','GET/elder','GET:user:current-user','0',5,'ioc','2023-09-25 18:15:09','2023-09-25 18:15:09','当前用户',1671403256519078138,1671403256519078138),(1671412314831597871,'100001011001001002','100001011001001','入住处理','r','GET/checkIn','GET:user:current-user','0',5,'ioc','2023-09-25 18:15:23','2023-09-25 18:15:23','当前用户',1671403256519078138,1671403256519078138),(1671412314831597872,'100001011001002001','100001011001002','申请退住','r','POST/elder/create','GET:user:current-user','0',5,'ioc','2023-09-25 18:15:52','2023-09-25 18:15:52','当前用户',1671403256519078138,1671403256519078138),(1671412314831597873,'100001011001002002','100001011001002','撤销退住','r','PUT/elder/cancel','GET:user:current-user','0',5,'ioc','2023-09-25 18:16:15','2023-09-25 18:16:15','当前用户',1671403256519078138,1671403256519078138),(1671412314831597874,'100001011001002003','100001011001002','申请入住','r','POST/checkIn/create','GET:user:current-user','0',5,'ioc','2023-09-25 18:17:00','2023-09-25 18:17:00','当前用户',1671403256519078138,1671403256519078138),(1671412314831597875,'100001011001002004','100001011001002','撤销入住','r','PUT/checkIn/cancel','GET:user:current-user','0',5,'ioc','2023-09-25 18:17:19','2023-09-25 18:17:19','当前用户',1671403256519078138,1671403256519078138),(1671412314831597876,'100001018001001001','100001018001001','当前用户','r','GET /user/current-user','GET:user:current-user','0',5,'ioc','2023-09-25 18:22:23','2023-09-25 18:22:23','当前用户',1671403256519078138,1671403256519078138),(1671412314831597877,'100001018001001002','100001018001001','编辑','r','PATCH/user','GET:user:current-user','0',5,'ioc','2023-09-25 18:23:02','2023-09-25 18:23:02','当前用户',1671403256519078138,1671403256519078138),(1671412314831597878,'100001015001001001','100001015001001','新增设备','r','POST/iot/RegisterDevice','GET:user:current-user','0',5,'ioc','2023-09-25 18:27:52','2023-09-25 18:27:52','当前用户',1671403256519078138,1671403256519078138),(1671412314831597879,'100001015001001002','100001015001001','删除','r','DELETE/iot/DeleteDevice','GET:user:current-user','0',5,'ioc','2023-09-25 18:28:15','2023-09-25 18:28:15','当前用户',1671403256519078138,1671403256519078138),(1671412314831597880,'100001015001001003','100001015001001','编辑设备','r','POST /iot/UpdateDevice','GET:user:current-user','0',5,'ioc','2023-09-25 18:28:45','2023-09-25 18:28:45','当前用户',1671403256519078138,1671403256519078138),(1671412314831597881,'100001015001001004','100001015001001','查看','r','POST/iot/QueryDeviceDetail','GET:user:current-user','0',5,'ioc','2023-09-25 18:29:16','2023-09-25 18:29:16','当前用户',1671403256519078138,1671403256519078138),(1671412314831597882,'100001015002002001','100001015002002','处理','r','PUT/device-data/update/**','GET:user:current-user','0',5,'ioc','2023-09-25 18:35:01','2023-09-25 18:35:01','当前用户',1671403256519078138,1671403256519078138),(1671412314831597883,'100001015002003001','100001015002003','新增报警规则','r','POST/alert-rule/create','GET:user:current-user','0',5,'ioc','2023-09-25 18:36:33','2023-09-25 18:36:33','当前用户',1671403256519078138,1671403256519078138),(1671412314831597884,'100001015002003002','100001015002003','删除','r','DELETE/alert-rule/delete/**','GET:user:current-user','0',5,'ioc','2023-09-25 18:40:42','2023-09-25 18:40:42','当前用户',1671403256519078138,1671403256519078138),(1671412314831597885,'100001015002003003','100001015002003','编辑','r','PUT /alert-rule/update/**','GET:user:current-user','0',5,'ioc','2023-09-25 18:41:06','2023-09-25 18:41:06','当前用户',1671403256519078138,1671403256519078138),(1671412314831597886,'100001015002003004','100001015002003','启用','r','PUT/alert-rule/**','GET:user:current-user','0',5,'ioc','2023-09-25 18:41:29','2023-09-25 18:41:29','当前用户',1671403256519078138,1671403256519078138),(1671412314831597887,'100001015002003005','100001015002003','禁用','r','PUT/alert-rule/**','GET:user:current-user','0',5,'ioc','2023-09-25 18:41:52','2023-09-25 18:41:52','当前用户',1671403256519078138,1671403256519078138),(1671412314831597888,'100001003001001001','100001003001001','查看','r','GET/contract/**',NULL,'0',NULL,NULL,'2023-09-26 11:50:07','2023-09-26 11:50:07',NULL,1671403256519078138,NULL),(1671412314831597889,'100001019000000','100001000000000','郑州126','m','/zz126',NULL,'0',2,'','2023-11-02 17:41:33','2023-12-20 19:15:11',NULL,1,1671403256519078138),(1671412314831597890,'100001006001003005','100001006001003','查询','r','GET/nursing_project/**',NULL,'0',NULL,NULL,'2023-11-02 20:56:32','2023-11-02 20:56:32',NULL,1,NULL),(1671412314831597891,'100001006001002006','100001006001002','计划列表','r','GET//nursing/plan/**',NULL,'0',NULL,NULL,'2023-11-02 21:22:17','2023-11-02 21:33:02',NULL,1671403256519078138,1671403256519078138),(1671412314831597892,'100001006001001006','100001006001001','查询所有','r','GET/nursingLevel/listAll',NULL,'0',NULL,NULL,'2023-11-02 21:28:42','2023-11-02 21:28:42',NULL,1671403256519078138,NULL),(1671412314831597893,'100001006001001007','100001006001001','分页查询','r','GET/nursingLevel/listByPage/**',NULL,'0',NULL,NULL,'2023-11-02 21:29:13','2023-11-02 21:29:13',NULL,1671403256519078138,NULL),(1671412314831597894,'100001003001001002','100001003001001','删除','r','DELETE/contract/**',NULL,'0',NULL,NULL,'2023-11-15 16:29:54','2023-11-15 16:29:54',NULL,1671403256519078138,NULL),(1671412314831597895,'100001019001000','100001019000000','234','r','234',NULL,'0',NULL,NULL,'2023-12-11 15:35:15','2023-12-11 15:35:15',NULL,1,NULL),(1671412314831597896,'100001012001001001','100001012001001','啊啊啊','r','123123',NULL,'1',NULL,NULL,'2023-12-11 17:08:58','2023-12-11 17:09:52',NULL,1,1),(1671412314831597898,'100001019002000','100001019000000','啊实打实','r','sadas',NULL,'0',NULL,NULL,'2023-12-11 17:19:44','2023-12-11 17:19:44',NULL,1,NULL),(1671412314831597899,'100001018002000','100001018000000','a','r','a',NULL,'1',NULL,NULL,'2023-12-11 17:24:17','2023-12-11 17:24:17',NULL,1,NULL),(1671412314831597900,'100001005003000','100001005000000','入住2','m','checkIn-test',NULL,'1',1,'','2023-12-15 23:13:31','2023-12-15 23:14:50',NULL,1671403256519078138,1671403256519078138),(1671412314831597901,'100001019003000','100001019000000','子菜单-v2','m','children',NULL,'0',1,'','2023-12-20 19:15:47','2023-12-20 20:26:59',NULL,1671403256519078138,1671403256519078138),(1671412314831597903,'100001019003001','100001019003000','新增','r','create',NULL,'0',NULL,NULL,'2023-12-20 20:29:48','2023-12-20 20:29:48',NULL,1671403256519078138,NULL),(1671412314831597904,'100001019003002','100001019003000','大幅度','r','打算复读',NULL,'0',NULL,NULL,'2023-12-21 15:51:41','2023-12-21 15:51:41',NULL,1671403256519078138,NULL),(1671412314831597905,'100001019004000','100001019000000','子菜单-v3','m','sdf',NULL,'0',1,'','2023-12-22 23:08:13','2023-12-22 23:08:13',NULL,1671403256519078138,NULL),(1671412314831597906,'100001019004001','100001019004000','dfs','r','dfds',NULL,'0',NULL,NULL,'2023-12-22 23:08:38','2023-12-22 23:08:38',NULL,1671403256519078138,NULL),(1671412314831597908,'100001012001001002','100001012001001','fgfdg','m','dfgdf',NULL,'0',1,'','2023-12-27 22:26:24','2023-12-27 22:26:24',NULL,1671403256519078138,NULL),(1671412314831597909,'100001012002000','100001012000000','fffff','m','fff',NULL,'0',0,'','2023-12-27 22:28:50','2023-12-27 22:28:50',NULL,1671403256519078138,NULL),(1671412314831597910,'100001012003000','100001012000000','www','m','wwwee',NULL,'0',1,'','2023-12-27 22:29:54','2023-12-27 22:29:54',NULL,1671403256519078138,NULL);
/*!40000 ALTER TABLE `sys_resource` ENABLE KEYS */;
UNLOCK TABLES;

--
-- Table structure for table `sys_role`
--

DROP TABLE IF EXISTS `sys_role`;
/*!40101 SET @saved_cs_client     = @@character_set_client */;
/*!50503 SET character_set_client = utf8mb4 */;
CREATE TABLE `sys_role` (
  `id` bigint NOT NULL AUTO_INCREMENT COMMENT '角色ID',
  `role_name` varchar(30) CHARACTER SET utf8mb3 COLLATE utf8mb3_bin NOT NULL COMMENT '角色名称',
  `label` varchar(100) CHARACTER SET utf8mb3 COLLATE utf8mb3_bin DEFAULT NULL COMMENT '权限标识',
  `sort_no` int DEFAULT NULL COMMENT '排序',
  `data_state` char(1) CHARACTER SET utf8mb3 COLLATE utf8mb3_bin NOT NULL DEFAULT '0' COMMENT '数据状态（0正常 1停用）',
  `create_time` datetime NOT NULL COMMENT '创建时间',
  `update_time` datetime DEFAULT NULL COMMENT '更新时间',
  `remark` varchar(500) CHARACTER SET utf8mb3 COLLATE utf8mb3_bin DEFAULT NULL COMMENT '备注',
  `create_by` bigint DEFAULT NULL COMMENT '创建者',
  `update_by` bigint DEFAULT NULL COMMENT '更新者',
  `data_scope` char(1) CHARACTER SET utf8mb3 COLLATE utf8mb3_bin DEFAULT '1' COMMENT '数据范围：0自定义  1本人 2本部门及以下 3本部门 4全部',
  PRIMARY KEY (`id`) USING BTREE,
  UNIQUE KEY `role_name` (`role_name`) USING BTREE
) ENGINE=InnoDB AUTO_INCREMENT=1671403094153375910 DEFAULT CHARSET=utf8mb3 COLLATE=utf8mb3_bin ROW_FORMAT=DYNAMIC COMMENT='角色表';
/*!40101 SET character_set_client = @saved_cs_client */;

--
-- Dumping data for table `sys_role`
--

LOCK TABLES `sys_role` WRITE;
/*!40000 ALTER TABLE `sys_role` DISABLE KEYS */;
INSERT INTO `sys_role` VALUES (1662380895291650049,'超级管理员','admin',1,'0','2023-05-21 00:51:06','2023-12-27 10:47:32','超级管理员',NULL,1671403256519078138,'4'),(1671403094153375826,'院长',NULL,NULL,'0','2023-09-25 19:12:16','2023-11-02 21:50:37',NULL,1671403256519078138,1671403256519078138,'4'),(1671403094153375873,'财务部部长',NULL,NULL,'0','2023-09-26 09:55:18','2023-09-26 11:11:31',NULL,1671403256519078138,1671403256519078138,'4'),(1671403094153375874,'会计组主管',NULL,NULL,'0','2023-09-26 09:55:28','2023-09-26 09:55:28',NULL,1671403256519078138,NULL,NULL),(1671403094153375875,'会计',NULL,NULL,'0','2023-09-26 09:55:35','2023-09-26 09:55:35',NULL,1671403256519078138,NULL,NULL),(1671403094153375876,'出纳',NULL,NULL,'0','2023-09-26 09:55:43','2023-12-20 20:30:11',NULL,1671403256519078138,1671403256519078138,NULL),(1671403094153375877,'结算员',NULL,NULL,'0','2023-09-26 09:55:49','2023-09-26 11:13:17',NULL,1671403256519078138,1671403256519078138,'4'),(1671403094153375878,'收费员',NULL,NULL,'0','2023-09-26 09:56:28','2023-09-26 09:56:28',NULL,1671403256519078138,NULL,NULL),(1671403094153375879,'行政部部长',NULL,NULL,'0','2023-09-26 09:57:50','2023-09-26 11:14:41',NULL,1671403256519078138,1671403256519078138,'4'),(1671403094153375880,'行政人事组主管',NULL,NULL,'0','2023-09-26 09:58:16','2023-09-26 11:17:40',NULL,1671403256519078138,1671403256519078138,'4'),(1671403094153375881,'行政专员',NULL,NULL,'0','2023-09-26 09:58:22','2023-09-26 11:19:28',NULL,1671403256519078138,1671403256519078138,'4'),(1671403094153375882,'人事专员',NULL,NULL,'0','2023-09-26 09:58:30','2023-09-26 11:21:01',NULL,1671403256519078138,1671403256519078138,NULL),(1671403094153375883,'前台接待',NULL,NULL,'0','2023-09-26 09:58:39','2023-09-26 11:23:52',NULL,1671403256519078138,1671403256519078138,'4'),(1671403094153375884,'仓管',NULL,NULL,'0','2023-09-26 09:58:45','2023-09-26 09:58:45',NULL,1671403256519078138,NULL,NULL),(1671403094153375885,'采购员',NULL,NULL,'0','2023-09-26 09:58:51','2023-09-26 09:58:51',NULL,1671403256519078138,NULL,NULL),(1671403094153375886,'后勤部部长',NULL,NULL,'0','2023-09-26 09:59:01','2023-09-26 09:59:01',NULL,1671403256519078138,NULL,NULL),(1671403094153375887,'后勤组主管',NULL,NULL,'0','2023-09-26 09:59:31','2023-09-26 09:59:31',NULL,1671403256519078138,NULL,NULL),(1671403094153375888,'保安',NULL,NULL,'0','2023-09-26 09:59:40','2023-09-26 09:59:40',NULL,1671403256519078138,NULL,NULL),(1671403094153375889,'保洁',NULL,NULL,'0','2023-09-26 09:59:46','2023-09-26 09:59:46',NULL,1671403256519078138,NULL,NULL),(1671403094153375890,'维修工',NULL,NULL,'0','2023-09-26 09:59:55','2023-09-26 09:59:55',NULL,1671403256519078138,NULL,NULL),(1671403094153375891,'厨师',NULL,NULL,'0','2023-09-26 10:00:05','2023-09-26 10:00:05',NULL,1671403256519078138,NULL,NULL),(1671403094153375892,'帮厨',NULL,NULL,'0','2023-09-26 10:00:11','2023-09-26 10:00:11',NULL,1671403256519078138,NULL,NULL),(1671403094153375893,'厨工',NULL,NULL,'0','2023-09-26 10:00:18','2023-09-26 10:00:18',NULL,1671403256519078138,NULL,NULL),(1671403094153375894,'护理部部长',NULL,NULL,'0','2023-09-26 10:00:24','2023-09-26 12:02:14',NULL,1671403256519078138,1671403256519078138,'4'),(1671403094153375895,'护理组主管',NULL,NULL,'0','2023-09-26 10:00:32','2023-11-02 21:50:08',NULL,1671403256519078138,1671403256519078138,'3'),(1671403094153375896,'护理员',NULL,NULL,'0','2023-09-26 10:00:37','2023-12-14 15:40:15',NULL,1671403256519078138,1671403256519078138,'1'),(1671403094153375897,'销售部部长',NULL,NULL,'0','2023-09-26 10:00:48','2023-11-02 22:32:56',NULL,1671403256519078138,1671403256519078138,'0'),(1671403094153375898,'销售组主管',NULL,NULL,'0','2023-09-26 10:00:55','2023-09-26 11:41:43',NULL,1671403256519078138,1671403256519078138,'4'),(1671403094153375899,'养老顾问',NULL,NULL,'0','2023-09-26 10:01:04','2023-09-26 12:01:46',NULL,1671403256519078138,1671403256519078138,'1'),(1671403094153375900,'法务部部长',NULL,NULL,'0','2023-09-26 10:01:17','2023-11-02 22:34:08',NULL,1671403256519078138,1671403256519078138,'0'),(1671403094153375901,'法务组主管',NULL,NULL,'0','2023-09-26 10:01:28','2023-12-14 15:42:54',NULL,1671403256519078138,1671403256519078138,'4'),(1671403094153375902,'法务专员',NULL,NULL,'0','2023-09-26 10:01:34','2023-11-16 21:58:53',NULL,1671403256519078138,1671403256519078138,'4'),(1671403094153375903,'售后保障部部长',NULL,NULL,'0','2023-09-26 10:01:43','2023-09-26 12:00:54',NULL,1671403256519078138,1671403256519078138,'4'),(1671403094153375904,'客服组主管',NULL,NULL,'0','2023-09-26 10:01:51','2023-09-26 11:57:26',NULL,1671403256519078138,1671403256519078138,'4'),(1671403094153375905,'客服专员',NULL,NULL,'0','2023-09-26 10:01:57','2023-09-26 11:58:01',NULL,1671403256519078138,1671403256519078138,'4'),(1671403094153375906,'结算组主管',NULL,NULL,'0','2023-09-26 10:38:06','2023-09-26 11:12:22',NULL,1671403256519078138,1671403256519078138,'4'),(1671403094153375907,'zz126',NULL,NULL,'0','2023-11-02 17:43:59','2023-11-04 15:38:32',NULL,1671403256519078138,1671403256519078138,'4'),(1671403094153375908,'啊啊啊',NULL,NULL,'1','2023-12-11 16:13:22','2023-12-11 16:13:25',NULL,1,1,NULL),(1671403094153375909,'新增测试角色',NULL,NULL,'0','2023-12-15 14:18:46','2023-12-15 15:13:40',NULL,1671403256519078138,1671403256519078138,NULL);
/*!40000 ALTER TABLE `sys_role` ENABLE KEYS */;
UNLOCK TABLES;

--
-- Table structure for table `sys_role_resource`
--

DROP TABLE IF EXISTS `sys_role_resource`;
/*!40101 SET @saved_cs_client     = @@character_set_client */;
/*!50503 SET character_set_client = utf8mb4 */;
CREATE TABLE `sys_role_resource` (
  `id` bigint NOT NULL AUTO_INCREMENT COMMENT '角色资源Id',
  `role_id` bigint NOT NULL COMMENT '角色ID',
  `resource_no` varchar(20) CHARACTER SET utf8mb3 COLLATE utf8mb3_bin NOT NULL DEFAULT '0' COMMENT '资源编号\r\n',
  `create_time` datetime NOT NULL COMMENT '创建时间',
  `update_time` datetime DEFAULT NULL COMMENT '更新时间',
  `data_state` char(1) CHARACTER SET utf8mb3 COLLATE utf8mb3_bin NOT NULL DEFAULT '0' COMMENT '数据状态（0正常 1停用）',
  `create_by` bigint DEFAULT NULL COMMENT '创建者',
  `update_by` bigint DEFAULT NULL COMMENT '更新者',
  `remark` varchar(500) CHARACTER SET utf8mb3 COLLATE utf8mb3_bin DEFAULT NULL COMMENT '备注',
  PRIMARY KEY (`id`) USING BTREE
) ENGINE=InnoDB AUTO_INCREMENT=11456 DEFAULT CHARSET=utf8mb3 COLLATE=utf8mb3_bin ROW_FORMAT=DYNAMIC COMMENT='角色资源关联表';
/*!40101 SET character_set_client = @saved_cs_client */;

--
-- Dumping data for table `sys_role_resource`
--

LOCK TABLES `sys_role_resource` WRITE;
/*!40000 ALTER TABLE `sys_role_resource` DISABLE KEYS */;
INSERT INTO `sys_role_resource` VALUES (8344,1671403094153375873,'100001009000000','2023-09-26 11:11:31','2023-09-26 11:11:31','0',1671403256519078138,NULL,NULL),(8345,1671403094153375873,'100001008001000','2023-09-26 11:11:31','2023-09-26 11:11:31','0',1671403256519078138,NULL,NULL),(8346,1671403094153375873,'100001011001000','2023-09-26 11:11:31','2023-09-26 11:11:31','0',1671403256519078138,NULL,NULL),(8347,1671403094153375873,'100001008001001001','2023-09-26 11:11:31','2023-09-26 11:11:31','0',1671403256519078138,NULL,NULL),(8348,1671403094153375873,'100001008001001003','2023-09-26 11:11:31','2023-09-26 11:11:31','0',1671403256519078138,NULL,NULL),(8349,1671403094153375873,'100001008001002','2023-09-26 11:11:31','2023-09-26 11:11:31','0',1671403256519078138,NULL,NULL),(8350,1671403094153375873,'100001008001001002','2023-09-26 11:11:31','2023-09-26 11:11:31','0',1671403256519078138,NULL,NULL),(8351,1671403094153375873,'100001008001001','2023-09-26 11:11:31','2023-09-26 11:11:31','0',1671403256519078138,NULL,NULL),(8352,1671403094153375873,'100001009001002001','2023-09-26 11:11:31','2023-09-26 11:11:31','0',1671403256519078138,NULL,NULL),(8353,1671403094153375873,'100001008001001004','2023-09-26 11:11:31','2023-09-26 11:11:31','0',1671403256519078138,NULL,NULL),(8354,1671403094153375873,'100001012000000','2023-09-26 11:11:31','2023-09-26 11:11:31','0',1671403256519078138,NULL,NULL),(8355,1671403094153375873,'100001009001001003','2023-09-26 11:11:31','2023-09-26 11:11:31','0',1671403256519078138,NULL,NULL),(8356,1671403094153375873,'100001009001001','2023-09-26 11:11:31','2023-09-26 11:11:31','0',1671403256519078138,NULL,NULL),(8357,1671403094153375873,'100001009001000','2023-09-26 11:11:31','2023-09-26 11:11:31','0',1671403256519078138,NULL,NULL),(8358,1671403094153375873,'100001009001001001','2023-09-26 11:11:31','2023-09-26 11:11:31','0',1671403256519078138,NULL,NULL),(8359,1671403094153375873,'100001008002000','2023-09-26 11:11:31','2023-09-26 11:11:31','0',1671403256519078138,NULL,NULL),(8360,1671403094153375873,'100001009001001002','2023-09-26 11:11:31','2023-09-26 11:11:31','0',1671403256519078138,NULL,NULL),(8361,1671403094153375873,'100001008002001','2023-09-26 11:11:31','2023-09-26 11:11:31','0',1671403256519078138,NULL,NULL),(8362,1671403094153375873,'100001009001002','2023-09-26 11:11:31','2023-09-26 11:11:31','0',1671403256519078138,NULL,NULL),(8363,1671403094153375873,'100001008001002001','2023-09-26 11:11:31','2023-09-26 11:11:31','0',1671403256519078138,NULL,NULL),(8364,1671403094153375873,'100001008000000','2023-09-26 11:11:31','2023-09-26 11:11:31','0',1671403256519078138,NULL,NULL),(8365,1671403094153375873,'100001008002002','2023-09-26 11:11:31','2023-09-26 11:11:31','0',1671403256519078138,NULL,NULL),(8366,1671403094153375873,'100001008002001001','2023-09-26 11:11:31','2023-09-26 11:11:31','0',1671403256519078138,NULL,NULL),(8367,1671403094153375873,'100001011001001001','2023-09-26 11:11:31','2023-09-26 11:11:31','0',1671403256519078138,NULL,NULL),(8368,1671403094153375873,'100001011000000','2023-09-26 11:11:31','2023-09-26 11:11:31','0',1671403256519078138,NULL,NULL),(8369,1671403094153375873,'100001012001001','2023-09-26 11:11:31','2023-09-26 11:11:31','0',1671403256519078138,NULL,NULL),(8370,1671403094153375873,'100001012001000','2023-09-26 11:11:31','2023-09-26 11:11:31','0',1671403256519078138,NULL,NULL),(8371,1671403094153375873,'100001011001001','2023-09-26 11:11:31','2023-09-26 11:11:31','0',1671403256519078138,NULL,NULL),(8372,1671403094153375873,'100001018000000','2023-09-26 11:11:31','2023-09-26 11:11:31','0',1671403256519078138,NULL,NULL),(8373,1671403094153375873,'100001018001000','2023-09-26 11:11:31','2023-09-26 11:11:31','0',1671403256519078138,NULL,NULL),(8374,1671403094153375873,'100001018001001','2023-09-26 11:11:31','2023-09-26 11:11:31','0',1671403256519078138,NULL,NULL),(8375,1671403094153375873,'100001018001001001','2023-09-26 11:11:31','2023-09-26 11:11:31','0',1671403256519078138,NULL,NULL),(8376,1671403094153375873,'100001018001001002','2023-09-26 11:11:31','2023-09-26 11:11:31','0',1671403256519078138,NULL,NULL),(8377,1671403094153375906,'100001009000000','2023-09-26 11:12:22','2023-09-26 11:12:22','0',1671403256519078138,NULL,NULL),(8378,1671403094153375906,'100001008001000','2023-09-26 11:12:22','2023-09-26 11:12:22','0',1671403256519078138,NULL,NULL),(8379,1671403094153375906,'100001011001000','2023-09-26 11:12:22','2023-09-26 11:12:22','0',1671403256519078138,NULL,NULL),(8380,1671403094153375906,'100001008001001001','2023-09-26 11:12:22','2023-09-26 11:12:22','0',1671403256519078138,NULL,NULL),(8381,1671403094153375906,'100001008001001003','2023-09-26 11:12:22','2023-09-26 11:12:22','0',1671403256519078138,NULL,NULL),(8382,1671403094153375906,'100001008001002','2023-09-26 11:12:22','2023-09-26 11:12:22','0',1671403256519078138,NULL,NULL),(8383,1671403094153375906,'100001008001001002','2023-09-26 11:12:22','2023-09-26 11:12:22','0',1671403256519078138,NULL,NULL),(8384,1671403094153375906,'100001008001001','2023-09-26 11:12:22','2023-09-26 11:12:22','0',1671403256519078138,NULL,NULL),(8385,1671403094153375906,'100001009001002001','2023-09-26 11:12:22','2023-09-26 11:12:22','0',1671403256519078138,NULL,NULL),(8386,1671403094153375906,'100001008001001004','2023-09-26 11:12:22','2023-09-26 11:12:22','0',1671403256519078138,NULL,NULL),(8387,1671403094153375906,'100001011001001','2023-09-26 11:12:22','2023-09-26 11:12:22','0',1671403256519078138,NULL,NULL),(8388,1671403094153375906,'100001012000000','2023-09-26 11:12:22','2023-09-26 11:12:22','0',1671403256519078138,NULL,NULL),(8389,1671403094153375906,'100001009001001003','2023-09-26 11:12:22','2023-09-26 11:12:22','0',1671403256519078138,NULL,NULL),(8390,1671403094153375906,'100001009001001','2023-09-26 11:12:22','2023-09-26 11:12:22','0',1671403256519078138,NULL,NULL),(8391,1671403094153375906,'100001009001000','2023-09-26 11:12:22','2023-09-26 11:12:22','0',1671403256519078138,NULL,NULL),(8392,1671403094153375906,'100001009001001001','2023-09-26 11:12:22','2023-09-26 11:12:22','0',1671403256519078138,NULL,NULL),(8393,1671403094153375906,'100001008002000','2023-09-26 11:12:22','2023-09-26 11:12:22','0',1671403256519078138,NULL,NULL),(8394,1671403094153375906,'100001009001001002','2023-09-26 11:12:22','2023-09-26 11:12:22','0',1671403256519078138,NULL,NULL),(8395,1671403094153375906,'100001008002001','2023-09-26 11:12:22','2023-09-26 11:12:22','0',1671403256519078138,NULL,NULL),(8396,1671403094153375906,'100001009001002','2023-09-26 11:12:22','2023-09-26 11:12:22','0',1671403256519078138,NULL,NULL),(8397,1671403094153375906,'100001008001002001','2023-09-26 11:12:22','2023-09-26 11:12:22','0',1671403256519078138,NULL,NULL),(8398,1671403094153375906,'100001008000000','2023-09-26 11:12:22','2023-09-26 11:12:22','0',1671403256519078138,NULL,NULL),(8399,1671403094153375906,'100001008002002','2023-09-26 11:12:22','2023-09-26 11:12:22','0',1671403256519078138,NULL,NULL),(8400,1671403094153375906,'100001008002001001','2023-09-26 11:12:22','2023-09-26 11:12:22','0',1671403256519078138,NULL,NULL),(8401,1671403094153375906,'100001011001001001','2023-09-26 11:12:22','2023-09-26 11:12:22','0',1671403256519078138,NULL,NULL),(8402,1671403094153375906,'100001011000000','2023-09-26 11:12:22','2023-09-26 11:12:22','0',1671403256519078138,NULL,NULL),(8403,1671403094153375906,'100001012001001','2023-09-26 11:12:22','2023-09-26 11:12:22','0',1671403256519078138,NULL,NULL),(8404,1671403094153375906,'100001012001000','2023-09-26 11:12:22','2023-09-26 11:12:22','0',1671403256519078138,NULL,NULL),(8405,1671403094153375906,'100001018000000','2023-09-26 11:12:22','2023-09-26 11:12:22','0',1671403256519078138,NULL,NULL),(8406,1671403094153375906,'100001018001000','2023-09-26 11:12:22','2023-09-26 11:12:22','0',1671403256519078138,NULL,NULL),(8407,1671403094153375906,'100001018001001','2023-09-26 11:12:22','2023-09-26 11:12:22','0',1671403256519078138,NULL,NULL),(8408,1671403094153375906,'100001018001001001','2023-09-26 11:12:22','2023-09-26 11:12:22','0',1671403256519078138,NULL,NULL),(8409,1671403094153375906,'100001018001001002','2023-09-26 11:12:22','2023-09-26 11:12:22','0',1671403256519078138,NULL,NULL),(8410,1671403094153375877,'100001009000000','2023-09-26 11:13:12','2023-09-26 11:13:12','0',1671403256519078138,NULL,NULL),(8411,1671403094153375877,'100001008001000','2023-09-26 11:13:12','2023-09-26 11:13:12','0',1671403256519078138,NULL,NULL),(8412,1671403094153375877,'100001011001000','2023-09-26 11:13:12','2023-09-26 11:13:12','0',1671403256519078138,NULL,NULL),(8413,1671403094153375877,'100001008001001001','2023-09-26 11:13:12','2023-09-26 11:13:12','0',1671403256519078138,NULL,NULL),(8414,1671403094153375877,'100001008001001003','2023-09-26 11:13:12','2023-09-26 11:13:12','0',1671403256519078138,NULL,NULL),(8415,1671403094153375877,'100001008001001002','2023-09-26 11:13:12','2023-09-26 11:13:12','0',1671403256519078138,NULL,NULL),(8416,1671403094153375877,'100001009001002001','2023-09-26 11:13:12','2023-09-26 11:13:12','0',1671403256519078138,NULL,NULL),(8417,1671403094153375877,'100001008001001004','2023-09-26 11:13:12','2023-09-26 11:13:12','0',1671403256519078138,NULL,NULL),(8418,1671403094153375877,'100001011001001','2023-09-26 11:13:12','2023-09-26 11:13:12','0',1671403256519078138,NULL,NULL),(8419,1671403094153375877,'100001012000000','2023-09-26 11:13:12','2023-09-26 11:13:12','0',1671403256519078138,NULL,NULL),(8420,1671403094153375877,'100001009001001003','2023-09-26 11:13:12','2023-09-26 11:13:12','0',1671403256519078138,NULL,NULL),(8421,1671403094153375877,'100001009001001','2023-09-26 11:13:12','2023-09-26 11:13:12','0',1671403256519078138,NULL,NULL),(8422,1671403094153375877,'100001009001000','2023-09-26 11:13:12','2023-09-26 11:13:12','0',1671403256519078138,NULL,NULL),(8423,1671403094153375877,'100001009001001001','2023-09-26 11:13:12','2023-09-26 11:13:12','0',1671403256519078138,NULL,NULL),(8424,1671403094153375877,'100001008002000','2023-09-26 11:13:12','2023-09-26 11:13:12','0',1671403256519078138,NULL,NULL),(8425,1671403094153375877,'100001009001001002','2023-09-26 11:13:12','2023-09-26 11:13:12','0',1671403256519078138,NULL,NULL),(8426,1671403094153375877,'100001008002001','2023-09-26 11:13:12','2023-09-26 11:13:12','0',1671403256519078138,NULL,NULL),(8427,1671403094153375877,'100001009001002','2023-09-26 11:13:12','2023-09-26 11:13:12','0',1671403256519078138,NULL,NULL),(8428,1671403094153375877,'100001008001002001','2023-09-26 11:13:12','2023-09-26 11:13:12','0',1671403256519078138,NULL,NULL),(8429,1671403094153375877,'100001008000000','2023-09-26 11:13:12','2023-09-26 11:13:12','0',1671403256519078138,NULL,NULL),(8430,1671403094153375877,'100001008002002','2023-09-26 11:13:12','2023-09-26 11:13:12','0',1671403256519078138,NULL,NULL),(8431,1671403094153375877,'100001008002001001','2023-09-26 11:13:12','2023-09-26 11:13:12','0',1671403256519078138,NULL,NULL),(8432,1671403094153375877,'100001011001001001','2023-09-26 11:13:12','2023-09-26 11:13:12','0',1671403256519078138,NULL,NULL),(8433,1671403094153375877,'100001011000000','2023-09-26 11:13:12','2023-09-26 11:13:12','0',1671403256519078138,NULL,NULL),(8434,1671403094153375877,'100001012001001','2023-09-26 11:13:12','2023-09-26 11:13:12','0',1671403256519078138,NULL,NULL),(8435,1671403094153375877,'100001012001000','2023-09-26 11:13:12','2023-09-26 11:13:12','0',1671403256519078138,NULL,NULL),(8436,1671403094153375877,'100001008001001','2023-09-26 11:13:12','2023-09-26 11:13:12','0',1671403256519078138,NULL,NULL),(8437,1671403094153375877,'100001008001002','2023-09-26 11:13:12','2023-09-26 11:13:12','0',1671403256519078138,NULL,NULL),(8438,1671403094153375877,'100001018000000','2023-09-26 11:13:12','2023-09-26 11:13:12','0',1671403256519078138,NULL,NULL),(8439,1671403094153375877,'100001018001000','2023-09-26 11:13:12','2023-09-26 11:13:12','0',1671403256519078138,NULL,NULL),(8440,1671403094153375877,'100001018001001','2023-09-26 11:13:12','2023-09-26 11:13:12','0',1671403256519078138,NULL,NULL),(8441,1671403094153375877,'100001018001001002','2023-09-26 11:13:12','2023-09-26 11:13:12','0',1671403256519078138,NULL,NULL),(8442,1671403094153375877,'100001018001001001','2023-09-26 11:13:12','2023-09-26 11:13:12','0',1671403256519078138,NULL,NULL),(8443,1671403094153375879,'100001006001002005','2023-09-26 11:14:37','2023-09-26 11:14:37','0',1671403256519078138,NULL,NULL),(8444,1671403094153375879,'100001006001002003','2023-09-26 11:14:37','2023-09-26 11:14:37','0',1671403256519078138,NULL,NULL),(8445,1671403094153375879,'100001006001002004','2023-09-26 11:14:37','2023-09-26 11:14:37','0',1671403256519078138,NULL,NULL),(8446,1671403094153375879,'100001006001002001','2023-09-26 11:14:37','2023-09-26 11:14:37','0',1671403256519078138,NULL,NULL),(8447,1671403094153375879,'100001006001002002','2023-09-26 11:14:37','2023-09-26 11:14:37','0',1671403256519078138,NULL,NULL),(8448,1671403094153375879,'100001001001008','2023-09-26 11:14:37','2023-09-26 11:14:37','0',1671403256519078138,NULL,NULL),(8449,1671403094153375879,'100001001001009','2023-09-26 11:14:37','2023-09-26 11:14:37','0',1671403256519078138,NULL,NULL),(8450,1671403094153375879,'100001015000000','2023-09-26 11:14:37','2023-09-26 11:14:37','0',1671403256519078138,NULL,NULL),(8451,1671403094153375879,'100001001001000','2023-09-26 11:14:37','2023-09-26 11:14:37','0',1671403256519078138,NULL,NULL),(8452,1671403094153375879,'100001001001001','2023-09-26 11:14:37','2023-09-26 11:14:37','0',1671403256519078138,NULL,NULL),(8453,1671403094153375879,'100001001001003','2023-09-26 11:14:37','2023-09-26 11:14:37','0',1671403256519078138,NULL,NULL),(8454,1671403094153375879,'100001001001004','2023-09-26 11:14:37','2023-09-26 11:14:37','0',1671403256519078138,NULL,NULL),(8455,1671403094153375879,'100001012000000','2023-09-26 11:14:37','2023-09-26 11:14:37','0',1671403256519078138,NULL,NULL),(8456,1671403094153375879,'100001001001007','2023-09-26 11:14:37','2023-09-26 11:14:37','0',1671403256519078138,NULL,NULL),(8457,1671403094153375879,'100001002000000','2023-09-26 11:14:37','2023-09-26 11:14:37','0',1671403256519078138,NULL,NULL),(8458,1671403094153375879,'100001001006000','2023-09-26 11:14:37','2023-09-26 11:14:37','0',1671403256519078138,NULL,NULL),(8459,1671403094153375879,'100001018000000','2023-09-26 11:14:37','2023-09-26 11:14:37','0',1671403256519078138,NULL,NULL),(8460,1671403094153375879,'100001001003010','2023-09-26 11:14:37','2023-09-26 11:14:37','0',1671403256519078138,NULL,NULL),(8461,1671403094153375879,'100001001003011','2023-09-26 11:14:37','2023-09-26 11:14:37','0',1671403256519078138,NULL,NULL),(8462,1671403094153375879,'100001003002002003','2023-09-26 11:14:37','2023-09-26 11:14:37','0',1671403256519078138,NULL,NULL),(8463,1671403094153375879,'100001003002002004','2023-09-26 11:14:37','2023-09-26 11:14:37','0',1671403256519078138,NULL,NULL),(8464,1671403094153375879,'100001003002002005','2023-09-26 11:14:37','2023-09-26 11:14:37','0',1671403256519078138,NULL,NULL),(8465,1671403094153375879,'100001001007000','2023-09-26 11:14:37','2023-09-26 11:14:37','0',1671403256519078138,NULL,NULL),(8466,1671403094153375879,'100001015002003005','2023-09-26 11:14:37','2023-09-26 11:14:37','0',1671403256519078138,NULL,NULL),(8467,1671403094153375879,'100001002001001001','2023-09-26 11:14:37','2023-09-26 11:14:37','0',1671403256519078138,NULL,NULL),(8468,1671403094153375879,'100001003002002001','2023-09-26 11:14:37','2023-09-26 11:14:37','0',1671403256519078138,NULL,NULL),(8469,1671403094153375879,'100001003002002002','2023-09-26 11:14:37','2023-09-26 11:14:37','0',1671403256519078138,NULL,NULL),(8470,1671403094153375879,'100001015001001004','2023-09-26 11:14:37','2023-09-26 11:14:37','0',1671403256519078138,NULL,NULL),(8471,1671403094153375879,'100001001004000','2023-09-26 11:14:37','2023-09-26 11:14:37','0',1671403256519078138,NULL,NULL),(8472,1671403094153375879,'100001015001001001','2023-09-26 11:14:37','2023-09-26 11:14:37','0',1671403256519078138,NULL,NULL),(8473,1671403094153375879,'100001015001001003','2023-09-26 11:14:37','2023-09-26 11:14:37','0',1671403256519078138,NULL,NULL),(8474,1671403094153375879,'100001001004001','2023-09-26 11:14:37','2023-09-26 11:14:37','0',1671403256519078138,NULL,NULL),(8475,1671403094153375879,'100001015001001002','2023-09-26 11:14:37','2023-09-26 11:14:37','0',1671403256519078138,NULL,NULL),(8476,1671403094153375879,'100001001004004','2023-09-26 11:14:37','2023-09-26 11:14:37','0',1671403256519078138,NULL,NULL),(8477,1671403094153375879,'100001001004003','2023-09-26 11:14:37','2023-09-26 11:14:37','0',1671403256519078138,NULL,NULL),(8478,1671403094153375879,'100001001004006','2023-09-26 11:14:37','2023-09-26 11:14:37','0',1671403256519078138,NULL,NULL),(8479,1671403094153375879,'100001001004005','2023-09-26 11:14:37','2023-09-26 11:14:37','0',1671403256519078138,NULL,NULL),(8480,1671403094153375879,'100001002001001','2023-09-26 11:14:37','2023-09-26 11:14:37','0',1671403256519078138,NULL,NULL),(8481,1671403094153375879,'100001015002003001','2023-09-26 11:14:37','2023-09-26 11:14:37','0',1671403256519078138,NULL,NULL),(8482,1671403094153375879,'100001002001002','2023-09-26 11:14:37','2023-09-26 11:14:37','0',1671403256519078138,NULL,NULL),(8483,1671403094153375879,'100001015002003002','2023-09-26 11:14:37','2023-09-26 11:14:37','0',1671403256519078138,NULL,NULL),(8484,1671403094153375879,'100001015002003003','2023-09-26 11:14:37','2023-09-26 11:14:37','0',1671403256519078138,NULL,NULL),(8485,1671403094153375879,'100001002001000','2023-09-26 11:14:37','2023-09-26 11:14:37','0',1671403256519078138,NULL,NULL),(8486,1671403094153375879,'100001015002003004','2023-09-26 11:14:37','2023-09-26 11:14:37','0',1671403256519078138,NULL,NULL),(8487,1671403094153375879,'100001018001000','2023-09-26 11:14:37','2023-09-26 11:14:37','0',1671403256519078138,NULL,NULL),(8488,1671403094153375879,'100001018001001','2023-09-26 11:14:37','2023-09-26 11:14:37','0',1671403256519078138,NULL,NULL),(8489,1671403094153375879,'100001001005001','2023-09-26 11:14:37','2023-09-26 11:14:37','0',1671403256519078138,NULL,NULL),(8490,1671403094153375879,'100001001005000','2023-09-26 11:14:37','2023-09-26 11:14:37','0',1671403256519078138,NULL,NULL),(8491,1671403094153375879,'100001001005003','2023-09-26 11:14:37','2023-09-26 11:14:37','0',1671403256519078138,NULL,NULL),(8492,1671403094153375879,'100001003002001002','2023-09-26 11:14:37','2023-09-26 11:14:37','0',1671403256519078138,NULL,NULL),(8493,1671403094153375879,'100001003002001003','2023-09-26 11:14:37','2023-09-26 11:14:37','0',1671403256519078138,NULL,NULL),(8494,1671403094153375879,'100001003002001004','2023-09-26 11:14:37','2023-09-26 11:14:37','0',1671403256519078138,NULL,NULL),(8495,1671403094153375879,'100001003002001005','2023-09-26 11:14:37','2023-09-26 11:14:37','0',1671403256519078138,NULL,NULL),(8496,1671403094153375879,'100001003002001006','2023-09-26 11:14:37','2023-09-26 11:14:37','0',1671403256519078138,NULL,NULL),(8497,1671403094153375879,'100001003002001007','2023-09-26 11:14:37','2023-09-26 11:14:37','0',1671403256519078138,NULL,NULL),(8498,1671403094153375879,'100001003002001008','2023-09-26 11:14:37','2023-09-26 11:14:37','0',1671403256519078138,NULL,NULL),(8499,1671403094153375879,'100001003002001009','2023-09-26 11:14:37','2023-09-26 11:14:37','0',1671403256519078138,NULL,NULL),(8500,1671403094153375879,'100001003002001010','2023-09-26 11:14:37','2023-09-26 11:14:37','0',1671403256519078138,NULL,NULL),(8501,1671403094153375879,'100001001005005','2023-09-26 11:14:37','2023-09-26 11:14:37','0',1671403256519078138,NULL,NULL),(8502,1671403094153375879,'100001001005007','2023-09-26 11:14:37','2023-09-26 11:14:37','0',1671403256519078138,NULL,NULL),(8503,1671403094153375879,'100001001005006','2023-09-26 11:14:37','2023-09-26 11:14:37','0',1671403256519078138,NULL,NULL),(8504,1671403094153375879,'100001001005008','2023-09-26 11:14:37','2023-09-26 11:14:37','0',1671403256519078138,NULL,NULL),(8505,1671403094153375879,'100001006001001004','2023-09-26 11:14:37','2023-09-26 11:14:37','0',1671403256519078138,NULL,NULL),(8506,1671403094153375879,'100001006001001005','2023-09-26 11:14:37','2023-09-26 11:14:37','0',1671403256519078138,NULL,NULL),(8507,1671403094153375879,'100001006001001002','2023-09-26 11:14:37','2023-09-26 11:14:37','0',1671403256519078138,NULL,NULL),(8508,1671403094153375879,'100001006001001003','2023-09-26 11:14:37','2023-09-26 11:14:37','0',1671403256519078138,NULL,NULL),(8509,1671403094153375879,'100001006001001001','2023-09-26 11:14:37','2023-09-26 11:14:37','0',1671403256519078138,NULL,NULL),(8510,1671403094153375879,'100001003000000','2023-09-26 11:14:37','2023-09-26 11:14:37','0',1671403256519078138,NULL,NULL),(8511,1671403094153375879,'100001001002000','2023-09-26 11:14:37','2023-09-26 11:14:37','0',1671403256519078138,NULL,NULL),(8512,1671403094153375879,'100001006000000','2023-09-26 11:14:37','2023-09-26 11:14:37','0',1671403256519078138,NULL,NULL),(8513,1671403094153375879,'100001015001000','2023-09-26 11:14:37','2023-09-26 11:14:37','0',1671403256519078138,NULL,NULL),(8514,1671403094153375879,'100001015001001','2023-09-26 11:14:37','2023-09-26 11:14:37','0',1671403256519078138,NULL,NULL),(8515,1671403094153375879,'100001003002001001','2023-09-26 11:14:37','2023-09-26 11:14:37','0',1671403256519078138,NULL,NULL),(8516,1671403094153375879,'100001001002001','2023-09-26 11:14:37','2023-09-26 11:14:37','0',1671403256519078138,NULL,NULL),(8517,1671403094153375879,'100001001002003','2023-09-26 11:14:37','2023-09-26 11:14:37','0',1671403256519078138,NULL,NULL),(8518,1671403094153375879,'100001001002004','2023-09-26 11:14:37','2023-09-26 11:14:37','0',1671403256519078138,NULL,NULL),(8519,1671403094153375879,'100001001002005','2023-09-26 11:14:37','2023-09-26 11:14:37','0',1671403256519078138,NULL,NULL),(8520,1671403094153375879,'100001001002006','2023-09-26 11:14:37','2023-09-26 11:14:37','0',1671403256519078138,NULL,NULL),(8521,1671403094153375879,'100001012001001','2023-09-26 11:14:37','2023-09-26 11:14:37','0',1671403256519078138,NULL,NULL),(8522,1671403094153375879,'100001012001000','2023-09-26 11:14:37','2023-09-26 11:14:37','0',1671403256519078138,NULL,NULL),(8523,1671403094153375879,'100001001003001','2023-09-26 11:14:37','2023-09-26 11:14:37','0',1671403256519078138,NULL,NULL),(8524,1671403094153375879,'100001001003000','2023-09-26 11:14:37','2023-09-26 11:14:37','0',1671403256519078138,NULL,NULL),(8525,1671403094153375879,'100001006001002','2023-09-26 11:14:37','2023-09-26 11:14:37','0',1671403256519078138,NULL,NULL),(8526,1671403094153375879,'100001015002000','2023-09-26 11:14:37','2023-09-26 11:14:37','0',1671403256519078138,NULL,NULL),(8527,1671403094153375879,'100001006001001','2023-09-26 11:14:37','2023-09-26 11:14:37','0',1671403256519078138,NULL,NULL),(8528,1671403094153375879,'100001015002002','2023-09-26 11:14:37','2023-09-26 11:14:37','0',1671403256519078138,NULL,NULL),(8529,1671403094153375879,'100001015002003','2023-09-26 11:14:37','2023-09-26 11:14:37','0',1671403256519078138,NULL,NULL),(8530,1671403094153375879,'100001001003003','2023-09-26 11:14:37','2023-09-26 11:14:37','0',1671403256519078138,NULL,NULL),(8531,1671403094153375879,'100001001003002','2023-09-26 11:14:37','2023-09-26 11:14:37','0',1671403256519078138,NULL,NULL),(8532,1671403094153375879,'100001001003005','2023-09-26 11:14:37','2023-09-26 11:14:37','0',1671403256519078138,NULL,NULL),(8533,1671403094153375879,'100001001003004','2023-09-26 11:14:37','2023-09-26 11:14:37','0',1671403256519078138,NULL,NULL),(8534,1671403094153375879,'100001001003007','2023-09-26 11:14:37','2023-09-26 11:14:37','0',1671403256519078138,NULL,NULL),(8535,1671403094153375879,'100001001003006','2023-09-26 11:14:37','2023-09-26 11:14:37','0',1671403256519078138,NULL,NULL),(8536,1671403094153375879,'100001015002002001','2023-09-26 11:14:37','2023-09-26 11:14:37','0',1671403256519078138,NULL,NULL),(8537,1671403094153375879,'100001001003009','2023-09-26 11:14:37','2023-09-26 11:14:37','0',1671403256519078138,NULL,NULL),(8538,1671403094153375879,'100001006001003','2023-09-26 11:14:37','2023-09-26 11:14:37','0',1671403256519078138,NULL,NULL),(8539,1671403094153375879,'100001001003008','2023-09-26 11:14:37','2023-09-26 11:14:37','0',1671403256519078138,NULL,NULL),(8540,1671403094153375879,'100001006001003004','2023-09-26 11:14:37','2023-09-26 11:14:37','0',1671403256519078138,NULL,NULL),(8541,1671403094153375879,'100001006001003003','2023-09-26 11:14:37','2023-09-26 11:14:37','0',1671403256519078138,NULL,NULL),(8542,1671403094153375879,'100001003002000','2023-09-26 11:14:37','2023-09-26 11:14:37','0',1671403256519078138,NULL,NULL),(8543,1671403094153375879,'100001006001003002','2023-09-26 11:14:37','2023-09-26 11:14:37','0',1671403256519078138,NULL,NULL),(8544,1671403094153375879,'100001006001003001','2023-09-26 11:14:37','2023-09-26 11:14:37','0',1671403256519078138,NULL,NULL),(8545,1671403094153375879,'100001003002002','2023-09-26 11:14:37','2023-09-26 11:14:37','0',1671403256519078138,NULL,NULL),(8546,1671403094153375879,'100001002001002001','2023-09-26 11:14:37','2023-09-26 11:14:37','0',1671403256519078138,NULL,NULL),(8547,1671403094153375879,'100001003002001','2023-09-26 11:14:37','2023-09-26 11:14:37','0',1671403256519078138,NULL,NULL),(8548,1671403094153375879,'100001001000000','2023-09-26 11:14:37','2023-09-26 11:14:37','0',1671403256519078138,NULL,NULL),(8549,1671403094153375879,'100001018001001001','2023-09-26 11:14:37','2023-09-26 11:14:37','0',1671403256519078138,NULL,NULL),(8550,1671403094153375879,'100001018001001002','2023-09-26 11:14:37','2023-09-26 11:14:37','0',1671403256519078138,NULL,NULL),(8551,1671403094153375880,'100001012000000','2023-09-26 11:17:36','2023-09-26 11:17:36','0',1671403256519078138,NULL,NULL),(8552,1671403094153375880,'100001012001000','2023-09-26 11:17:36','2023-09-26 11:17:36','0',1671403256519078138,NULL,NULL),(8553,1671403094153375880,'100001012001001','2023-09-26 11:17:36','2023-09-26 11:17:36','0',1671403256519078138,NULL,NULL),(8554,1671403094153375880,'100001003000000','2023-09-26 11:17:36','2023-09-26 11:17:36','0',1671403256519078138,NULL,NULL),(8555,1671403094153375880,'100001003002000','2023-09-26 11:17:36','2023-09-26 11:17:36','0',1671403256519078138,NULL,NULL),(8556,1671403094153375880,'100001003002001','2023-09-26 11:17:36','2023-09-26 11:17:36','0',1671403256519078138,NULL,NULL),(8557,1671403094153375880,'100001003002001001','2023-09-26 11:17:36','2023-09-26 11:17:36','0',1671403256519078138,NULL,NULL),(8558,1671403094153375880,'100001003002001007','2023-09-26 11:17:36','2023-09-26 11:17:36','0',1671403256519078138,NULL,NULL),(8559,1671403094153375880,'100001003002001002','2023-09-26 11:17:36','2023-09-26 11:17:36','0',1671403256519078138,NULL,NULL),(8560,1671403094153375880,'100001003002001003','2023-09-26 11:17:36','2023-09-26 11:17:36','0',1671403256519078138,NULL,NULL),(8561,1671403094153375880,'100001003002001008','2023-09-26 11:17:36','2023-09-26 11:17:36','0',1671403256519078138,NULL,NULL),(8562,1671403094153375880,'100001003002001009','2023-09-26 11:17:36','2023-09-26 11:17:36','0',1671403256519078138,NULL,NULL),(8563,1671403094153375880,'100001003002001010','2023-09-26 11:17:36','2023-09-26 11:17:36','0',1671403256519078138,NULL,NULL),(8564,1671403094153375880,'100001003002001004','2023-09-26 11:17:36','2023-09-26 11:17:36','0',1671403256519078138,NULL,NULL),(8565,1671403094153375880,'100001003002001005','2023-09-26 11:17:36','2023-09-26 11:17:36','0',1671403256519078138,NULL,NULL),(8566,1671403094153375880,'100001003002001006','2023-09-26 11:17:36','2023-09-26 11:17:36','0',1671403256519078138,NULL,NULL),(8567,1671403094153375880,'100001006000000','2023-09-26 11:17:36','2023-09-26 11:17:36','0',1671403256519078138,NULL,NULL),(8568,1671403094153375880,'100001006001001','2023-09-26 11:17:36','2023-09-26 11:17:36','0',1671403256519078138,NULL,NULL),(8569,1671403094153375880,'100001006001002','2023-09-26 11:17:36','2023-09-26 11:17:36','0',1671403256519078138,NULL,NULL),(8570,1671403094153375880,'100001006001003','2023-09-26 11:17:36','2023-09-26 11:17:36','0',1671403256519078138,NULL,NULL),(8571,1671403094153375880,'100001006001001002','2023-09-26 11:17:36','2023-09-26 11:17:36','0',1671403256519078138,NULL,NULL),(8572,1671403094153375880,'100001006001001001','2023-09-26 11:17:36','2023-09-26 11:17:36','0',1671403256519078138,NULL,NULL),(8573,1671403094153375880,'100001006001001003','2023-09-26 11:17:36','2023-09-26 11:17:36','0',1671403256519078138,NULL,NULL),(8574,1671403094153375880,'100001006001001004','2023-09-26 11:17:36','2023-09-26 11:17:36','0',1671403256519078138,NULL,NULL),(8575,1671403094153375880,'100001006001001005','2023-09-26 11:17:36','2023-09-26 11:17:36','0',1671403256519078138,NULL,NULL),(8576,1671403094153375880,'100001006001002001','2023-09-26 11:17:36','2023-09-26 11:17:36','0',1671403256519078138,NULL,NULL),(8577,1671403094153375880,'100001006001002002','2023-09-26 11:17:36','2023-09-26 11:17:36','0',1671403256519078138,NULL,NULL),(8578,1671403094153375880,'100001006001002003','2023-09-26 11:17:36','2023-09-26 11:17:36','0',1671403256519078138,NULL,NULL),(8579,1671403094153375880,'100001006001002004','2023-09-26 11:17:36','2023-09-26 11:17:36','0',1671403256519078138,NULL,NULL),(8580,1671403094153375880,'100001006001002005','2023-09-26 11:17:36','2023-09-26 11:17:36','0',1671403256519078138,NULL,NULL),(8581,1671403094153375880,'100001006001003001','2023-09-26 11:17:36','2023-09-26 11:17:36','0',1671403256519078138,NULL,NULL),(8582,1671403094153375880,'100001006001003002','2023-09-26 11:17:36','2023-09-26 11:17:36','0',1671403256519078138,NULL,NULL),(8583,1671403094153375880,'100001006001003003','2023-09-26 11:17:36','2023-09-26 11:17:36','0',1671403256519078138,NULL,NULL),(8584,1671403094153375880,'100001006001003004','2023-09-26 11:17:36','2023-09-26 11:17:36','0',1671403256519078138,NULL,NULL),(8585,1671403094153375880,'100001001000000','2023-09-26 11:17:36','2023-09-26 11:17:36','0',1671403256519078138,NULL,NULL),(8586,1671403094153375880,'100001001006000','2023-09-26 11:17:36','2023-09-26 11:17:36','0',1671403256519078138,NULL,NULL),(8587,1671403094153375880,'100001001007000','2023-09-26 11:17:36','2023-09-26 11:17:36','0',1671403256519078138,NULL,NULL),(8588,1671403094153375880,'100001001004000','2023-09-26 11:17:36','2023-09-26 11:17:36','0',1671403256519078138,NULL,NULL),(8589,1671403094153375880,'100001001003000','2023-09-26 11:17:36','2023-09-26 11:17:36','0',1671403256519078138,NULL,NULL),(8590,1671403094153375880,'100001001001000','2023-09-26 11:17:36','2023-09-26 11:17:36','0',1671403256519078138,NULL,NULL),(8591,1671403094153375880,'100001001002000','2023-09-26 11:17:36','2023-09-26 11:17:36','0',1671403256519078138,NULL,NULL),(8592,1671403094153375880,'100001001005001','2023-09-26 11:17:36','2023-09-26 11:17:36','0',1671403256519078138,NULL,NULL),(8593,1671403094153375880,'100001001005003','2023-09-26 11:17:36','2023-09-26 11:17:36','0',1671403256519078138,NULL,NULL),(8594,1671403094153375880,'100001001005006','2023-09-26 11:17:36','2023-09-26 11:17:36','0',1671403256519078138,NULL,NULL),(8595,1671403094153375880,'100001001005007','2023-09-26 11:17:36','2023-09-26 11:17:36','0',1671403256519078138,NULL,NULL),(8596,1671403094153375880,'100001001005005','2023-09-26 11:17:36','2023-09-26 11:17:36','0',1671403256519078138,NULL,NULL),(8597,1671403094153375880,'100001001005008','2023-09-26 11:17:36','2023-09-26 11:17:36','0',1671403256519078138,NULL,NULL),(8598,1671403094153375880,'100001001005000','2023-09-26 11:17:36','2023-09-26 11:17:36','0',1671403256519078138,NULL,NULL),(8599,1671403094153375880,'100001001004001','2023-09-26 11:17:36','2023-09-26 11:17:36','0',1671403256519078138,NULL,NULL),(8600,1671403094153375880,'100001001004003','2023-09-26 11:17:36','2023-09-26 11:17:36','0',1671403256519078138,NULL,NULL),(8601,1671403094153375880,'100001001004004','2023-09-26 11:17:36','2023-09-26 11:17:36','0',1671403256519078138,NULL,NULL),(8602,1671403094153375880,'100001001004005','2023-09-26 11:17:36','2023-09-26 11:17:36','0',1671403256519078138,NULL,NULL),(8603,1671403094153375880,'100001001004006','2023-09-26 11:17:36','2023-09-26 11:17:36','0',1671403256519078138,NULL,NULL),(8604,1671403094153375880,'100001001003001','2023-09-26 11:17:36','2023-09-26 11:17:36','0',1671403256519078138,NULL,NULL),(8605,1671403094153375880,'100001001003007','2023-09-26 11:17:36','2023-09-26 11:17:36','0',1671403256519078138,NULL,NULL),(8606,1671403094153375880,'100001001003008','2023-09-26 11:17:36','2023-09-26 11:17:36','0',1671403256519078138,NULL,NULL),(8607,1671403094153375880,'100001001003002','2023-09-26 11:17:36','2023-09-26 11:17:36','0',1671403256519078138,NULL,NULL),(8608,1671403094153375880,'100001001003003','2023-09-26 11:17:36','2023-09-26 11:17:36','0',1671403256519078138,NULL,NULL),(8609,1671403094153375880,'100001001003009','2023-09-26 11:17:36','2023-09-26 11:17:36','0',1671403256519078138,NULL,NULL),(8610,1671403094153375880,'100001001003010','2023-09-26 11:17:36','2023-09-26 11:17:36','0',1671403256519078138,NULL,NULL),(8611,1671403094153375880,'100001001003004','2023-09-26 11:17:36','2023-09-26 11:17:36','0',1671403256519078138,NULL,NULL),(8612,1671403094153375880,'100001001003005','2023-09-26 11:17:36','2023-09-26 11:17:36','0',1671403256519078138,NULL,NULL),(8613,1671403094153375880,'100001001003011','2023-09-26 11:17:36','2023-09-26 11:17:36','0',1671403256519078138,NULL,NULL),(8614,1671403094153375880,'100001001003006','2023-09-26 11:17:36','2023-09-26 11:17:36','0',1671403256519078138,NULL,NULL),(8615,1671403094153375880,'100001001001007','2023-09-26 11:17:36','2023-09-26 11:17:36','0',1671403256519078138,NULL,NULL),(8616,1671403094153375880,'100001001001001','2023-09-26 11:17:36','2023-09-26 11:17:36','0',1671403256519078138,NULL,NULL),(8617,1671403094153375880,'100001001001003','2023-09-26 11:17:36','2023-09-26 11:17:36','0',1671403256519078138,NULL,NULL),(8618,1671403094153375880,'100001001001008','2023-09-26 11:17:36','2023-09-26 11:17:36','0',1671403256519078138,NULL,NULL),(8619,1671403094153375880,'100001001001009','2023-09-26 11:17:36','2023-09-26 11:17:36','0',1671403256519078138,NULL,NULL),(8620,1671403094153375880,'100001001001004','2023-09-26 11:17:36','2023-09-26 11:17:36','0',1671403256519078138,NULL,NULL),(8621,1671403094153375880,'100001001002001','2023-09-26 11:17:36','2023-09-26 11:17:36','0',1671403256519078138,NULL,NULL),(8622,1671403094153375880,'100001001002003','2023-09-26 11:17:36','2023-09-26 11:17:36','0',1671403256519078138,NULL,NULL),(8623,1671403094153375880,'100001001002004','2023-09-26 11:17:36','2023-09-26 11:17:36','0',1671403256519078138,NULL,NULL),(8624,1671403094153375880,'100001001002005','2023-09-26 11:17:36','2023-09-26 11:17:36','0',1671403256519078138,NULL,NULL),(8625,1671403094153375880,'100001001002006','2023-09-26 11:17:36','2023-09-26 11:17:36','0',1671403256519078138,NULL,NULL),(8626,1671403094153375880,'100001002000000','2023-09-26 11:17:36','2023-09-26 11:17:36','0',1671403256519078138,NULL,NULL),(8627,1671403094153375880,'100001002001000','2023-09-26 11:17:36','2023-09-26 11:17:36','0',1671403256519078138,NULL,NULL),(8628,1671403094153375880,'100001002001001','2023-09-26 11:17:36','2023-09-26 11:17:36','0',1671403256519078138,NULL,NULL),(8629,1671403094153375880,'100001002001002','2023-09-26 11:17:36','2023-09-26 11:17:36','0',1671403256519078138,NULL,NULL),(8630,1671403094153375880,'100001002001002001','2023-09-26 11:17:36','2023-09-26 11:17:36','0',1671403256519078138,NULL,NULL),(8631,1671403094153375880,'100001015000000','2023-09-26 11:17:36','2023-09-26 11:17:36','0',1671403256519078138,NULL,NULL),(8632,1671403094153375880,'100001015001000','2023-09-26 11:17:36','2023-09-26 11:17:36','0',1671403256519078138,NULL,NULL),(8633,1671403094153375880,'100001015002000','2023-09-26 11:17:36','2023-09-26 11:17:36','0',1671403256519078138,NULL,NULL),(8634,1671403094153375880,'100001015002002','2023-09-26 11:17:36','2023-09-26 11:17:36','0',1671403256519078138,NULL,NULL),(8635,1671403094153375880,'100001015002003','2023-09-26 11:17:36','2023-09-26 11:17:36','0',1671403256519078138,NULL,NULL),(8636,1671403094153375880,'100001015002002001','2023-09-26 11:17:36','2023-09-26 11:17:36','0',1671403256519078138,NULL,NULL),(8637,1671403094153375880,'100001015002003001','2023-09-26 11:17:36','2023-09-26 11:17:36','0',1671403256519078138,NULL,NULL),(8638,1671403094153375880,'100001015002003002','2023-09-26 11:17:36','2023-09-26 11:17:36','0',1671403256519078138,NULL,NULL),(8639,1671403094153375880,'100001015002003003','2023-09-26 11:17:36','2023-09-26 11:17:36','0',1671403256519078138,NULL,NULL),(8640,1671403094153375880,'100001015002003004','2023-09-26 11:17:36','2023-09-26 11:17:36','0',1671403256519078138,NULL,NULL),(8641,1671403094153375880,'100001015002003005','2023-09-26 11:17:36','2023-09-26 11:17:36','0',1671403256519078138,NULL,NULL),(8642,1671403094153375880,'100001018000000','2023-09-26 11:17:36','2023-09-26 11:17:36','0',1671403256519078138,NULL,NULL),(8643,1671403094153375880,'100001018001000','2023-09-26 11:17:36','2023-09-26 11:17:36','0',1671403256519078138,NULL,NULL),(8644,1671403094153375880,'100001018001001001','2023-09-26 11:17:36','2023-09-26 11:17:36','0',1671403256519078138,NULL,NULL),(8645,1671403094153375880,'100001018001001002','2023-09-26 11:17:36','2023-09-26 11:17:36','0',1671403256519078138,NULL,NULL),(8646,1671403094153375880,'100001018001001','2023-09-26 11:17:36','2023-09-26 11:17:36','0',1671403256519078138,NULL,NULL),(8647,1671403094153375881,'100001012000000','2023-09-26 11:19:24','2023-09-26 11:19:24','0',1671403256519078138,NULL,NULL),(8648,1671403094153375881,'100001012001000','2023-09-26 11:19:24','2023-09-26 11:19:24','0',1671403256519078138,NULL,NULL),(8649,1671403094153375881,'100001012001001','2023-09-26 11:19:24','2023-09-26 11:19:24','0',1671403256519078138,NULL,NULL),(8650,1671403094153375881,'100001003000000','2023-09-26 11:19:24','2023-09-26 11:19:24','0',1671403256519078138,NULL,NULL),(8651,1671403094153375881,'100001003002000','2023-09-26 11:19:24','2023-09-26 11:19:24','0',1671403256519078138,NULL,NULL),(8652,1671403094153375881,'100001003002001','2023-09-26 11:19:24','2023-09-26 11:19:24','0',1671403256519078138,NULL,NULL),(8653,1671403094153375881,'100001003002001001','2023-09-26 11:19:24','2023-09-26 11:19:24','0',1671403256519078138,NULL,NULL),(8654,1671403094153375881,'100001003002001007','2023-09-26 11:19:24','2023-09-26 11:19:24','0',1671403256519078138,NULL,NULL),(8655,1671403094153375881,'100001003002001008','2023-09-26 11:19:24','2023-09-26 11:19:24','0',1671403256519078138,NULL,NULL),(8656,1671403094153375881,'100001003002001002','2023-09-26 11:19:24','2023-09-26 11:19:24','0',1671403256519078138,NULL,NULL),(8657,1671403094153375881,'100001003002001003','2023-09-26 11:19:24','2023-09-26 11:19:24','0',1671403256519078138,NULL,NULL),(8658,1671403094153375881,'100001003002001004','2023-09-26 11:19:24','2023-09-26 11:19:24','0',1671403256519078138,NULL,NULL),(8659,1671403094153375881,'100001003002001005','2023-09-26 11:19:24','2023-09-26 11:19:24','0',1671403256519078138,NULL,NULL),(8660,1671403094153375881,'100001003002001006','2023-09-26 11:19:24','2023-09-26 11:19:24','0',1671403256519078138,NULL,NULL),(8661,1671403094153375881,'100001003002001010','2023-09-26 11:19:24','2023-09-26 11:19:24','0',1671403256519078138,NULL,NULL),(8662,1671403094153375881,'100001003002001009','2023-09-26 11:19:24','2023-09-26 11:19:24','0',1671403256519078138,NULL,NULL),(8663,1671403094153375881,'100001006000000','2023-09-26 11:19:24','2023-09-26 11:19:24','0',1671403256519078138,NULL,NULL),(8664,1671403094153375881,'100001006001000','2023-09-26 11:19:24','2023-09-26 11:19:24','0',1671403256519078138,NULL,NULL),(8665,1671403094153375881,'100001006001001','2023-09-26 11:19:24','2023-09-26 11:19:24','0',1671403256519078138,NULL,NULL),(8666,1671403094153375881,'100001006001002','2023-09-26 11:19:24','2023-09-26 11:19:24','0',1671403256519078138,NULL,NULL),(8667,1671403094153375881,'100001006001003','2023-09-26 11:19:24','2023-09-26 11:19:24','0',1671403256519078138,NULL,NULL),(8668,1671403094153375881,'100001006001001001','2023-09-26 11:19:24','2023-09-26 11:19:24','0',1671403256519078138,NULL,NULL),(8669,1671403094153375881,'100001006001001002','2023-09-26 11:19:24','2023-09-26 11:19:24','0',1671403256519078138,NULL,NULL),(8670,1671403094153375881,'100001006001001003','2023-09-26 11:19:24','2023-09-26 11:19:24','0',1671403256519078138,NULL,NULL),(8671,1671403094153375881,'100001006001001004','2023-09-26 11:19:24','2023-09-26 11:19:24','0',1671403256519078138,NULL,NULL),(8672,1671403094153375881,'100001006001001005','2023-09-26 11:19:24','2023-09-26 11:19:24','0',1671403256519078138,NULL,NULL),(8673,1671403094153375881,'100001006001002001','2023-09-26 11:19:24','2023-09-26 11:19:24','0',1671403256519078138,NULL,NULL),(8674,1671403094153375881,'100001006001002002','2023-09-26 11:19:24','2023-09-26 11:19:24','0',1671403256519078138,NULL,NULL),(8675,1671403094153375881,'100001006001002003','2023-09-26 11:19:24','2023-09-26 11:19:24','0',1671403256519078138,NULL,NULL),(8676,1671403094153375881,'100001006001002004','2023-09-26 11:19:24','2023-09-26 11:19:24','0',1671403256519078138,NULL,NULL),(8677,1671403094153375881,'100001006001002005','2023-09-26 11:19:24','2023-09-26 11:19:24','0',1671403256519078138,NULL,NULL),(8678,1671403094153375881,'100001006001003001','2023-09-26 11:19:24','2023-09-26 11:19:24','0',1671403256519078138,NULL,NULL),(8679,1671403094153375881,'100001006001003002','2023-09-26 11:19:24','2023-09-26 11:19:24','0',1671403256519078138,NULL,NULL),(8680,1671403094153375881,'100001006001003003','2023-09-26 11:19:24','2023-09-26 11:19:24','0',1671403256519078138,NULL,NULL),(8681,1671403094153375881,'100001006001003004','2023-09-26 11:19:24','2023-09-26 11:19:24','0',1671403256519078138,NULL,NULL),(8682,1671403094153375881,'100001015000000','2023-09-26 11:19:24','2023-09-26 11:19:24','0',1671403256519078138,NULL,NULL),(8683,1671403094153375881,'100001015001000','2023-09-26 11:19:24','2023-09-26 11:19:24','0',1671403256519078138,NULL,NULL),(8684,1671403094153375881,'100001015002000','2023-09-26 11:19:24','2023-09-26 11:19:24','0',1671403256519078138,NULL,NULL),(8685,1671403094153375881,'100001015002002','2023-09-26 11:19:24','2023-09-26 11:19:24','0',1671403256519078138,NULL,NULL),(8686,1671403094153375881,'100001015002003','2023-09-26 11:19:24','2023-09-26 11:19:24','0',1671403256519078138,NULL,NULL),(8687,1671403094153375881,'100001015002003001','2023-09-26 11:19:24','2023-09-26 11:19:24','0',1671403256519078138,NULL,NULL),(8688,1671403094153375881,'100001015002003002','2023-09-26 11:19:24','2023-09-26 11:19:24','0',1671403256519078138,NULL,NULL),(8689,1671403094153375881,'100001015002003003','2023-09-26 11:19:24','2023-09-26 11:19:24','0',1671403256519078138,NULL,NULL),(8690,1671403094153375881,'100001015002003004','2023-09-26 11:19:24','2023-09-26 11:19:24','0',1671403256519078138,NULL,NULL),(8691,1671403094153375881,'100001015002003005','2023-09-26 11:19:24','2023-09-26 11:19:24','0',1671403256519078138,NULL,NULL),(8692,1671403094153375881,'100001015001001001','2023-09-26 11:19:24','2023-09-26 11:19:24','0',1671403256519078138,NULL,NULL),(8693,1671403094153375881,'100001015001001002','2023-09-26 11:19:24','2023-09-26 11:19:24','0',1671403256519078138,NULL,NULL),(8694,1671403094153375881,'100001015001001003','2023-09-26 11:19:24','2023-09-26 11:19:24','0',1671403256519078138,NULL,NULL),(8695,1671403094153375881,'100001015001001004','2023-09-26 11:19:24','2023-09-26 11:19:24','0',1671403256519078138,NULL,NULL),(8696,1671403094153375881,'100001015002002001','2023-09-26 11:19:24','2023-09-26 11:19:24','0',1671403256519078138,NULL,NULL),(8697,1671403094153375881,'100001018000000','2023-09-26 11:19:24','2023-09-26 11:19:24','0',1671403256519078138,NULL,NULL),(8698,1671403094153375881,'100001018001000','2023-09-26 11:19:24','2023-09-26 11:19:24','0',1671403256519078138,NULL,NULL),(8699,1671403094153375881,'100001018001001','2023-09-26 11:19:24','2023-09-26 11:19:24','0',1671403256519078138,NULL,NULL),(8700,1671403094153375881,'100001018001001001','2023-09-26 11:19:24','2023-09-26 11:19:24','0',1671403256519078138,NULL,NULL),(8701,1671403094153375881,'100001018001001002','2023-09-26 11:19:24','2023-09-26 11:19:24','0',1671403256519078138,NULL,NULL),(8702,1671403094153375882,'100001012000000','2023-09-26 11:21:01','2023-09-26 11:21:01','0',1671403256519078138,NULL,NULL),(8703,1671403094153375882,'100001012001001','2023-09-26 11:21:01','2023-09-26 11:21:01','0',1671403256519078138,NULL,NULL),(8704,1671403094153375882,'100001012001000','2023-09-26 11:21:01','2023-09-26 11:21:01','0',1671403256519078138,NULL,NULL),(8705,1671403094153375882,'100001001000000','2023-09-26 11:21:01','2023-09-26 11:21:01','0',1671403256519078138,NULL,NULL),(8706,1671403094153375882,'100001001006000','2023-09-26 11:21:01','2023-09-26 11:21:01','0',1671403256519078138,NULL,NULL),(8707,1671403094153375882,'100001001007000','2023-09-26 11:21:01','2023-09-26 11:21:01','0',1671403256519078138,NULL,NULL),(8708,1671403094153375882,'100001001004000','2023-09-26 11:21:01','2023-09-26 11:21:01','0',1671403256519078138,NULL,NULL),(8709,1671403094153375882,'100001001003000','2023-09-26 11:21:01','2023-09-26 11:21:01','0',1671403256519078138,NULL,NULL),(8710,1671403094153375882,'100001001001000','2023-09-26 11:21:01','2023-09-26 11:21:01','0',1671403256519078138,NULL,NULL),(8711,1671403094153375882,'100001001002000','2023-09-26 11:21:01','2023-09-26 11:21:01','0',1671403256519078138,NULL,NULL),(8712,1671403094153375882,'100001001005001','2023-09-26 11:21:01','2023-09-26 11:21:01','0',1671403256519078138,NULL,NULL),(8713,1671403094153375882,'100001001005003','2023-09-26 11:21:01','2023-09-26 11:21:01','0',1671403256519078138,NULL,NULL),(8714,1671403094153375882,'100001001005006','2023-09-26 11:21:01','2023-09-26 11:21:01','0',1671403256519078138,NULL,NULL),(8715,1671403094153375882,'100001001005007','2023-09-26 11:21:01','2023-09-26 11:21:01','0',1671403256519078138,NULL,NULL),(8716,1671403094153375882,'100001001005005','2023-09-26 11:21:01','2023-09-26 11:21:01','0',1671403256519078138,NULL,NULL),(8717,1671403094153375882,'100001001005008','2023-09-26 11:21:01','2023-09-26 11:21:01','0',1671403256519078138,NULL,NULL),(8718,1671403094153375882,'100001001005000','2023-09-26 11:21:01','2023-09-26 11:21:01','0',1671403256519078138,NULL,NULL),(8719,1671403094153375882,'100001001004001','2023-09-26 11:21:01','2023-09-26 11:21:01','0',1671403256519078138,NULL,NULL),(8720,1671403094153375882,'100001001004003','2023-09-26 11:21:01','2023-09-26 11:21:01','0',1671403256519078138,NULL,NULL),(8721,1671403094153375882,'100001001004004','2023-09-26 11:21:01','2023-09-26 11:21:01','0',1671403256519078138,NULL,NULL),(8722,1671403094153375882,'100001001004005','2023-09-26 11:21:01','2023-09-26 11:21:01','0',1671403256519078138,NULL,NULL),(8723,1671403094153375882,'100001001004006','2023-09-26 11:21:01','2023-09-26 11:21:01','0',1671403256519078138,NULL,NULL),(8724,1671403094153375882,'100001001003001','2023-09-26 11:21:01','2023-09-26 11:21:01','0',1671403256519078138,NULL,NULL),(8725,1671403094153375882,'100001001003007','2023-09-26 11:21:01','2023-09-26 11:21:01','0',1671403256519078138,NULL,NULL),(8726,1671403094153375882,'100001001003008','2023-09-26 11:21:01','2023-09-26 11:21:01','0',1671403256519078138,NULL,NULL),(8727,1671403094153375882,'100001001003002','2023-09-26 11:21:01','2023-09-26 11:21:01','0',1671403256519078138,NULL,NULL),(8728,1671403094153375882,'100001001003003','2023-09-26 11:21:01','2023-09-26 11:21:01','0',1671403256519078138,NULL,NULL),(8729,1671403094153375882,'100001001003004','2023-09-26 11:21:01','2023-09-26 11:21:01','0',1671403256519078138,NULL,NULL),(8730,1671403094153375882,'100001001003005','2023-09-26 11:21:01','2023-09-26 11:21:01','0',1671403256519078138,NULL,NULL),(8731,1671403094153375882,'100001001003006','2023-09-26 11:21:01','2023-09-26 11:21:01','0',1671403256519078138,NULL,NULL),(8732,1671403094153375882,'100001001003011','2023-09-26 11:21:01','2023-09-26 11:21:01','0',1671403256519078138,NULL,NULL),(8733,1671403094153375882,'100001001003010','2023-09-26 11:21:01','2023-09-26 11:21:01','0',1671403256519078138,NULL,NULL),(8734,1671403094153375882,'100001001003009','2023-09-26 11:21:01','2023-09-26 11:21:01','0',1671403256519078138,NULL,NULL),(8735,1671403094153375882,'100001001001007','2023-09-26 11:21:01','2023-09-26 11:21:01','0',1671403256519078138,NULL,NULL),(8736,1671403094153375882,'100001001001001','2023-09-26 11:21:01','2023-09-26 11:21:01','0',1671403256519078138,NULL,NULL),(8737,1671403094153375882,'100001001001003','2023-09-26 11:21:01','2023-09-26 11:21:01','0',1671403256519078138,NULL,NULL),(8738,1671403094153375882,'100001001001008','2023-09-26 11:21:01','2023-09-26 11:21:01','0',1671403256519078138,NULL,NULL),(8739,1671403094153375882,'100001001001009','2023-09-26 11:21:01','2023-09-26 11:21:01','0',1671403256519078138,NULL,NULL),(8740,1671403094153375882,'100001001001004','2023-09-26 11:21:01','2023-09-26 11:21:01','0',1671403256519078138,NULL,NULL),(8741,1671403094153375882,'100001001002001','2023-09-26 11:21:01','2023-09-26 11:21:01','0',1671403256519078138,NULL,NULL),(8742,1671403094153375882,'100001001002003','2023-09-26 11:21:01','2023-09-26 11:21:01','0',1671403256519078138,NULL,NULL),(8743,1671403094153375882,'100001001002004','2023-09-26 11:21:01','2023-09-26 11:21:01','0',1671403256519078138,NULL,NULL),(8744,1671403094153375882,'100001001002005','2023-09-26 11:21:01','2023-09-26 11:21:01','0',1671403256519078138,NULL,NULL),(8745,1671403094153375882,'100001001002006','2023-09-26 11:21:01','2023-09-26 11:21:01','0',1671403256519078138,NULL,NULL),(8746,1671403094153375882,'100001018000000','2023-09-26 11:21:01','2023-09-26 11:21:01','0',1671403256519078138,NULL,NULL),(8747,1671403094153375882,'100001018001001','2023-09-26 11:21:01','2023-09-26 11:21:01','0',1671403256519078138,NULL,NULL),(8748,1671403094153375882,'100001018001000','2023-09-26 11:21:01','2023-09-26 11:21:01','0',1671403256519078138,NULL,NULL),(8749,1671403094153375882,'100001018001001001','2023-09-26 11:21:01','2023-09-26 11:21:01','0',1671403256519078138,NULL,NULL),(8750,1671403094153375882,'100001018001001002','2023-09-26 11:21:01','2023-09-26 11:21:01','0',1671403256519078138,NULL,NULL),(8751,1671403094153375883,'100001012000000','2023-09-26 11:22:11','2023-09-26 11:22:11','0',1671403256519078138,NULL,NULL),(8752,1671403094153375883,'100001012001001','2023-09-26 11:22:11','2023-09-26 11:22:11','0',1671403256519078138,NULL,NULL),(8753,1671403094153375883,'100001012001000','2023-09-26 11:22:11','2023-09-26 11:22:11','0',1671403256519078138,NULL,NULL),(8754,1671403094153375883,'100001002000000','2023-09-26 11:22:11','2023-09-26 11:22:11','0',1671403256519078138,NULL,NULL),(8755,1671403094153375883,'100001002001000','2023-09-26 11:22:11','2023-09-26 11:22:11','0',1671403256519078138,NULL,NULL),(8756,1671403094153375883,'100001002001001','2023-09-26 11:22:11','2023-09-26 11:22:11','0',1671403256519078138,NULL,NULL),(8757,1671403094153375883,'100001002001002','2023-09-26 11:22:11','2023-09-26 11:22:11','0',1671403256519078138,NULL,NULL),(8758,1671403094153375883,'100001002001002001','2023-09-26 11:22:11','2023-09-26 11:22:11','0',1671403256519078138,NULL,NULL),(8759,1671403094153375883,'100001002001001001','2023-09-26 11:22:11','2023-09-26 11:22:11','0',1671403256519078138,NULL,NULL),(8760,1671403094153375883,'100001018000000','2023-09-26 11:22:11','2023-09-26 11:22:11','0',1671403256519078138,NULL,NULL),(8761,1671403094153375883,'100001018001000','2023-09-26 11:22:11','2023-09-26 11:22:11','0',1671403256519078138,NULL,NULL),(8762,1671403094153375883,'100001018001001','2023-09-26 11:22:11','2023-09-26 11:22:11','0',1671403256519078138,NULL,NULL),(8763,1671403094153375883,'100001018001001001','2023-09-26 11:22:11','2023-09-26 11:22:11','0',1671403256519078138,NULL,NULL),(8764,1671403094153375883,'100001018001001002','2023-09-26 11:22:11','2023-09-26 11:22:11','0',1671403256519078138,NULL,NULL),(8959,1671403094153375898,'100001005002000','2023-09-26 11:41:43','2023-09-26 11:41:43','0',1671403256519078138,NULL,NULL),(8960,1671403094153375898,'100001005001001','2023-09-26 11:41:43','2023-09-26 11:41:43','0',1671403256519078138,NULL,NULL),(8961,1671403094153375898,'100001005002001002','2023-09-26 11:41:43','2023-09-26 11:41:43','0',1671403256519078138,NULL,NULL),(8962,1671403094153375898,'100001005001000','2023-09-26 11:41:43','2023-09-26 11:41:43','0',1671403256519078138,NULL,NULL),(8963,1671403094153375898,'100001005002001','2023-09-26 11:41:43','2023-09-26 11:41:43','0',1671403256519078138,NULL,NULL),(8964,1671403094153375898,'100001005000000','2023-09-26 11:41:43','2023-09-26 11:41:43','0',1671403256519078138,NULL,NULL),(8965,1671403094153375898,'100001005001001002','2023-09-26 11:41:43','2023-09-26 11:41:43','0',1671403256519078138,NULL,NULL),(8966,1671403094153375898,'100001005001001003','2023-09-26 11:41:43','2023-09-26 11:41:43','0',1671403256519078138,NULL,NULL),(8967,1671403094153375898,'100001012000000','2023-09-26 11:41:43','2023-09-26 11:41:43','0',1671403256519078138,NULL,NULL),(8968,1671403094153375898,'100001012001001','2023-09-26 11:41:43','2023-09-26 11:41:43','0',1671403256519078138,NULL,NULL),(8969,1671403094153375898,'100001012001000','2023-09-26 11:41:43','2023-09-26 11:41:43','0',1671403256519078138,NULL,NULL),(8970,1671403094153375898,'100001010000000','2023-09-26 11:41:43','2023-09-26 11:41:43','0',1671403256519078138,NULL,NULL),(8971,1671403094153375898,'100001010001000','2023-09-26 11:41:43','2023-09-26 11:41:43','0',1671403256519078138,NULL,NULL),(8972,1671403094153375898,'100001010001001','2023-09-26 11:41:43','2023-09-26 11:41:43','0',1671403256519078138,NULL,NULL),(8973,1671403094153375898,'100001011000000','2023-09-26 11:41:43','2023-09-26 11:41:43','0',1671403256519078138,NULL,NULL),(8974,1671403094153375898,'100001011001000','2023-09-26 11:41:43','2023-09-26 11:41:43','0',1671403256519078138,NULL,NULL),(8975,1671403094153375898,'100001011001001002','2023-09-26 11:41:43','2023-09-26 11:41:43','0',1671403256519078138,NULL,NULL),(8976,1671403094153375898,'100001011001002003','2023-09-26 11:41:43','2023-09-26 11:41:43','0',1671403256519078138,NULL,NULL),(8977,1671403094153375898,'100001011001002004','2023-09-26 11:41:43','2023-09-26 11:41:43','0',1671403256519078138,NULL,NULL),(8978,1671403094153375898,'100001011001002','2023-09-26 11:41:43','2023-09-26 11:41:43','0',1671403256519078138,NULL,NULL),(8979,1671403094153375898,'100001011001001','2023-09-26 11:41:43','2023-09-26 11:41:43','0',1671403256519078138,NULL,NULL),(8980,1671403094153375898,'100001018001000','2023-09-26 11:41:43','2023-09-26 11:41:43','0',1671403256519078138,NULL,NULL),(8981,1671403094153375898,'100001018001001','2023-09-26 11:41:43','2023-09-26 11:41:43','0',1671403256519078138,NULL,NULL),(8982,1671403094153375898,'100001018001001001','2023-09-26 11:41:43','2023-09-26 11:41:43','0',1671403256519078138,NULL,NULL),(8983,1671403094153375898,'100001018001001002','2023-09-26 11:41:43','2023-09-26 11:41:43','0',1671403256519078138,NULL,NULL),(8984,1671403094153375898,'100001018000000','2023-09-26 11:41:43','2023-09-26 11:41:43','0',1671403256519078138,NULL,NULL),(9367,1671403094153375826,'100001006001002005','2023-09-26 11:51:24','2023-09-26 11:51:24','0',1671403256519078138,NULL,NULL),(9368,1671403094153375826,'100001006001002003','2023-09-26 11:51:24','2023-09-26 11:51:24','0',1671403256519078138,NULL,NULL),(9369,1671403094153375826,'100001006001002004','2023-09-26 11:51:24','2023-09-26 11:51:24','0',1671403256519078138,NULL,NULL),(9370,1671403094153375826,'100001006001002001','2023-09-26 11:51:24','2023-09-26 11:51:24','0',1671403256519078138,NULL,NULL),(9371,1671403094153375826,'100001006001002002','2023-09-26 11:51:24','2023-09-26 11:51:24','0',1671403256519078138,NULL,NULL),(9372,1671403094153375826,'100001011001000','2023-09-26 11:51:24','2023-09-26 11:51:24','0',1671403256519078138,NULL,NULL),(9373,1671403094153375826,'100001005000000','2023-09-26 11:51:24','2023-09-26 11:51:24','0',1671403256519078138,NULL,NULL),(9374,1671403094153375826,'100001015000000','2023-09-26 11:51:24','2023-09-26 11:51:24','0',1671403256519078138,NULL,NULL),(9375,1671403094153375826,'100001011001002','2023-09-26 11:51:24','2023-09-26 11:51:24','0',1671403256519078138,NULL,NULL),(9376,1671403094153375826,'100001011001001','2023-09-26 11:51:24','2023-09-26 11:51:24','0',1671403256519078138,NULL,NULL),(9377,1671403094153375826,'100001012000000','2023-09-26 11:51:24','2023-09-26 11:51:24','0',1671403256519078138,NULL,NULL),(9378,1671403094153375826,'100001002000000','2023-09-26 11:51:24','2023-09-26 11:51:24','0',1671403256519078138,NULL,NULL),(9379,1671403094153375826,'100001008002000','2023-09-26 11:51:24','2023-09-26 11:51:24','0',1671403256519078138,NULL,NULL),(9380,1671403094153375826,'100001018000000','2023-09-26 11:51:24','2023-09-26 11:51:24','0',1671403256519078138,NULL,NULL),(9381,1671403094153375826,'100001003002002003','2023-09-26 11:51:24','2023-09-26 11:51:24','0',1671403256519078138,NULL,NULL),(9382,1671403094153375826,'100001003002002004','2023-09-26 11:51:24','2023-09-26 11:51:24','0',1671403256519078138,NULL,NULL),(9383,1671403094153375826,'100001003002002005','2023-09-26 11:51:24','2023-09-26 11:51:24','0',1671403256519078138,NULL,NULL),(9384,1671403094153375826,'100001018001001001','2023-09-26 11:51:24','2023-09-26 11:51:24','0',1671403256519078138,NULL,NULL),(9385,1671403094153375826,'100001018001001002','2023-09-26 11:51:24','2023-09-26 11:51:24','0',1671403256519078138,NULL,NULL),(9386,1671403094153375826,'100001015002003005','2023-09-26 11:51:24','2023-09-26 11:51:24','0',1671403256519078138,NULL,NULL),(9387,1671403094153375826,'100001003001000','2023-09-26 11:51:24','2023-09-26 11:51:24','0',1671403256519078138,NULL,NULL),(9388,1671403094153375826,'100001002001001001','2023-09-26 11:51:24','2023-09-26 11:51:24','0',1671403256519078138,NULL,NULL),(9389,1671403094153375826,'100001003001001','2023-09-26 11:51:24','2023-09-26 11:51:24','0',1671403256519078138,NULL,NULL),(9390,1671403094153375826,'100001010000000','2023-09-26 11:51:24','2023-09-26 11:51:24','0',1671403256519078138,NULL,NULL),(9391,1671403094153375826,'100001005002000','2023-09-26 11:51:24','2023-09-26 11:51:24','0',1671403256519078138,NULL,NULL),(9392,1671403094153375826,'100001011001002001','2023-09-26 11:51:24','2023-09-26 11:51:24','0',1671403256519078138,NULL,NULL),(9393,1671403094153375826,'100001005002001','2023-09-26 11:51:24','2023-09-26 11:51:24','0',1671403256519078138,NULL,NULL),(9394,1671403094153375826,'100001011001002002','2023-09-26 11:51:24','2023-09-26 11:51:24','0',1671403256519078138,NULL,NULL),(9395,1671403094153375826,'100001003002002001','2023-09-26 11:51:24','2023-09-26 11:51:24','0',1671403256519078138,NULL,NULL),(9396,1671403094153375826,'100001011001002003','2023-09-26 11:51:24','2023-09-26 11:51:24','0',1671403256519078138,NULL,NULL),(9397,1671403094153375826,'100001003002002002','2023-09-26 11:51:24','2023-09-26 11:51:24','0',1671403256519078138,NULL,NULL),(9398,1671403094153375826,'100001011001002004','2023-09-26 11:51:24','2023-09-26 11:51:24','0',1671403256519078138,NULL,NULL),(9399,1671403094153375826,'100001015001001004','2023-09-26 11:51:24','2023-09-26 11:51:24','0',1671403256519078138,NULL,NULL),(9400,1671403094153375826,'100001009001001003','2023-09-26 11:51:24','2023-09-26 11:51:24','0',1671403256519078138,NULL,NULL),(9401,1671403094153375826,'100001009001001','2023-09-26 11:51:24','2023-09-26 11:51:24','0',1671403256519078138,NULL,NULL),(9402,1671403094153375826,'100001009001000','2023-09-26 11:51:24','2023-09-26 11:51:24','0',1671403256519078138,NULL,NULL),(9403,1671403094153375826,'100001009001001001','2023-09-26 11:51:24','2023-09-26 11:51:24','0',1671403256519078138,NULL,NULL),(9404,1671403094153375826,'100001009001001002','2023-09-26 11:51:24','2023-09-26 11:51:24','0',1671403256519078138,NULL,NULL),(9405,1671403094153375826,'100001009001002','2023-09-26 11:51:24','2023-09-26 11:51:24','0',1671403256519078138,NULL,NULL),(9406,1671403094153375826,'100001015001001001','2023-09-26 11:51:24','2023-09-26 11:51:24','0',1671403256519078138,NULL,NULL),(9407,1671403094153375826,'100001015001001003','2023-09-26 11:51:24','2023-09-26 11:51:24','0',1671403256519078138,NULL,NULL),(9408,1671403094153375826,'100001015001001002','2023-09-26 11:51:24','2023-09-26 11:51:24','0',1671403256519078138,NULL,NULL),(9409,1671403094153375826,'100001008001002001','2023-09-26 11:51:24','2023-09-26 11:51:24','0',1671403256519078138,NULL,NULL),(9410,1671403094153375826,'100001006002000','2023-09-26 11:51:24','2023-09-26 11:51:24','0',1671403256519078138,NULL,NULL),(9411,1671403094153375826,'100001002001001','2023-09-26 11:51:24','2023-09-26 11:51:24','0',1671403256519078138,NULL,NULL),(9412,1671403094153375826,'100001015002003001','2023-09-26 11:51:24','2023-09-26 11:51:24','0',1671403256519078138,NULL,NULL),(9413,1671403094153375826,'100001002001002','2023-09-26 11:51:24','2023-09-26 11:51:24','0',1671403256519078138,NULL,NULL),(9414,1671403094153375826,'100001015002003002','2023-09-26 11:51:24','2023-09-26 11:51:24','0',1671403256519078138,NULL,NULL),(9415,1671403094153375826,'100001015002003003','2023-09-26 11:51:24','2023-09-26 11:51:24','0',1671403256519078138,NULL,NULL),(9416,1671403094153375826,'100001002001000','2023-09-26 11:51:24','2023-09-26 11:51:24','0',1671403256519078138,NULL,NULL),(9417,1671403094153375826,'100001015002003004','2023-09-26 11:51:24','2023-09-26 11:51:24','0',1671403256519078138,NULL,NULL),(9418,1671403094153375826,'100001009000000','2023-09-26 11:51:24','2023-09-26 11:51:24','0',1671403256519078138,NULL,NULL),(9419,1671403094153375826,'100001018001000','2023-09-26 11:51:24','2023-09-26 11:51:24','0',1671403256519078138,NULL,NULL),(9420,1671403094153375826,'100001018001001','2023-09-26 11:51:24','2023-09-26 11:51:24','0',1671403256519078138,NULL,NULL),(9421,1671403094153375826,'100001008001000','2023-09-26 11:51:24','2023-09-26 11:51:24','0',1671403256519078138,NULL,NULL),(9422,1671403094153375826,'100001003002001002','2023-09-26 11:51:24','2023-09-26 11:51:24','0',1671403256519078138,NULL,NULL),(9423,1671403094153375826,'100001003002001003','2023-09-26 11:51:24','2023-09-26 11:51:24','0',1671403256519078138,NULL,NULL),(9424,1671403094153375826,'100001003002001004','2023-09-26 11:51:24','2023-09-26 11:51:24','0',1671403256519078138,NULL,NULL),(9425,1671403094153375826,'100001008001002','2023-09-26 11:51:24','2023-09-26 11:51:24','0',1671403256519078138,NULL,NULL),(9426,1671403094153375826,'100001003002001005','2023-09-26 11:51:24','2023-09-26 11:51:24','0',1671403256519078138,NULL,NULL),(9427,1671403094153375826,'100001008001001','2023-09-26 11:51:24','2023-09-26 11:51:24','0',1671403256519078138,NULL,NULL),(9428,1671403094153375826,'100001003002001006','2023-09-26 11:51:24','2023-09-26 11:51:24','0',1671403256519078138,NULL,NULL),(9429,1671403094153375826,'100001009001002001','2023-09-26 11:51:24','2023-09-26 11:51:24','0',1671403256519078138,NULL,NULL),(9430,1671403094153375826,'100001003002001007','2023-09-26 11:51:24','2023-09-26 11:51:24','0',1671403256519078138,NULL,NULL),(9431,1671403094153375826,'100001003002001008','2023-09-26 11:51:24','2023-09-26 11:51:24','0',1671403256519078138,NULL,NULL),(9432,1671403094153375826,'100001003002001009','2023-09-26 11:51:24','2023-09-26 11:51:24','0',1671403256519078138,NULL,NULL),(9433,1671403094153375826,'100001003002001010','2023-09-26 11:51:24','2023-09-26 11:51:24','0',1671403256519078138,NULL,NULL),(9434,1671403094153375826,'100001006001001004','2023-09-26 11:51:24','2023-09-26 11:51:24','0',1671403256519078138,NULL,NULL),(9435,1671403094153375826,'100001006001001005','2023-09-26 11:51:24','2023-09-26 11:51:24','0',1671403256519078138,NULL,NULL),(9436,1671403094153375826,'100001006001001002','2023-09-26 11:51:24','2023-09-26 11:51:24','0',1671403256519078138,NULL,NULL),(9437,1671403094153375826,'100001006001001003','2023-09-26 11:51:24','2023-09-26 11:51:24','0',1671403256519078138,NULL,NULL),(9438,1671403094153375826,'100001006001001001','2023-09-26 11:51:24','2023-09-26 11:51:24','0',1671403256519078138,NULL,NULL),(9439,1671403094153375826,'100001003000000','2023-09-26 11:51:24','2023-09-26 11:51:24','0',1671403256519078138,NULL,NULL),(9440,1671403094153375826,'100001006000000','2023-09-26 11:51:24','2023-09-26 11:51:24','0',1671403256519078138,NULL,NULL),(9441,1671403094153375826,'100001015001000','2023-09-26 11:51:24','2023-09-26 11:51:24','0',1671403256519078138,NULL,NULL),(9442,1671403094153375826,'100001015001001','2023-09-26 11:51:24','2023-09-26 11:51:24','0',1671403256519078138,NULL,NULL),(9443,1671403094153375826,'100001003002001001','2023-09-26 11:51:24','2023-09-26 11:51:24','0',1671403256519078138,NULL,NULL),(9444,1671403094153375826,'100001011000000','2023-09-26 11:51:24','2023-09-26 11:51:24','0',1671403256519078138,NULL,NULL),(9445,1671403094153375826,'100001012001001','2023-09-26 11:51:24','2023-09-26 11:51:24','0',1671403256519078138,NULL,NULL),(9446,1671403094153375826,'100001012001000','2023-09-26 11:51:24','2023-09-26 11:51:24','0',1671403256519078138,NULL,NULL),(9447,1671403094153375826,'100001005001001002','2023-09-26 11:51:24','2023-09-26 11:51:24','0',1671403256519078138,NULL,NULL),(9448,1671403094153375826,'100001008001001001','2023-09-26 11:51:24','2023-09-26 11:51:24','0',1671403256519078138,NULL,NULL),(9449,1671403094153375826,'100001008001001003','2023-09-26 11:51:24','2023-09-26 11:51:24','0',1671403256519078138,NULL,NULL),(9450,1671403094153375826,'100001005001001003','2023-09-26 11:51:24','2023-09-26 11:51:24','0',1671403256519078138,NULL,NULL),(9451,1671403094153375826,'100001008001001002','2023-09-26 11:51:24','2023-09-26 11:51:24','0',1671403256519078138,NULL,NULL),(9452,1671403094153375826,'100001008001001004','2023-09-26 11:51:24','2023-09-26 11:51:24','0',1671403256519078138,NULL,NULL),(9453,1671403094153375826,'100001015002000','2023-09-26 11:51:24','2023-09-26 11:51:24','0',1671403256519078138,NULL,NULL),(9454,1671403094153375826,'100001006001002','2023-09-26 11:51:24','2023-09-26 11:51:24','0',1671403256519078138,NULL,NULL),(9455,1671403094153375826,'100001006001001','2023-09-26 11:51:24','2023-09-26 11:51:24','0',1671403256519078138,NULL,NULL),(9456,1671403094153375826,'100001006001000','2023-09-26 11:51:24','2023-09-26 11:51:24','0',1671403256519078138,NULL,NULL),(9457,1671403094153375826,'100001015002002','2023-09-26 11:51:24','2023-09-26 11:51:24','0',1671403256519078138,NULL,NULL),(9458,1671403094153375826,'100001015002003','2023-09-26 11:51:24','2023-09-26 11:51:24','0',1671403256519078138,NULL,NULL),(9459,1671403094153375826,'100001006002002003','2023-09-26 11:51:24','2023-09-26 11:51:24','0',1671403256519078138,NULL,NULL),(9460,1671403094153375826,'100001006002002002','2023-09-26 11:51:24','2023-09-26 11:51:24','0',1671403256519078138,NULL,NULL),(9461,1671403094153375826,'100001006002002004','2023-09-26 11:51:24','2023-09-26 11:51:24','0',1671403256519078138,NULL,NULL),(9462,1671403094153375826,'100001015002002001','2023-09-26 11:51:24','2023-09-26 11:51:24','0',1671403256519078138,NULL,NULL),(9463,1671403094153375826,'100001006002002001','2023-09-26 11:51:24','2023-09-26 11:51:24','0',1671403256519078138,NULL,NULL),(9464,1671403094153375826,'100001006001003','2023-09-26 11:51:24','2023-09-26 11:51:24','0',1671403256519078138,NULL,NULL),(9465,1671403094153375826,'100001003002003','2023-09-26 11:51:24','2023-09-26 11:51:24','0',1671403256519078138,NULL,NULL),(9466,1671403094153375826,'100001006001003004','2023-09-26 11:51:24','2023-09-26 11:51:24','0',1671403256519078138,NULL,NULL),(9467,1671403094153375826,'100001006001003003','2023-09-26 11:51:24','2023-09-26 11:51:24','0',1671403256519078138,NULL,NULL),(9468,1671403094153375826,'100001003002000','2023-09-26 11:51:24','2023-09-26 11:51:24','0',1671403256519078138,NULL,NULL),(9469,1671403094153375826,'100001005002001002','2023-09-26 11:51:24','2023-09-26 11:51:24','0',1671403256519078138,NULL,NULL),(9470,1671403094153375826,'100001006001003002','2023-09-26 11:51:24','2023-09-26 11:51:24','0',1671403256519078138,NULL,NULL),(9471,1671403094153375826,'100001005002001001','2023-09-26 11:51:24','2023-09-26 11:51:24','0',1671403256519078138,NULL,NULL),(9472,1671403094153375826,'100001006001003001','2023-09-26 11:51:24','2023-09-26 11:51:24','0',1671403256519078138,NULL,NULL),(9473,1671403094153375826,'100001003002002','2023-09-26 11:51:24','2023-09-26 11:51:24','0',1671403256519078138,NULL,NULL),(9474,1671403094153375826,'100001002001002001','2023-09-26 11:51:24','2023-09-26 11:51:24','0',1671403256519078138,NULL,NULL),(9475,1671403094153375826,'100001003002001','2023-09-26 11:51:24','2023-09-26 11:51:24','0',1671403256519078138,NULL,NULL),(9476,1671403094153375826,'100001008000000','2023-09-26 11:51:24','2023-09-26 11:51:24','0',1671403256519078138,NULL,NULL),(9477,1671403094153375826,'100001010001001','2023-09-26 11:51:24','2023-09-26 11:51:24','0',1671403256519078138,NULL,NULL),(9478,1671403094153375826,'100001010001000','2023-09-26 11:51:24','2023-09-26 11:51:24','0',1671403256519078138,NULL,NULL),(9479,1671403094153375826,'100001011001001002','2023-09-26 11:51:24','2023-09-26 11:51:24','0',1671403256519078138,NULL,NULL),(9480,1671403094153375826,'100001011001001001','2023-09-26 11:51:24','2023-09-26 11:51:24','0',1671403256519078138,NULL,NULL),(9481,1671403094153375826,'100001005001001','2023-09-26 11:51:24','2023-09-26 11:51:24','0',1671403256519078138,NULL,NULL),(9482,1671403094153375826,'100001005001000','2023-09-26 11:51:24','2023-09-26 11:51:24','0',1671403256519078138,NULL,NULL),(9483,1671403094153375826,'100001001000000','2023-09-26 11:51:24','2023-09-26 11:51:24','0',1671403256519078138,NULL,NULL),(9547,1671403094153375904,'100001012000000','2023-09-26 11:57:22','2023-09-26 11:57:22','0',1671403256519078138,NULL,NULL),(9548,1671403094153375904,'100001012001000','2023-09-26 11:57:22','2023-09-26 11:57:22','0',1671403256519078138,NULL,NULL),(9549,1671403094153375904,'100001012001001','2023-09-26 11:57:22','2023-09-26 11:57:22','0',1671403256519078138,NULL,NULL),(9550,1671403094153375904,'100001009000000','2023-09-26 11:57:22','2023-09-26 11:57:22','0',1671403256519078138,NULL,NULL),(9551,1671403094153375904,'100001009001000','2023-09-26 11:57:22','2023-09-26 11:57:22','0',1671403256519078138,NULL,NULL),(9552,1671403094153375904,'100001009001001','2023-09-26 11:57:22','2023-09-26 11:57:22','0',1671403256519078138,NULL,NULL),(9553,1671403094153375904,'100001009001002','2023-09-26 11:57:22','2023-09-26 11:57:22','0',1671403256519078138,NULL,NULL),(9554,1671403094153375904,'100001009001001001','2023-09-26 11:57:22','2023-09-26 11:57:22','0',1671403256519078138,NULL,NULL),(9555,1671403094153375904,'100001009001001002','2023-09-26 11:57:22','2023-09-26 11:57:22','0',1671403256519078138,NULL,NULL),(9556,1671403094153375904,'100001009001001003','2023-09-26 11:57:22','2023-09-26 11:57:22','0',1671403256519078138,NULL,NULL),(9557,1671403094153375904,'100001009001002001','2023-09-26 11:57:22','2023-09-26 11:57:22','0',1671403256519078138,NULL,NULL),(9558,1671403094153375904,'100001018000000','2023-09-26 11:57:22','2023-09-26 11:57:22','0',1671403256519078138,NULL,NULL),(9559,1671403094153375904,'100001018001000','2023-09-26 11:57:22','2023-09-26 11:57:22','0',1671403256519078138,NULL,NULL),(9560,1671403094153375904,'100001018001001','2023-09-26 11:57:22','2023-09-26 11:57:22','0',1671403256519078138,NULL,NULL),(9561,1671403094153375904,'100001018001001001','2023-09-26 11:57:22','2023-09-26 11:57:22','0',1671403256519078138,NULL,NULL),(9562,1671403094153375904,'100001018001001002','2023-09-26 11:57:22','2023-09-26 11:57:22','0',1671403256519078138,NULL,NULL),(9563,1671403094153375905,'100001012000000','2023-09-26 11:57:57','2023-09-26 11:57:57','0',1671403256519078138,NULL,NULL),(9564,1671403094153375905,'100001012001000','2023-09-26 11:57:57','2023-09-26 11:57:57','0',1671403256519078138,NULL,NULL),(9565,1671403094153375905,'100001012001001','2023-09-26 11:57:57','2023-09-26 11:57:57','0',1671403256519078138,NULL,NULL),(9566,1671403094153375905,'100001009000000','2023-09-26 11:57:57','2023-09-26 11:57:57','0',1671403256519078138,NULL,NULL),(9567,1671403094153375905,'100001009001000','2023-09-26 11:57:57','2023-09-26 11:57:57','0',1671403256519078138,NULL,NULL),(9568,1671403094153375905,'100001009001001','2023-09-26 11:57:57','2023-09-26 11:57:57','0',1671403256519078138,NULL,NULL),(9569,1671403094153375905,'100001009001002','2023-09-26 11:57:57','2023-09-26 11:57:57','0',1671403256519078138,NULL,NULL),(9570,1671403094153375905,'100001009001002001','2023-09-26 11:57:57','2023-09-26 11:57:57','0',1671403256519078138,NULL,NULL),(9571,1671403094153375905,'100001009001001001','2023-09-26 11:57:57','2023-09-26 11:57:57','0',1671403256519078138,NULL,NULL),(9572,1671403094153375905,'100001009001001002','2023-09-26 11:57:57','2023-09-26 11:57:57','0',1671403256519078138,NULL,NULL),(9573,1671403094153375905,'100001009001001003','2023-09-26 11:57:57','2023-09-26 11:57:57','0',1671403256519078138,NULL,NULL),(9574,1671403094153375905,'100001018000000','2023-09-26 11:57:57','2023-09-26 11:57:57','0',1671403256519078138,NULL,NULL),(9575,1671403094153375905,'100001018001000','2023-09-26 11:57:57','2023-09-26 11:57:57','0',1671403256519078138,NULL,NULL),(9576,1671403094153375905,'100001018001001','2023-09-26 11:57:57','2023-09-26 11:57:57','0',1671403256519078138,NULL,NULL),(9577,1671403094153375905,'100001018001001001','2023-09-26 11:57:57','2023-09-26 11:57:57','0',1671403256519078138,NULL,NULL),(9578,1671403094153375905,'100001018001001002','2023-09-26 11:57:57','2023-09-26 11:57:57','0',1671403256519078138,NULL,NULL),(9579,1671403094153375903,'100001012000000','2023-09-26 12:00:51','2023-09-26 12:00:51','0',1671403256519078138,NULL,NULL),(9580,1671403094153375903,'100001012001000','2023-09-26 12:00:51','2023-09-26 12:00:51','0',1671403256519078138,NULL,NULL),(9581,1671403094153375903,'100001012001001','2023-09-26 12:00:51','2023-09-26 12:00:51','0',1671403256519078138,NULL,NULL),(9582,1671403094153375903,'100001009000000','2023-09-26 12:00:51','2023-09-26 12:00:51','0',1671403256519078138,NULL,NULL),(9583,1671403094153375903,'100001009001000','2023-09-26 12:00:51','2023-09-26 12:00:51','0',1671403256519078138,NULL,NULL),(9584,1671403094153375903,'100001009001001','2023-09-26 12:00:51','2023-09-26 12:00:51','0',1671403256519078138,NULL,NULL),(9585,1671403094153375903,'100001009001001001','2023-09-26 12:00:51','2023-09-26 12:00:51','0',1671403256519078138,NULL,NULL),(9586,1671403094153375903,'100001009001001002','2023-09-26 12:00:51','2023-09-26 12:00:51','0',1671403256519078138,NULL,NULL),(9587,1671403094153375903,'100001009001001003','2023-09-26 12:00:51','2023-09-26 12:00:51','0',1671403256519078138,NULL,NULL),(9588,1671403094153375903,'100001009001002001','2023-09-26 12:00:51','2023-09-26 12:00:51','0',1671403256519078138,NULL,NULL),(9589,1671403094153375903,'100001009001002','2023-09-26 12:00:51','2023-09-26 12:00:51','0',1671403256519078138,NULL,NULL),(9590,1671403094153375903,'100001018001000','2023-09-26 12:00:51','2023-09-26 12:00:51','0',1671403256519078138,NULL,NULL),(9591,1671403094153375903,'100001018000000','2023-09-26 12:00:51','2023-09-26 12:00:51','0',1671403256519078138,NULL,NULL),(9592,1671403094153375903,'100001018001001','2023-09-26 12:00:51','2023-09-26 12:00:51','0',1671403256519078138,NULL,NULL),(9593,1671403094153375903,'100001018001001001','2023-09-26 12:00:51','2023-09-26 12:00:51','0',1671403256519078138,NULL,NULL),(9594,1671403094153375903,'100001018001001002','2023-09-26 12:00:51','2023-09-26 12:00:51','0',1671403256519078138,NULL,NULL),(9644,1671403094153375899,'100001018001000','2023-09-26 12:01:46','2023-09-26 12:01:46','0',1671403256519078138,NULL,NULL),(9645,1671403094153375899,'100001018001001','2023-09-26 12:01:46','2023-09-26 12:01:46','0',1671403256519078138,NULL,NULL),(9646,1671403094153375899,'100001018000000','2023-09-26 12:01:46','2023-09-26 12:01:46','0',1671403256519078138,NULL,NULL),(9647,1671403094153375899,'100001005002001002','2023-09-26 12:01:46','2023-09-26 12:01:46','0',1671403256519078138,NULL,NULL),(9648,1671403094153375899,'100001011001000','2023-09-26 12:01:46','2023-09-26 12:01:46','0',1671403256519078138,NULL,NULL),(9649,1671403094153375899,'100001005001001002','2023-09-26 12:01:46','2023-09-26 12:01:46','0',1671403256519078138,NULL,NULL),(9650,1671403094153375899,'100001005001001003','2023-09-26 12:01:46','2023-09-26 12:01:46','0',1671403256519078138,NULL,NULL),(9651,1671403094153375899,'100001010001001','2023-09-26 12:01:46','2023-09-26 12:01:46','0',1671403256519078138,NULL,NULL),(9652,1671403094153375899,'100001010001000','2023-09-26 12:01:46','2023-09-26 12:01:46','0',1671403256519078138,NULL,NULL),(9653,1671403094153375899,'100001010000000','2023-09-26 12:01:46','2023-09-26 12:01:46','0',1671403256519078138,NULL,NULL),(9654,1671403094153375899,'100001011001001002','2023-09-26 12:01:46','2023-09-26 12:01:46','0',1671403256519078138,NULL,NULL),(9655,1671403094153375899,'100001005002000','2023-09-26 12:01:46','2023-09-26 12:01:46','0',1671403256519078138,NULL,NULL),(9656,1671403094153375899,'100001005001001','2023-09-26 12:01:46','2023-09-26 12:01:46','0',1671403256519078138,NULL,NULL),(9657,1671403094153375899,'100001005001000','2023-09-26 12:01:46','2023-09-26 12:01:46','0',1671403256519078138,NULL,NULL),(9658,1671403094153375899,'100001005002001','2023-09-26 12:01:46','2023-09-26 12:01:46','0',1671403256519078138,NULL,NULL),(9659,1671403094153375899,'100001005000000','2023-09-26 12:01:46','2023-09-26 12:01:46','0',1671403256519078138,NULL,NULL),(9660,1671403094153375899,'100001011001002003','2023-09-26 12:01:46','2023-09-26 12:01:46','0',1671403256519078138,NULL,NULL),(9661,1671403094153375899,'100001011001002004','2023-09-26 12:01:46','2023-09-26 12:01:46','0',1671403256519078138,NULL,NULL),(9662,1671403094153375899,'100001011001002','2023-09-26 12:01:46','2023-09-26 12:01:46','0',1671403256519078138,NULL,NULL),(9663,1671403094153375899,'100001011000000','2023-09-26 12:01:46','2023-09-26 12:01:46','0',1671403256519078138,NULL,NULL),(9664,1671403094153375899,'100001011001001','2023-09-26 12:01:46','2023-09-26 12:01:46','0',1671403256519078138,NULL,NULL),(9665,1671403094153375899,'100001012000000','2023-09-26 12:01:46','2023-09-26 12:01:46','0',1671403256519078138,NULL,NULL),(9666,1671403094153375899,'100001012001001','2023-09-26 12:01:46','2023-09-26 12:01:46','0',1671403256519078138,NULL,NULL),(9667,1671403094153375899,'100001012001000','2023-09-26 12:01:46','2023-09-26 12:01:46','0',1671403256519078138,NULL,NULL),(9668,1671403094153375899,'100001018001001001','2023-09-26 12:01:46','2023-09-26 12:01:46','0',1671403256519078138,NULL,NULL),(9669,1671403094153375899,'100001018001001002','2023-09-26 12:01:46','2023-09-26 12:01:46','0',1671403256519078138,NULL,NULL),(9670,1671403094153375897,'100001018001000','2023-09-26 12:01:54','2023-09-26 12:01:54','0',1671403256519078138,NULL,NULL),(9671,1671403094153375897,'100001018001001','2023-09-26 12:01:54','2023-09-26 12:01:54','0',1671403256519078138,NULL,NULL),(9672,1671403094153375897,'100001018000000','2023-09-26 12:01:54','2023-09-26 12:01:54','0',1671403256519078138,NULL,NULL),(9673,1671403094153375897,'100001005002001002','2023-09-26 12:01:54','2023-09-26 12:01:54','0',1671403256519078138,NULL,NULL),(9674,1671403094153375897,'100001011001000','2023-09-26 12:01:54','2023-09-26 12:01:54','0',1671403256519078138,NULL,NULL),(9675,1671403094153375897,'100001005001001002','2023-09-26 12:01:54','2023-09-26 12:01:54','0',1671403256519078138,NULL,NULL),(9676,1671403094153375897,'100001005001001003','2023-09-26 12:01:54','2023-09-26 12:01:54','0',1671403256519078138,NULL,NULL),(9677,1671403094153375897,'100001010001001','2023-09-26 12:01:54','2023-09-26 12:01:54','0',1671403256519078138,NULL,NULL),(9678,1671403094153375897,'100001010001000','2023-09-26 12:01:54','2023-09-26 12:01:54','0',1671403256519078138,NULL,NULL),(9679,1671403094153375897,'100001010000000','2023-09-26 12:01:54','2023-09-26 12:01:54','0',1671403256519078138,NULL,NULL),(9680,1671403094153375897,'100001011001001002','2023-09-26 12:01:54','2023-09-26 12:01:54','0',1671403256519078138,NULL,NULL),(9681,1671403094153375897,'100001005002000','2023-09-26 12:01:54','2023-09-26 12:01:54','0',1671403256519078138,NULL,NULL),(9682,1671403094153375897,'100001005001001','2023-09-26 12:01:54','2023-09-26 12:01:54','0',1671403256519078138,NULL,NULL),(9683,1671403094153375897,'100001005001000','2023-09-26 12:01:54','2023-09-26 12:01:54','0',1671403256519078138,NULL,NULL),(9684,1671403094153375897,'100001005002001','2023-09-26 12:01:54','2023-09-26 12:01:54','0',1671403256519078138,NULL,NULL),(9685,1671403094153375897,'100001005000000','2023-09-26 12:01:54','2023-09-26 12:01:54','0',1671403256519078138,NULL,NULL),(9686,1671403094153375897,'100001011001002003','2023-09-26 12:01:54','2023-09-26 12:01:54','0',1671403256519078138,NULL,NULL),(9687,1671403094153375897,'100001011001002004','2023-09-26 12:01:54','2023-09-26 12:01:54','0',1671403256519078138,NULL,NULL),(9688,1671403094153375897,'100001011001002','2023-09-26 12:01:54','2023-09-26 12:01:54','0',1671403256519078138,NULL,NULL),(9689,1671403094153375897,'100001011000000','2023-09-26 12:01:54','2023-09-26 12:01:54','0',1671403256519078138,NULL,NULL),(9690,1671403094153375897,'100001011001001','2023-09-26 12:01:54','2023-09-26 12:01:54','0',1671403256519078138,NULL,NULL),(9691,1671403094153375897,'100001012001001','2023-09-26 12:01:54','2023-09-26 12:01:54','0',1671403256519078138,NULL,NULL),(9692,1671403094153375897,'100001012000000','2023-09-26 12:01:54','2023-09-26 12:01:54','0',1671403256519078138,NULL,NULL),(9693,1671403094153375897,'100001012001000','2023-09-26 12:01:54','2023-09-26 12:01:54','0',1671403256519078138,NULL,NULL),(9694,1671403094153375897,'100001018001001001','2023-09-26 12:01:54','2023-09-26 12:01:54','0',1671403256519078138,NULL,NULL),(9695,1671403094153375897,'100001018001001002','2023-09-26 12:01:54','2023-09-26 12:01:54','0',1671403256519078138,NULL,NULL),(9734,1671403094153375895,'100001018001000','2023-09-26 12:02:08','2023-09-26 12:02:08','0',1671403256519078138,NULL,NULL),(9735,1671403094153375895,'100001018001001','2023-09-26 12:02:08','2023-09-26 12:02:08','0',1671403256519078138,NULL,NULL),(9736,1671403094153375895,'100001011001000','2023-09-26 12:02:08','2023-09-26 12:02:08','0',1671403256519078138,NULL,NULL),(9737,1671403094153375895,'100001005001001003','2023-09-26 12:02:08','2023-09-26 12:02:08','0',1671403256519078138,NULL,NULL),(9738,1671403094153375895,'100001015002000','2023-09-26 12:02:08','2023-09-26 12:02:08','0',1671403256519078138,NULL,NULL),(9739,1671403094153375895,'100001005002000','2023-09-26 12:02:08','2023-09-26 12:02:08','0',1671403256519078138,NULL,NULL),(9740,1671403094153375895,'100001011001002001','2023-09-26 12:02:08','2023-09-26 12:02:08','0',1671403256519078138,NULL,NULL),(9741,1671403094153375895,'100001005002001','2023-09-26 12:02:08','2023-09-26 12:02:08','0',1671403256519078138,NULL,NULL),(9742,1671403094153375895,'100001005000000','2023-09-26 12:02:08','2023-09-26 12:02:08','0',1671403256519078138,NULL,NULL),(9743,1671403094153375895,'100001011001002002','2023-09-26 12:02:08','2023-09-26 12:02:08','0',1671403256519078138,NULL,NULL),(9744,1671403094153375895,'100001015000000','2023-09-26 12:02:08','2023-09-26 12:02:08','0',1671403256519078138,NULL,NULL),(9745,1671403094153375895,'100001015002002','2023-09-26 12:02:08','2023-09-26 12:02:08','0',1671403256519078138,NULL,NULL),(9746,1671403094153375895,'100001006002002003','2023-09-26 12:02:08','2023-09-26 12:02:08','0',1671403256519078138,NULL,NULL),(9747,1671403094153375895,'100001011001002','2023-09-26 12:02:08','2023-09-26 12:02:08','0',1671403256519078138,NULL,NULL),(9748,1671403094153375895,'100001006002002002','2023-09-26 12:02:08','2023-09-26 12:02:08','0',1671403256519078138,NULL,NULL),(9749,1671403094153375895,'100001011001001','2023-09-26 12:02:08','2023-09-26 12:02:08','0',1671403256519078138,NULL,NULL),(9750,1671403094153375895,'100001006002002004','2023-09-26 12:02:08','2023-09-26 12:02:08','0',1671403256519078138,NULL,NULL),(9751,1671403094153375895,'100001015002002001','2023-09-26 12:02:08','2023-09-26 12:02:08','0',1671403256519078138,NULL,NULL),(9752,1671403094153375895,'100001006002002001','2023-09-26 12:02:08','2023-09-26 12:02:08','0',1671403256519078138,NULL,NULL),(9753,1671403094153375895,'100001012000000','2023-09-26 12:02:08','2023-09-26 12:02:08','0',1671403256519078138,NULL,NULL),(9754,1671403094153375895,'100001003002003','2023-09-26 12:02:08','2023-09-26 12:02:08','0',1671403256519078138,NULL,NULL),(9755,1671403094153375895,'100001018000000','2023-09-26 12:02:08','2023-09-26 12:02:08','0',1671403256519078138,NULL,NULL),(9756,1671403094153375895,'100001003002000','2023-09-26 12:02:08','2023-09-26 12:02:08','0',1671403256519078138,NULL,NULL),(9757,1671403094153375895,'100001005002001002','2023-09-26 12:02:08','2023-09-26 12:02:08','0',1671403256519078138,NULL,NULL),(9758,1671403094153375895,'100001005002001001','2023-09-26 12:02:08','2023-09-26 12:02:08','0',1671403256519078138,NULL,NULL),(9759,1671403094153375895,'100001003000000','2023-09-26 12:02:08','2023-09-26 12:02:08','0',1671403256519078138,NULL,NULL),(9760,1671403094153375895,'100001006000000','2023-09-26 12:02:08','2023-09-26 12:02:08','0',1671403256519078138,NULL,NULL),(9761,1671403094153375895,'100001006002002','2023-09-26 12:02:08','2023-09-26 12:02:08','0',1671403256519078138,NULL,NULL),(9762,1671403094153375895,'100001011001001002','2023-09-26 12:02:08','2023-09-26 12:02:08','0',1671403256519078138,NULL,NULL),(9763,1671403094153375895,'100001006002001','2023-09-26 12:02:08','2023-09-26 12:02:08','0',1671403256519078138,NULL,NULL),(9764,1671403094153375895,'100001011001001001','2023-09-26 12:02:08','2023-09-26 12:02:08','0',1671403256519078138,NULL,NULL),(9765,1671403094153375895,'100001006002000','2023-09-26 12:02:08','2023-09-26 12:02:08','0',1671403256519078138,NULL,NULL),(9766,1671403094153375895,'100001005001001','2023-09-26 12:02:08','2023-09-26 12:02:08','0',1671403256519078138,NULL,NULL),(9767,1671403094153375895,'100001005001000','2023-09-26 12:02:08','2023-09-26 12:02:08','0',1671403256519078138,NULL,NULL),(9768,1671403094153375895,'100001006002001001','2023-09-26 12:02:08','2023-09-26 12:02:08','0',1671403256519078138,NULL,NULL),(9769,1671403094153375895,'100001011000000','2023-09-26 12:02:08','2023-09-26 12:02:08','0',1671403256519078138,NULL,NULL),(9770,1671403094153375895,'100001006002001002','2023-09-26 12:02:08','2023-09-26 12:02:08','0',1671403256519078138,NULL,NULL),(9771,1671403094153375895,'100001012001001','2023-09-26 12:02:08','2023-09-26 12:02:08','0',1671403256519078138,NULL,NULL),(9772,1671403094153375895,'100001012001000','2023-09-26 12:02:08','2023-09-26 12:02:08','0',1671403256519078138,NULL,NULL),(9773,1671403094153375895,'100001018001001001','2023-09-26 12:02:08','2023-09-26 12:02:08','0',1671403256519078138,NULL,NULL),(9774,1671403094153375895,'100001018001001002','2023-09-26 12:02:08','2023-09-26 12:02:08','0',1671403256519078138,NULL,NULL),(9775,1671403094153375894,'100001018001000','2023-09-26 12:02:14','2023-09-26 12:02:14','0',1671403256519078138,NULL,NULL),(9776,1671403094153375894,'100001018001001','2023-09-26 12:02:14','2023-09-26 12:02:14','0',1671403256519078138,NULL,NULL),(9777,1671403094153375894,'100001011001000','2023-09-26 12:02:14','2023-09-26 12:02:14','0',1671403256519078138,NULL,NULL),(9778,1671403094153375894,'100001005001001003','2023-09-26 12:02:14','2023-09-26 12:02:14','0',1671403256519078138,NULL,NULL),(9779,1671403094153375894,'100001015002000','2023-09-26 12:02:14','2023-09-26 12:02:14','0',1671403256519078138,NULL,NULL),(9780,1671403094153375894,'100001005002000','2023-09-26 12:02:14','2023-09-26 12:02:14','0',1671403256519078138,NULL,NULL),(9781,1671403094153375894,'100001011001002001','2023-09-26 12:02:14','2023-09-26 12:02:14','0',1671403256519078138,NULL,NULL),(9782,1671403094153375894,'100001005002001','2023-09-26 12:02:14','2023-09-26 12:02:14','0',1671403256519078138,NULL,NULL),(9783,1671403094153375894,'100001005000000','2023-09-26 12:02:14','2023-09-26 12:02:14','0',1671403256519078138,NULL,NULL),(9784,1671403094153375894,'100001011001002002','2023-09-26 12:02:14','2023-09-26 12:02:14','0',1671403256519078138,NULL,NULL),(9785,1671403094153375894,'100001015000000','2023-09-26 12:02:14','2023-09-26 12:02:14','0',1671403256519078138,NULL,NULL),(9786,1671403094153375894,'100001015002002','2023-09-26 12:02:14','2023-09-26 12:02:14','0',1671403256519078138,NULL,NULL),(9787,1671403094153375894,'100001006002002003','2023-09-26 12:02:14','2023-09-26 12:02:14','0',1671403256519078138,NULL,NULL),(9788,1671403094153375894,'100001006002002002','2023-09-26 12:02:14','2023-09-26 12:02:14','0',1671403256519078138,NULL,NULL),(9789,1671403094153375894,'100001011001001','2023-09-26 12:02:14','2023-09-26 12:02:14','0',1671403256519078138,NULL,NULL),(9790,1671403094153375894,'100001006002002004','2023-09-26 12:02:14','2023-09-26 12:02:14','0',1671403256519078138,NULL,NULL),(9791,1671403094153375894,'100001015002002001','2023-09-26 12:02:14','2023-09-26 12:02:14','0',1671403256519078138,NULL,NULL),(9792,1671403094153375894,'100001006002002001','2023-09-26 12:02:14','2023-09-26 12:02:14','0',1671403256519078138,NULL,NULL),(9793,1671403094153375894,'100001012000000','2023-09-26 12:02:14','2023-09-26 12:02:14','0',1671403256519078138,NULL,NULL),(9794,1671403094153375894,'100001003002003','2023-09-26 12:02:14','2023-09-26 12:02:14','0',1671403256519078138,NULL,NULL),(9795,1671403094153375894,'100001018000000','2023-09-26 12:02:14','2023-09-26 12:02:14','0',1671403256519078138,NULL,NULL),(9796,1671403094153375894,'100001003002000','2023-09-26 12:02:14','2023-09-26 12:02:14','0',1671403256519078138,NULL,NULL),(9797,1671403094153375894,'100001005002001001','2023-09-26 12:02:14','2023-09-26 12:02:14','0',1671403256519078138,NULL,NULL),(9798,1671403094153375894,'100001003000000','2023-09-26 12:02:14','2023-09-26 12:02:14','0',1671403256519078138,NULL,NULL),(9799,1671403094153375894,'100001006000000','2023-09-26 12:02:14','2023-09-26 12:02:14','0',1671403256519078138,NULL,NULL),(9800,1671403094153375894,'100001006002002','2023-09-26 12:02:14','2023-09-26 12:02:14','0',1671403256519078138,NULL,NULL),(9801,1671403094153375894,'100001011001001002','2023-09-26 12:02:14','2023-09-26 12:02:14','0',1671403256519078138,NULL,NULL),(9802,1671403094153375894,'100001006002001','2023-09-26 12:02:14','2023-09-26 12:02:14','0',1671403256519078138,NULL,NULL),(9803,1671403094153375894,'100001011001001001','2023-09-26 12:02:14','2023-09-26 12:02:14','0',1671403256519078138,NULL,NULL),(9804,1671403094153375894,'100001006002000','2023-09-26 12:02:14','2023-09-26 12:02:14','0',1671403256519078138,NULL,NULL),(9805,1671403094153375894,'100001005001001','2023-09-26 12:02:14','2023-09-26 12:02:14','0',1671403256519078138,NULL,NULL),(9806,1671403094153375894,'100001005001000','2023-09-26 12:02:14','2023-09-26 12:02:14','0',1671403256519078138,NULL,NULL),(9807,1671403094153375894,'100001006002001001','2023-09-26 12:02:14','2023-09-26 12:02:14','0',1671403256519078138,NULL,NULL),(9808,1671403094153375894,'100001011000000','2023-09-26 12:02:14','2023-09-26 12:02:14','0',1671403256519078138,NULL,NULL),(9809,1671403094153375894,'100001006002001002','2023-09-26 12:02:14','2023-09-26 12:02:14','0',1671403256519078138,NULL,NULL),(9810,1671403094153375894,'100001012001001','2023-09-26 12:02:14','2023-09-26 12:02:14','0',1671403256519078138,NULL,NULL),(9811,1671403094153375894,'100001012001000','2023-09-26 12:02:14','2023-09-26 12:02:14','0',1671403256519078138,NULL,NULL),(9812,1671403094153375894,'100001018001001001','2023-09-26 12:02:14','2023-09-26 12:02:14','0',1671403256519078138,NULL,NULL),(9813,1671403094153375894,'100001018001001002','2023-09-26 12:02:14','2023-09-26 12:02:14','0',1671403256519078138,NULL,NULL),(9988,1671403094153375900,'100001005000000','2023-11-02 22:34:08','2023-11-02 22:34:08','0',1671403256519078138,NULL,NULL),(9989,1671403094153375900,'100001005001000','2023-11-02 22:34:08','2023-11-02 22:34:08','0',1671403256519078138,NULL,NULL),(9990,1671403094153375900,'100001005001001','2023-11-02 22:34:08','2023-11-02 22:34:08','0',1671403256519078138,NULL,NULL),(9991,1671403094153375900,'100001005001001002','2023-11-02 22:34:08','2023-11-02 22:34:08','0',1671403256519078138,NULL,NULL),(9992,1671403094153375900,'100001005001001003','2023-11-02 22:34:08','2023-11-02 22:34:08','0',1671403256519078138,NULL,NULL),(9993,1671403094153375900,'100001005002000','2023-11-02 22:34:08','2023-11-02 22:34:08','0',1671403256519078138,NULL,NULL),(9994,1671403094153375900,'100001005002001','2023-11-02 22:34:08','2023-11-02 22:34:08','0',1671403256519078138,NULL,NULL),(9995,1671403094153375900,'100001005002001001','2023-11-02 22:34:08','2023-11-02 22:34:08','0',1671403256519078138,NULL,NULL),(9996,1671403094153375900,'100001005002001002','2023-11-02 22:34:08','2023-11-02 22:34:08','0',1671403256519078138,NULL,NULL),(10036,1671403094153375907,'100001006001003001','2023-11-04 15:38:32','2023-11-04 15:38:32','0',1671403256519078138,NULL,NULL),(10037,1671403094153375907,'100001006001002','2023-11-04 15:38:32','2023-11-04 15:38:32','0',1671403256519078138,NULL,NULL),(10038,1671403094153375907,'100001006000000','2023-11-04 15:38:32','2023-11-04 15:38:32','0',1671403256519078138,NULL,NULL),(10039,1671403094153375907,'100001006001001','2023-11-04 15:38:32','2023-11-04 15:38:32','0',1671403256519078138,NULL,NULL),(10040,1671403094153375907,'100001006002002','2023-11-04 15:38:32','2023-11-04 15:38:32','0',1671403256519078138,NULL,NULL),(10041,1671403094153375907,'100001006002001','2023-11-04 15:38:32','2023-11-04 15:38:32','0',1671403256519078138,NULL,NULL),(10042,1671403094153375907,'100001006001000','2023-11-04 15:38:32','2023-11-04 15:38:32','0',1671403256519078138,NULL,NULL),(10043,1671403094153375907,'100001006002000','2023-11-04 15:38:32','2023-11-04 15:38:32','0',1671403256519078138,NULL,NULL),(10044,1671403094153375907,'100001006001003','2023-11-04 15:38:32','2023-11-04 15:38:32','0',1671403256519078138,NULL,NULL),(10045,1671403094153375907,'100001006001003002','2023-11-04 15:38:32','2023-11-04 15:38:32','0',1671403256519078138,NULL,NULL),(10046,1671403094153375907,'100001006001003003','2023-11-04 15:38:32','2023-11-04 15:38:32','0',1671403256519078138,NULL,NULL),(10047,1671403094153375907,'100001006001003004','2023-11-04 15:38:32','2023-11-04 15:38:32','0',1671403256519078138,NULL,NULL),(10048,1671403094153375907,'100001006001003005','2023-11-04 15:38:32','2023-11-04 15:38:32','0',1671403256519078138,NULL,NULL),(10049,1671403094153375907,'100001006001002001','2023-11-04 15:38:32','2023-11-04 15:38:32','0',1671403256519078138,NULL,NULL),(10050,1671403094153375907,'100001006001002002','2023-11-04 15:38:32','2023-11-04 15:38:32','0',1671403256519078138,NULL,NULL),(10051,1671403094153375907,'100001006001002003','2023-11-04 15:38:32','2023-11-04 15:38:32','0',1671403256519078138,NULL,NULL),(10052,1671403094153375907,'100001006001002004','2023-11-04 15:38:32','2023-11-04 15:38:32','0',1671403256519078138,NULL,NULL),(10053,1671403094153375907,'100001006001002005','2023-11-04 15:38:32','2023-11-04 15:38:32','0',1671403256519078138,NULL,NULL),(10054,1671403094153375907,'100001006001002006','2023-11-04 15:38:32','2023-11-04 15:38:32','0',1671403256519078138,NULL,NULL),(10055,1671403094153375907,'100001006001001001','2023-11-04 15:38:32','2023-11-04 15:38:32','0',1671403256519078138,NULL,NULL),(10056,1671403094153375907,'100001006001001002','2023-11-04 15:38:32','2023-11-04 15:38:32','0',1671403256519078138,NULL,NULL),(10057,1671403094153375907,'100001006001001003','2023-11-04 15:38:32','2023-11-04 15:38:32','0',1671403256519078138,NULL,NULL),(10058,1671403094153375907,'100001006001001004','2023-11-04 15:38:32','2023-11-04 15:38:32','0',1671403256519078138,NULL,NULL),(10059,1671403094153375907,'100001006001001005','2023-11-04 15:38:32','2023-11-04 15:38:32','0',1671403256519078138,NULL,NULL),(10060,1671403094153375907,'100001006001001006','2023-11-04 15:38:32','2023-11-04 15:38:32','0',1671403256519078138,NULL,NULL),(10061,1671403094153375907,'100001006001001007','2023-11-04 15:38:32','2023-11-04 15:38:32','0',1671403256519078138,NULL,NULL),(10062,1671403094153375907,'100001006002001001','2023-11-04 15:38:32','2023-11-04 15:38:32','0',1671403256519078138,NULL,NULL),(10063,1671403094153375907,'100001006002001002','2023-11-04 15:38:32','2023-11-04 15:38:32','0',1671403256519078138,NULL,NULL),(10064,1671403094153375907,'100001006002002001','2023-11-04 15:38:32','2023-11-04 15:38:32','0',1671403256519078138,NULL,NULL),(10065,1671403094153375907,'100001006002002002','2023-11-04 15:38:32','2023-11-04 15:38:32','0',1671403256519078138,NULL,NULL),(10066,1671403094153375907,'100001006002002003','2023-11-04 15:38:32','2023-11-04 15:38:32','0',1671403256519078138,NULL,NULL),(10067,1671403094153375907,'100001006002002004','2023-11-04 15:38:32','2023-11-04 15:38:32','0',1671403256519078138,NULL,NULL),(10080,1671403094153375902,'100001008000000','2023-11-16 21:58:53','2023-11-16 21:58:53','0',1671403256519078138,NULL,NULL),(10081,1671403094153375902,'100001008001000','2023-11-16 21:58:53','2023-11-16 21:58:53','0',1671403256519078138,NULL,NULL),(10082,1671403094153375902,'100001008001001','2023-11-16 21:58:53','2023-11-16 21:58:53','0',1671403256519078138,NULL,NULL),(10083,1671403094153375902,'100001008001002','2023-11-16 21:58:53','2023-11-16 21:58:53','0',1671403256519078138,NULL,NULL),(10084,1671403094153375902,'100001008001001001','2023-11-16 21:58:53','2023-11-16 21:58:53','0',1671403256519078138,NULL,NULL),(10085,1671403094153375902,'100001008001001002','2023-11-16 21:58:53','2023-11-16 21:58:53','0',1671403256519078138,NULL,NULL),(10086,1671403094153375902,'100001008001001003','2023-11-16 21:58:53','2023-11-16 21:58:53','0',1671403256519078138,NULL,NULL),(10087,1671403094153375902,'100001008001001004','2023-11-16 21:58:53','2023-11-16 21:58:53','0',1671403256519078138,NULL,NULL),(10088,1671403094153375902,'100001008001002001','2023-11-16 21:58:53','2023-11-16 21:58:53','0',1671403256519078138,NULL,NULL),(10089,1671403094153375902,'100001008002000','2023-11-16 21:58:53','2023-11-16 21:58:53','0',1671403256519078138,NULL,NULL),(10090,1671403094153375902,'100001008002001','2023-11-16 21:58:53','2023-11-16 21:58:53','0',1671403256519078138,NULL,NULL),(10091,1671403094153375902,'100001008002002','2023-11-16 21:58:53','2023-11-16 21:58:53','0',1671403256519078138,NULL,NULL),(10092,1671403094153375902,'100001008002001001','2023-11-16 21:58:53','2023-11-16 21:58:53','0',1671403256519078138,NULL,NULL),(10093,1671403094153375902,'100001011000000','2023-11-16 21:58:53','2023-11-16 21:58:53','0',1671403256519078138,NULL,NULL),(10094,1671403094153375902,'100001011001000','2023-11-16 21:58:53','2023-11-16 21:58:53','0',1671403256519078138,NULL,NULL),(10095,1671403094153375902,'100001011001001','2023-11-16 21:58:53','2023-11-16 21:58:53','0',1671403256519078138,NULL,NULL),(10096,1671403094153375902,'100001011001002','2023-11-16 21:58:53','2023-11-16 21:58:53','0',1671403256519078138,NULL,NULL),(10097,1671403094153375902,'100001011001001001','2023-11-16 21:58:53','2023-11-16 21:58:53','0',1671403256519078138,NULL,NULL),(10098,1671403094153375902,'100001011001001002','2023-11-16 21:58:53','2023-11-16 21:58:53','0',1671403256519078138,NULL,NULL),(10099,1671403094153375902,'100001011001002001','2023-11-16 21:58:53','2023-11-16 21:58:53','0',1671403256519078138,NULL,NULL),(10100,1671403094153375902,'100001011001002002','2023-11-16 21:58:53','2023-11-16 21:58:53','0',1671403256519078138,NULL,NULL),(10101,1671403094153375902,'100001011001002003','2023-11-16 21:58:53','2023-11-16 21:58:53','0',1671403256519078138,NULL,NULL),(10102,1671403094153375902,'100001011001002004','2023-11-16 21:58:53','2023-11-16 21:58:53','0',1671403256519078138,NULL,NULL),(10383,1671403094153375896,'100001012000000','2023-12-14 15:40:15','2023-12-14 15:40:15','0',1671403256519078138,NULL,NULL),(10384,1671403094153375896,'100001012001000','2023-12-14 15:40:15','2023-12-14 15:40:15','0',1671403256519078138,NULL,NULL),(10385,1671403094153375896,'100001012001001','2023-12-14 15:40:15','2023-12-14 15:40:15','0',1671403256519078138,NULL,NULL),(10386,1671403094153375896,'100001019000000','2023-12-14 15:40:15','2023-12-14 15:40:15','0',1671403256519078138,NULL,NULL),(10387,1671403094153375896,'100001019001000','2023-12-14 15:40:15','2023-12-14 15:40:15','0',1671403256519078138,NULL,NULL),(10388,1671403094153375896,'100001019002000','2023-12-14 15:40:15','2023-12-14 15:40:15','0',1671403256519078138,NULL,NULL),(10389,1671403094153375896,'100001005000000','2023-12-14 15:40:15','2023-12-14 15:40:15','0',1671403256519078138,NULL,NULL),(10390,1671403094153375896,'100001005001000','2023-12-14 15:40:15','2023-12-14 15:40:15','0',1671403256519078138,NULL,NULL),(10391,1671403094153375896,'100001005001001','2023-12-14 15:40:15','2023-12-14 15:40:15','0',1671403256519078138,NULL,NULL),(10392,1671403094153375896,'100001005002000','2023-12-14 15:40:15','2023-12-14 15:40:15','0',1671403256519078138,NULL,NULL),(10393,1671403094153375896,'100001005002001','2023-12-14 15:40:15','2023-12-14 15:40:15','0',1671403256519078138,NULL,NULL),(10394,1671403094153375896,'100001003000000','2023-12-14 15:40:15','2023-12-14 15:40:15','0',1671403256519078138,NULL,NULL),(10395,1671403094153375896,'100001003002000','2023-12-14 15:40:15','2023-12-14 15:40:15','0',1671403256519078138,NULL,NULL),(10396,1671403094153375896,'100001003002003','2023-12-14 15:40:15','2023-12-14 15:40:15','0',1671403256519078138,NULL,NULL),(10397,1671403094153375896,'100001006000000','2023-12-14 15:40:15','2023-12-14 15:40:15','0',1671403256519078138,NULL,NULL),(10398,1671403094153375896,'100001006002000','2023-12-14 15:40:15','2023-12-14 15:40:15','0',1671403256519078138,NULL,NULL),(10399,1671403094153375896,'100001006002001','2023-12-14 15:40:15','2023-12-14 15:40:15','0',1671403256519078138,NULL,NULL),(10400,1671403094153375896,'100001006002002','2023-12-14 15:40:15','2023-12-14 15:40:15','0',1671403256519078138,NULL,NULL),(10401,1671403094153375896,'100001011000000','2023-12-14 15:40:15','2023-12-14 15:40:15','0',1671403256519078138,NULL,NULL),(10402,1671403094153375896,'100001011001000','2023-12-14 15:40:15','2023-12-14 15:40:15','0',1671403256519078138,NULL,NULL),(10403,1671403094153375896,'100001011001002','2023-12-14 15:40:15','2023-12-14 15:40:15','0',1671403256519078138,NULL,NULL),(10404,1671403094153375896,'100001015000000','2023-12-14 15:40:15','2023-12-14 15:40:15','0',1671403256519078138,NULL,NULL),(10405,1671403094153375896,'100001015002000','2023-12-14 15:40:15','2023-12-14 15:40:15','0',1671403256519078138,NULL,NULL),(10406,1671403094153375896,'100001015002002','2023-12-14 15:40:15','2023-12-14 15:40:15','0',1671403256519078138,NULL,NULL),(10407,1671403094153375896,'100001018000000','2023-12-14 15:40:15','2023-12-14 15:40:15','0',1671403256519078138,NULL,NULL),(10408,1671403094153375896,'100001018001000','2023-12-14 15:40:15','2023-12-14 15:40:15','0',1671403256519078138,NULL,NULL),(10409,1671403094153375896,'100001018001001','2023-12-14 15:40:15','2023-12-14 15:40:15','0',1671403256519078138,NULL,NULL),(10424,1671403094153375901,'100001019000000','2023-12-14 15:42:54','2023-12-14 15:42:54','0',1671403256519078138,NULL,NULL),(10425,1671403094153375901,'100001019001000','2023-12-14 15:42:54','2023-12-14 15:42:54','0',1671403256519078138,NULL,NULL),(10426,1671403094153375901,'100001019002000','2023-12-14 15:42:54','2023-12-14 15:42:54','0',1671403256519078138,NULL,NULL),(10427,1671403094153375901,'100001003000000','2023-12-14 15:42:54','2023-12-14 15:42:54','0',1671403256519078138,NULL,NULL),(10428,1671403094153375901,'100001003001000','2023-12-14 15:42:54','2023-12-14 15:42:54','0',1671403256519078138,NULL,NULL),(10429,1671403094153375901,'100001003001001','2023-12-14 15:42:54','2023-12-14 15:42:54','0',1671403256519078138,NULL,NULL),(10430,1671403094153375901,'100001003001001001','2023-12-14 15:42:54','2023-12-14 15:42:54','0',1671403256519078138,NULL,NULL),(10609,1671403094153375909,'100001012000000','2023-12-15 15:13:40','2023-12-15 15:13:40','0',1671403256519078138,NULL,NULL),(10610,1671403094153375909,'100001012001000','2023-12-15 15:13:40','2023-12-15 15:13:40','0',1671403256519078138,NULL,NULL),(10611,1671403094153375909,'100001012001001','2023-12-15 15:13:40','2023-12-15 15:13:40','0',1671403256519078138,NULL,NULL),(10612,1671403094153375909,'100001019000000','2023-12-15 15:13:40','2023-12-15 15:13:40','0',1671403256519078138,NULL,NULL),(10613,1671403094153375909,'100001019001000','2023-12-15 15:13:40','2023-12-15 15:13:40','0',1671403256519078138,NULL,NULL),(10614,1671403094153375909,'100001019002000','2023-12-15 15:13:40','2023-12-15 15:13:40','0',1671403256519078138,NULL,NULL),(11110,1671403094153375876,'100001002000000','2023-12-20 20:30:11','2023-12-20 20:30:11','0',1671403256519078138,NULL,NULL),(11111,1671403094153375876,'100001002001000','2023-12-20 20:30:11','2023-12-20 20:30:11','0',1671403256519078138,NULL,NULL),(11112,1671403094153375876,'100001002001001','2023-12-20 20:30:11','2023-12-20 20:30:11','0',1671403256519078138,NULL,NULL),(11113,1671403094153375876,'100001002001001001','2023-12-20 20:30:11','2023-12-20 20:30:11','0',1671403256519078138,NULL,NULL),(11114,1671403094153375876,'100001002001002','2023-12-20 20:30:11','2023-12-20 20:30:11','0',1671403256519078138,NULL,NULL),(11115,1671403094153375876,'100001002001002001','2023-12-20 20:30:11','2023-12-20 20:30:11','0',1671403256519078138,NULL,NULL),(11116,1671403094153375876,'100001019000000','2023-12-20 20:30:11','2023-12-20 20:30:11','0',1671403256519078138,NULL,NULL),(11117,1671403094153375876,'100001019003000','2023-12-20 20:30:11','2023-12-20 20:30:11','0',1671403256519078138,NULL,NULL),(11118,1671403094153375876,'100001019003001','2023-12-20 20:30:11','2023-12-20 20:30:11','0',1671403256519078138,NULL,NULL),(11294,1662380895291650049,'100001012000000','2023-12-27 10:47:32','2023-12-27 10:47:32','0',1671403256519078138,NULL,NULL),(11295,1662380895291650049,'100001012001000','2023-12-27 10:47:32','2023-12-27 10:47:32','0',1671403256519078138,NULL,NULL),(11296,1662380895291650049,'100001002000000','2023-12-27 10:47:32','2023-12-27 10:47:32','0',1671403256519078138,NULL,NULL),(11297,1662380895291650049,'100001002001000','2023-12-27 10:47:32','2023-12-27 10:47:32','0',1671403256519078138,NULL,NULL),(11298,1662380895291650049,'100001002001001','2023-12-27 10:47:32','2023-12-27 10:47:32','0',1671403256519078138,NULL,NULL),(11299,1662380895291650049,'100001002001001001','2023-12-27 10:47:32','2023-12-27 10:47:32','0',1671403256519078138,NULL,NULL),(11300,1662380895291650049,'100001002001002','2023-12-27 10:47:32','2023-12-27 10:47:32','0',1671403256519078138,NULL,NULL),(11301,1662380895291650049,'100001002001002001','2023-12-27 10:47:32','2023-12-27 10:47:32','0',1671403256519078138,NULL,NULL),(11302,1662380895291650049,'100001005000000','2023-12-27 10:47:32','2023-12-27 10:47:32','0',1671403256519078138,NULL,NULL),(11303,1662380895291650049,'100001005001000','2023-12-27 10:47:32','2023-12-27 10:47:32','0',1671403256519078138,NULL,NULL),(11304,1662380895291650049,'100001005001001','2023-12-27 10:47:32','2023-12-27 10:47:32','0',1671403256519078138,NULL,NULL),(11305,1662380895291650049,'100001005001001002','2023-12-27 10:47:32','2023-12-27 10:47:32','0',1671403256519078138,NULL,NULL),(11306,1662380895291650049,'100001005001001003','2023-12-27 10:47:32','2023-12-27 10:47:32','0',1671403256519078138,NULL,NULL),(11307,1662380895291650049,'100001005002000','2023-12-27 10:47:32','2023-12-27 10:47:32','0',1671403256519078138,NULL,NULL),(11308,1662380895291650049,'100001005002001','2023-12-27 10:47:32','2023-12-27 10:47:32','0',1671403256519078138,NULL,NULL),(11309,1662380895291650049,'100001005002001001','2023-12-27 10:47:32','2023-12-27 10:47:32','0',1671403256519078138,NULL,NULL),(11310,1662380895291650049,'100001005002001002','2023-12-27 10:47:32','2023-12-27 10:47:32','0',1671403256519078138,NULL,NULL),(11311,1662380895291650049,'100001003000000','2023-12-27 10:47:32','2023-12-27 10:47:32','0',1671403256519078138,NULL,NULL),(11312,1662380895291650049,'100001003001000','2023-12-27 10:47:32','2023-12-27 10:47:32','0',1671403256519078138,NULL,NULL),(11313,1662380895291650049,'100001003001001','2023-12-27 10:47:32','2023-12-27 10:47:32','0',1671403256519078138,NULL,NULL),(11314,1662380895291650049,'100001003001001001','2023-12-27 10:47:32','2023-12-27 10:47:32','0',1671403256519078138,NULL,NULL),(11315,1662380895291650049,'100001003002000','2023-12-27 10:47:32','2023-12-27 10:47:32','0',1671403256519078138,NULL,NULL),(11316,1662380895291650049,'100001003002001','2023-12-27 10:47:32','2023-12-27 10:47:32','0',1671403256519078138,NULL,NULL),(11317,1662380895291650049,'100001003002001001','2023-12-27 10:47:32','2023-12-27 10:47:32','0',1671403256519078138,NULL,NULL),(11318,1662380895291650049,'100001003002001002','2023-12-27 10:47:32','2023-12-27 10:47:32','0',1671403256519078138,NULL,NULL),(11319,1662380895291650049,'100001003002001003','2023-12-27 10:47:32','2023-12-27 10:47:32','0',1671403256519078138,NULL,NULL),(11320,1662380895291650049,'100001003002001004','2023-12-27 10:47:32','2023-12-27 10:47:32','0',1671403256519078138,NULL,NULL),(11321,1662380895291650049,'100001003002001005','2023-12-27 10:47:32','2023-12-27 10:47:32','0',1671403256519078138,NULL,NULL),(11322,1662380895291650049,'100001003002001006','2023-12-27 10:47:32','2023-12-27 10:47:32','0',1671403256519078138,NULL,NULL),(11323,1662380895291650049,'100001003002001007','2023-12-27 10:47:32','2023-12-27 10:47:32','0',1671403256519078138,NULL,NULL),(11324,1662380895291650049,'100001003002001008','2023-12-27 10:47:32','2023-12-27 10:47:32','0',1671403256519078138,NULL,NULL),(11325,1662380895291650049,'100001003002001009','2023-12-27 10:47:32','2023-12-27 10:47:32','0',1671403256519078138,NULL,NULL),(11326,1662380895291650049,'100001003002001010','2023-12-27 10:47:32','2023-12-27 10:47:32','0',1671403256519078138,NULL,NULL),(11327,1662380895291650049,'100001003002003','2023-12-27 10:47:32','2023-12-27 10:47:32','0',1671403256519078138,NULL,NULL),(11328,1662380895291650049,'100001003002002','2023-12-27 10:47:32','2023-12-27 10:47:32','0',1671403256519078138,NULL,NULL),(11329,1662380895291650049,'100001003002002001','2023-12-27 10:47:32','2023-12-27 10:47:32','0',1671403256519078138,NULL,NULL),(11330,1662380895291650049,'100001003002002002','2023-12-27 10:47:32','2023-12-27 10:47:32','0',1671403256519078138,NULL,NULL),(11331,1662380895291650049,'100001003002002003','2023-12-27 10:47:32','2023-12-27 10:47:32','0',1671403256519078138,NULL,NULL),(11332,1662380895291650049,'100001003002002004','2023-12-27 10:47:32','2023-12-27 10:47:32','0',1671403256519078138,NULL,NULL),(11333,1662380895291650049,'100001003002002005','2023-12-27 10:47:32','2023-12-27 10:47:32','0',1671403256519078138,NULL,NULL),(11334,1662380895291650049,'100001003003000','2023-12-27 10:47:32','2023-12-27 10:47:32','0',1671403256519078138,NULL,NULL),(11335,1662380895291650049,'100001003003001','2023-12-27 10:47:32','2023-12-27 10:47:32','0',1671403256519078138,NULL,NULL),(11336,1662380895291650049,'100001006000000','2023-12-27 10:47:32','2023-12-27 10:47:32','0',1671403256519078138,NULL,NULL),(11337,1662380895291650049,'100001006001000','2023-12-27 10:47:32','2023-12-27 10:47:32','0',1671403256519078138,NULL,NULL),(11338,1662380895291650049,'100001006001001','2023-12-27 10:47:32','2023-12-27 10:47:32','0',1671403256519078138,NULL,NULL),(11339,1662380895291650049,'100001006001001001','2023-12-27 10:47:32','2023-12-27 10:47:32','0',1671403256519078138,NULL,NULL),(11340,1662380895291650049,'100001006001001002','2023-12-27 10:47:32','2023-12-27 10:47:32','0',1671403256519078138,NULL,NULL),(11341,1662380895291650049,'100001006001001003','2023-12-27 10:47:32','2023-12-27 10:47:32','0',1671403256519078138,NULL,NULL),(11342,1662380895291650049,'100001006001001004','2023-12-27 10:47:32','2023-12-27 10:47:32','0',1671403256519078138,NULL,NULL),(11343,1662380895291650049,'100001006001001005','2023-12-27 10:47:32','2023-12-27 10:47:32','0',1671403256519078138,NULL,NULL),(11344,1662380895291650049,'100001006001002','2023-12-27 10:47:32','2023-12-27 10:47:32','0',1671403256519078138,NULL,NULL),(11345,1662380895291650049,'100001006001002001','2023-12-27 10:47:32','2023-12-27 10:47:32','0',1671403256519078138,NULL,NULL),(11346,1662380895291650049,'100001006001002002','2023-12-27 10:47:32','2023-12-27 10:47:32','0',1671403256519078138,NULL,NULL),(11347,1662380895291650049,'100001006001002003','2023-12-27 10:47:32','2023-12-27 10:47:32','0',1671403256519078138,NULL,NULL),(11348,1662380895291650049,'100001006001002004','2023-12-27 10:47:32','2023-12-27 10:47:32','0',1671403256519078138,NULL,NULL),(11349,1662380895291650049,'100001006001002005','2023-12-27 10:47:32','2023-12-27 10:47:32','0',1671403256519078138,NULL,NULL),(11350,1662380895291650049,'100001006001003','2023-12-27 10:47:32','2023-12-27 10:47:32','0',1671403256519078138,NULL,NULL),(11351,1662380895291650049,'100001006001003001','2023-12-27 10:47:32','2023-12-27 10:47:32','0',1671403256519078138,NULL,NULL),(11352,1662380895291650049,'100001006001003002','2023-12-27 10:47:32','2023-12-27 10:47:32','0',1671403256519078138,NULL,NULL),(11353,1662380895291650049,'100001006001003003','2023-12-27 10:47:32','2023-12-27 10:47:32','0',1671403256519078138,NULL,NULL),(11354,1662380895291650049,'100001006001003004','2023-12-27 10:47:32','2023-12-27 10:47:32','0',1671403256519078138,NULL,NULL),(11355,1662380895291650049,'100001006002000','2023-12-27 10:47:32','2023-12-27 10:47:32','0',1671403256519078138,NULL,NULL),(11356,1662380895291650049,'100001006002001','2023-12-27 10:47:32','2023-12-27 10:47:32','0',1671403256519078138,NULL,NULL),(11357,1662380895291650049,'100001006002001001','2023-12-27 10:47:32','2023-12-27 10:47:32','0',1671403256519078138,NULL,NULL),(11358,1662380895291650049,'100001006002001002','2023-12-27 10:47:32','2023-12-27 10:47:32','0',1671403256519078138,NULL,NULL),(11359,1662380895291650049,'100001006002002','2023-12-27 10:47:32','2023-12-27 10:47:32','0',1671403256519078138,NULL,NULL),(11360,1662380895291650049,'100001006002002001','2023-12-27 10:47:32','2023-12-27 10:47:32','0',1671403256519078138,NULL,NULL),(11361,1662380895291650049,'100001006002002002','2023-12-27 10:47:32','2023-12-27 10:47:32','0',1671403256519078138,NULL,NULL),(11362,1662380895291650049,'100001006002002003','2023-12-27 10:47:32','2023-12-27 10:47:32','0',1671403256519078138,NULL,NULL),(11363,1662380895291650049,'100001006002002004','2023-12-27 10:47:32','2023-12-27 10:47:32','0',1671403256519078138,NULL,NULL),(11364,1662380895291650049,'100001009000000','2023-12-27 10:47:32','2023-12-27 10:47:32','0',1671403256519078138,NULL,NULL),(11365,1662380895291650049,'100001009001000','2023-12-27 10:47:32','2023-12-27 10:47:32','0',1671403256519078138,NULL,NULL),(11366,1662380895291650049,'100001009001001','2023-12-27 10:47:32','2023-12-27 10:47:32','0',1671403256519078138,NULL,NULL),(11367,1662380895291650049,'100001009001001001','2023-12-27 10:47:32','2023-12-27 10:47:32','0',1671403256519078138,NULL,NULL),(11368,1662380895291650049,'100001009001001002','2023-12-27 10:47:32','2023-12-27 10:47:32','0',1671403256519078138,NULL,NULL),(11369,1662380895291650049,'100001009001001003','2023-12-27 10:47:32','2023-12-27 10:47:32','0',1671403256519078138,NULL,NULL),(11370,1662380895291650049,'100001009001002','2023-12-27 10:47:32','2023-12-27 10:47:32','0',1671403256519078138,NULL,NULL),(11371,1662380895291650049,'100001009001002001','2023-12-27 10:47:32','2023-12-27 10:47:32','0',1671403256519078138,NULL,NULL),(11372,1662380895291650049,'100001008000000','2023-12-27 10:47:32','2023-12-27 10:47:32','0',1671403256519078138,NULL,NULL),(11373,1662380895291650049,'100001008001000','2023-12-27 10:47:32','2023-12-27 10:47:32','0',1671403256519078138,NULL,NULL),(11374,1662380895291650049,'100001008001001','2023-12-27 10:47:32','2023-12-27 10:47:32','0',1671403256519078138,NULL,NULL),(11375,1662380895291650049,'100001008001001001','2023-12-27 10:47:32','2023-12-27 10:47:32','0',1671403256519078138,NULL,NULL),(11376,1662380895291650049,'100001008001001002','2023-12-27 10:47:32','2023-12-27 10:47:32','0',1671403256519078138,NULL,NULL),(11377,1662380895291650049,'100001008001001003','2023-12-27 10:47:32','2023-12-27 10:47:32','0',1671403256519078138,NULL,NULL),(11378,1662380895291650049,'100001008001001004','2023-12-27 10:47:32','2023-12-27 10:47:32','0',1671403256519078138,NULL,NULL),(11379,1662380895291650049,'100001008001002','2023-12-27 10:47:32','2023-12-27 10:47:32','0',1671403256519078138,NULL,NULL),(11380,1662380895291650049,'100001008001002001','2023-12-27 10:47:32','2023-12-27 10:47:32','0',1671403256519078138,NULL,NULL),(11381,1662380895291650049,'100001008002000','2023-12-27 10:47:32','2023-12-27 10:47:32','0',1671403256519078138,NULL,NULL),(11382,1662380895291650049,'100001008002001','2023-12-27 10:47:32','2023-12-27 10:47:32','0',1671403256519078138,NULL,NULL),(11383,1662380895291650049,'100001008002001001','2023-12-27 10:47:32','2023-12-27 10:47:32','0',1671403256519078138,NULL,NULL),(11384,1662380895291650049,'100001008002002','2023-12-27 10:47:32','2023-12-27 10:47:32','0',1671403256519078138,NULL,NULL),(11385,1662380895291650049,'100001010000000','2023-12-27 10:47:32','2023-12-27 10:47:32','0',1671403256519078138,NULL,NULL),(11386,1662380895291650049,'100001010001000','2023-12-27 10:47:32','2023-12-27 10:47:32','0',1671403256519078138,NULL,NULL),(11387,1662380895291650049,'100001010001001','2023-12-27 10:47:32','2023-12-27 10:47:32','0',1671403256519078138,NULL,NULL),(11388,1662380895291650049,'100001001000000','2023-12-27 10:47:32','2023-12-27 10:47:32','0',1671403256519078138,NULL,NULL),(11389,1662380895291650049,'100001001006000','2023-12-27 10:47:32','2023-12-27 10:47:32','0',1671403256519078138,NULL,NULL),(11390,1662380895291650049,'100001001005000','2023-12-27 10:47:32','2023-12-27 10:47:32','0',1671403256519078138,NULL,NULL),(11391,1662380895291650049,'100001001005001','2023-12-27 10:47:32','2023-12-27 10:47:32','0',1671403256519078138,NULL,NULL),(11392,1662380895291650049,'100001001005003','2023-12-27 10:47:32','2023-12-27 10:47:32','0',1671403256519078138,NULL,NULL),(11393,1662380895291650049,'100001001005006','2023-12-27 10:47:32','2023-12-27 10:47:32','0',1671403256519078138,NULL,NULL),(11394,1662380895291650049,'100001001005007','2023-12-27 10:47:32','2023-12-27 10:47:32','0',1671403256519078138,NULL,NULL),(11395,1662380895291650049,'100001001005005','2023-12-27 10:47:32','2023-12-27 10:47:32','0',1671403256519078138,NULL,NULL),(11396,1662380895291650049,'100001001005005001','2023-12-27 10:47:32','2023-12-27 10:47:32','0',1671403256519078138,NULL,NULL),(11397,1662380895291650049,'100001001005008','2023-12-27 10:47:32','2023-12-27 10:47:32','0',1671403256519078138,NULL,NULL),(11398,1662380895291650049,'100001001007000','2023-12-27 10:47:32','2023-12-27 10:47:32','0',1671403256519078138,NULL,NULL),(11399,1662380895291650049,'100001001004000','2023-12-27 10:47:32','2023-12-27 10:47:32','0',1671403256519078138,NULL,NULL),(11400,1662380895291650049,'100001001004001','2023-12-27 10:47:32','2023-12-27 10:47:32','0',1671403256519078138,NULL,NULL),(11401,1662380895291650049,'100001001004003','2023-12-27 10:47:32','2023-12-27 10:47:32','0',1671403256519078138,NULL,NULL),(11402,1662380895291650049,'100001001004004','2023-12-27 10:47:32','2023-12-27 10:47:32','0',1671403256519078138,NULL,NULL),(11403,1662380895291650049,'100001001004005','2023-12-27 10:47:32','2023-12-27 10:47:32','0',1671403256519078138,NULL,NULL),(11404,1662380895291650049,'100001001004006','2023-12-27 10:47:32','2023-12-27 10:47:32','0',1671403256519078138,NULL,NULL),(11405,1662380895291650049,'100001001003000','2023-12-27 10:47:32','2023-12-27 10:47:32','0',1671403256519078138,NULL,NULL),(11406,1662380895291650049,'100001001003001','2023-12-27 10:47:32','2023-12-27 10:47:32','0',1671403256519078138,NULL,NULL),(11407,1662380895291650049,'100001001003002','2023-12-27 10:47:32','2023-12-27 10:47:32','0',1671403256519078138,NULL,NULL),(11408,1662380895291650049,'100001001003003','2023-12-27 10:47:32','2023-12-27 10:47:32','0',1671403256519078138,NULL,NULL),(11409,1662380895291650049,'100001001003004','2023-12-27 10:47:32','2023-12-27 10:47:32','0',1671403256519078138,NULL,NULL),(11410,1662380895291650049,'100001001003005','2023-12-27 10:47:32','2023-12-27 10:47:32','0',1671403256519078138,NULL,NULL),(11411,1662380895291650049,'100001001003006','2023-12-27 10:47:32','2023-12-27 10:47:32','0',1671403256519078138,NULL,NULL),(11412,1662380895291650049,'100001001003007','2023-12-27 10:47:32','2023-12-27 10:47:32','0',1671403256519078138,NULL,NULL),(11413,1662380895291650049,'100001001003008','2023-12-27 10:47:32','2023-12-27 10:47:32','0',1671403256519078138,NULL,NULL),(11414,1662380895291650049,'100001001003009','2023-12-27 10:47:32','2023-12-27 10:47:32','0',1671403256519078138,NULL,NULL),(11415,1662380895291650049,'100001001003010','2023-12-27 10:47:32','2023-12-27 10:47:32','0',1671403256519078138,NULL,NULL),(11416,1662380895291650049,'100001001003011','2023-12-27 10:47:32','2023-12-27 10:47:32','0',1671403256519078138,NULL,NULL),(11417,1662380895291650049,'100001001001000','2023-12-27 10:47:32','2023-12-27 10:47:32','0',1671403256519078138,NULL,NULL),(11418,1662380895291650049,'100001001001007','2023-12-27 10:47:32','2023-12-27 10:47:32','0',1671403256519078138,NULL,NULL),(11419,1662380895291650049,'100001001001001','2023-12-27 10:47:32','2023-12-27 10:47:32','0',1671403256519078138,NULL,NULL),(11420,1662380895291650049,'100001001001003','2023-12-27 10:47:32','2023-12-27 10:47:32','0',1671403256519078138,NULL,NULL),(11421,1662380895291650049,'100001001001008','2023-12-27 10:47:32','2023-12-27 10:47:32','0',1671403256519078138,NULL,NULL),(11422,1662380895291650049,'100001001001009','2023-12-27 10:47:32','2023-12-27 10:47:32','0',1671403256519078138,NULL,NULL),(11423,1662380895291650049,'100001001001004','2023-12-27 10:47:32','2023-12-27 10:47:32','0',1671403256519078138,NULL,NULL),(11424,1662380895291650049,'100001001002000','2023-12-27 10:47:32','2023-12-27 10:47:32','0',1671403256519078138,NULL,NULL),(11425,1662380895291650049,'100001001002001','2023-12-27 10:47:32','2023-12-27 10:47:32','0',1671403256519078138,NULL,NULL),(11426,1662380895291650049,'100001001002003','2023-12-27 10:47:32','2023-12-27 10:47:32','0',1671403256519078138,NULL,NULL),(11427,1662380895291650049,'100001001002004','2023-12-27 10:47:32','2023-12-27 10:47:32','0',1671403256519078138,NULL,NULL),(11428,1662380895291650049,'100001001002005','2023-12-27 10:47:32','2023-12-27 10:47:32','0',1671403256519078138,NULL,NULL),(11429,1662380895291650049,'100001001002006','2023-12-27 10:47:32','2023-12-27 10:47:32','0',1671403256519078138,NULL,NULL),(11430,1662380895291650049,'100001011000000','2023-12-27 10:47:32','2023-12-27 10:47:32','0',1671403256519078138,NULL,NULL),(11431,1662380895291650049,'100001011001000','2023-12-27 10:47:32','2023-12-27 10:47:32','0',1671403256519078138,NULL,NULL),(11432,1662380895291650049,'100001011001001','2023-12-27 10:47:32','2023-12-27 10:47:32','0',1671403256519078138,NULL,NULL),(11433,1662380895291650049,'100001011001001001','2023-12-27 10:47:32','2023-12-27 10:47:32','0',1671403256519078138,NULL,NULL),(11434,1662380895291650049,'100001011001001002','2023-12-27 10:47:32','2023-12-27 10:47:32','0',1671403256519078138,NULL,NULL),(11435,1662380895291650049,'100001011001002','2023-12-27 10:47:32','2023-12-27 10:47:32','0',1671403256519078138,NULL,NULL),(11436,1662380895291650049,'100001011001002001','2023-12-27 10:47:32','2023-12-27 10:47:32','0',1671403256519078138,NULL,NULL),(11437,1662380895291650049,'100001011001002002','2023-12-27 10:47:32','2023-12-27 10:47:32','0',1671403256519078138,NULL,NULL),(11438,1662380895291650049,'100001011001002003','2023-12-27 10:47:32','2023-12-27 10:47:32','0',1671403256519078138,NULL,NULL),(11439,1662380895291650049,'100001011001002004','2023-12-27 10:47:32','2023-12-27 10:47:32','0',1671403256519078138,NULL,NULL),(11440,1662380895291650049,'100001015000000','2023-12-27 10:47:32','2023-12-27 10:47:32','0',1671403256519078138,NULL,NULL),(11441,1662380895291650049,'100001015001000','2023-12-27 10:47:32','2023-12-27 10:47:32','0',1671403256519078138,NULL,NULL),(11442,1662380895291650049,'100001015001001','2023-12-27 10:47:32','2023-12-27 10:47:32','0',1671403256519078138,NULL,NULL),(11443,1662380895291650049,'100001015001001001','2023-12-27 10:47:32','2023-12-27 10:47:32','0',1671403256519078138,NULL,NULL),(11444,1662380895291650049,'100001015001001002','2023-12-27 10:47:32','2023-12-27 10:47:32','0',1671403256519078138,NULL,NULL),(11445,1662380895291650049,'100001015001001003','2023-12-27 10:47:32','2023-12-27 10:47:32','0',1671403256519078138,NULL,NULL),(11446,1662380895291650049,'100001015001001004','2023-12-27 10:47:32','2023-12-27 10:47:32','0',1671403256519078138,NULL,NULL),(11447,1662380895291650049,'100001015002000','2023-12-27 10:47:32','2023-12-27 10:47:32','0',1671403256519078138,NULL,NULL),(11448,1662380895291650049,'100001015002002','2023-12-27 10:47:32','2023-12-27 10:47:32','0',1671403256519078138,NULL,NULL),(11449,1662380895291650049,'100001015002002001','2023-12-27 10:47:32','2023-12-27 10:47:32','0',1671403256519078138,NULL,NULL),(11450,1662380895291650049,'100001015002003','2023-12-27 10:47:32','2023-12-27 10:47:32','0',1671403256519078138,NULL,NULL),(11451,1662380895291650049,'100001015002003001','2023-12-27 10:47:32','2023-12-27 10:47:32','0',1671403256519078138,NULL,NULL),(11452,1662380895291650049,'100001015002003002','2023-12-27 10:47:32','2023-12-27 10:47:32','0',1671403256519078138,NULL,NULL),(11453,1662380895291650049,'100001015002003003','2023-12-27 10:47:32','2023-12-27 10:47:32','0',1671403256519078138,NULL,NULL),(11454,1662380895291650049,'100001015002003004','2023-12-27 10:47:32','2023-12-27 10:47:32','0',1671403256519078138,NULL,NULL),(11455,1662380895291650049,'100001015002003005','2023-12-27 10:47:32','2023-12-27 10:47:32','0',1671403256519078138,NULL,NULL);
/*!40000 ALTER TABLE `sys_role_resource` ENABLE KEYS */;
UNLOCK TABLES;

--
-- Table structure for table `sys_user`
--

DROP TABLE IF EXISTS `sys_user`;
/*!40101 SET @saved_cs_client     = @@character_set_client */;
/*!50503 SET character_set_client = utf8mb4 */;
CREATE TABLE `sys_user` (
  `id` bigint NOT NULL AUTO_INCREMENT COMMENT '用户ID',
  `username` varchar(30) CHARACTER SET utf8mb3 COLLATE utf8mb3_bin DEFAULT NULL COMMENT '用户账号',
  `open_id` varchar(36) CHARACTER SET utf8mb3 COLLATE utf8mb3_general_ci DEFAULT NULL COMMENT 'open_id标识',
  `password` varchar(100) CHARACTER SET utf8mb3 COLLATE utf8mb3_bin NOT NULL DEFAULT '' COMMENT '密码',
  `user_type` varchar(2) CHARACTER SET utf8mb3 COLLATE utf8mb3_bin DEFAULT '00' COMMENT '用户类型（0:系统用户,1:客户）',
  `avatar` varchar(100) CHARACTER SET utf8mb3 COLLATE utf8mb3_bin DEFAULT '' COMMENT '头像地址',
  `nick_name` varchar(30) CHARACTER SET utf8mb3 COLLATE utf8mb3_bin DEFAULT NULL COMMENT '用户昵称',
  `email` varchar(50) CHARACTER SET utf8mb3 COLLATE utf8mb3_bin DEFAULT '' COMMENT '用户邮箱',
  `real_name` varchar(30) CHARACTER SET utf8mb3 COLLATE utf8mb3_bin DEFAULT NULL COMMENT '真实姓名',
  `mobile` varchar(11) CHARACTER SET utf8mb3 COLLATE utf8mb3_bin DEFAULT '' COMMENT '手机号码',
  `sex` char(1) CHARACTER SET utf8mb3 COLLATE utf8mb3_bin DEFAULT '0' COMMENT '用户性别（0男 1女 2未知）',
  `data_state` char(1) CHARACTER SET utf8mb3 COLLATE utf8mb3_bin NOT NULL DEFAULT '0' COMMENT '数据状态（0正常 1停用）',
  `dept_no` varchar(22) CHARACTER SET utf8mb3 COLLATE utf8mb3_bin DEFAULT NULL COMMENT '部门编号',
  `post_no` varchar(22) CHARACTER SET utf8mb3 COLLATE utf8mb3_bin DEFAULT NULL COMMENT '岗位编号',
  `create_time` datetime NOT NULL COMMENT '创建时间',
  `update_time` datetime DEFAULT NULL COMMENT '更新时间',
  `remark` varchar(500) CHARACTER SET utf8mb3 COLLATE utf8mb3_bin DEFAULT NULL COMMENT '备注',
  `create_by` bigint DEFAULT NULL COMMENT '创建者',
  `update_by` bigint DEFAULT NULL COMMENT '更新者',
  `is_leader` int DEFAULT '0' COMMENT '是否是部门leader(0:否，1：是)',
  `is_delete` int DEFAULT NULL COMMENT '是否删除',
  PRIMARY KEY (`id`) USING BTREE,
  UNIQUE KEY `real_name` (`real_name`) USING BTREE,
  UNIQUE KEY `email` (`email`) USING BTREE
) ENGINE=InnoDB AUTO_INCREMENT=1671403256519078176 DEFAULT CHARSET=utf8mb3 COLLATE=utf8mb3_bin ROW_FORMAT=DYNAMIC COMMENT='用户表';
/*!40101 SET character_set_client = @saved_cs_client */;

--
-- Dumping data for table `sys_user`
--

LOCK TABLES `sys_user` WRITE;
/*!40000 ALTER TABLE `sys_user` DISABLE KEYS */;
INSERT INTO `sys_user` VALUES (1668522280851951617,'hlzg@qq.com',NULL,'$2a$10$9ChEmEdwxfBugWq/oLCCBeE30iFQdaigxnCtQFvMjgLY/uO6fEfVa',NULL,NULL,'护理组主管','hlzg@qq.com','护理组主管','','','0','100001005000000','100001005002000','2023-09-26 14:34:57','2023-09-26 14:34:57',NULL,1671403256519078138,NULL,0,0),(1671403256519078138,'admin@qq.com','','$2a$10$4xM9PrGnVVKcMyIMjxYurO/G6kDwg8CZxUiVd1EB0GdPqph5UAs1i','0','https://yjy-slwl-oss.oss-cn-hangzhou.aliyuncs.com/18864ddd-890f-4b91-aca7-bd7dac19c11a.jpeg','超级管理员','admin@qq.com','超级管理员','15156409998','0','0','100001006000000','100001001000000','2023-06-19 23:11:17','2023-12-25 11:28:00','',1668522280851951617,1671403256519078138,0,0),(1671403256519078142,'js@qq.com',NULL,'$2a$10$NPYtXFDmJBZzYkFEAQQgyedEjMlfzmiI7IHChi6sqQWtM2mVnYjhO',NULL,NULL,'结算员','js@qq.com','结算员','','','0','100001002000000','100001002007000','2023-09-26 14:15:20','2023-09-26 14:15:20',NULL,1671403256519078138,NULL,0,0),(1671403256519078147,'yz@qq.com',NULL,'$2a$10$MpB72VVAgqoKSaPJ08NKOeAFM0IaDHslzUQWfQDZfS./VOO/DFK0a',NULL,NULL,'院长','yz@qq.com','院长','','','0','100001001000000','100001001001000','2023-09-26 14:09:28','2023-09-26 14:09:28',NULL,1671403256519078138,NULL,1,0),(1671403256519078148,'cwbbz@qq.com',NULL,'$2a$10$lzxiTDfTFh.yQVfokcW.0ufWIuDLCNXVcZIioAf/fYpngipdA.Ic6',NULL,NULL,'财务部部长','cwbbz@qq.com','财务部部长','','','0','100001002000000','100001002001000','2023-09-26 14:09:51','2023-09-26 14:09:51',NULL,1671403256519078138,NULL,0,0),(1671403256519078149,'jszzg@qq.com',NULL,'$2a$10$I8PAFLVMGVTnh/F0fSOGrO8UALwz7Kk4EJ.6JLM8ShyCRPf.8pvPC',NULL,NULL,'结算组主管','jszzg@qq.com','结算组主管','','','0','100001002000000','100001002004000','2023-09-26 14:14:27','2023-09-26 14:14:27',NULL,1671403256519078138,NULL,0,0),(1671403256519078151,'xzbbz@qq.com',NULL,'$2a$10$CxPwQeIK4z0vw49noM34eupU7A/04dQzywsttQxVlftqWrge95XVq',NULL,NULL,'行政部部长','xzbbz@qq.com','行政部部长','','','0','100001003000000','100001003001000','2023-09-26 14:16:28','2023-09-26 14:16:28',NULL,1671403256519078138,NULL,0,0),(1671403256519078152,'xzrszzz@qq.com',NULL,'$2a$10$rl9DcuUFEqFNsEp7a55NmO.Ej5/daucMCGAKvgPLI6nacOdw5VyCS',NULL,NULL,'行政人事组主管','xzrszzz@qq.com','行政人事组主管','','','0','100001003000000','100001003002000','2023-09-26 14:17:03','2023-09-26 14:17:03',NULL,1671403256519078138,NULL,0,0),(1671403256519078153,'xzzy@qq.com',NULL,'$2a$10$NsOGn/aR8vnZgcSeGEQd9.GjF/YtH3G5IDiqi3ynhUg4B92O5M4ey',NULL,NULL,'行政专员','xzzy@qq.com','行政专员','','','0','100001003000000','100001003003000','2023-09-26 14:32:52','2023-09-26 14:32:52',NULL,1671403256519078138,NULL,0,0),(1671403256519078154,'rszy@qq.com',NULL,'$2a$10$ppkYDpVluLd9FPaPdD4NhOR4HHPmBjaVIsIlG123y7GnvFfy0N7mm',NULL,NULL,'人事专员','rszy@qq.com','人事专员','','','0','100001003000000','100001003004000','2023-09-26 14:33:33','2023-09-26 14:33:33',NULL,1671403256519078138,NULL,0,0),(1671403256519078155,'qtjd@qq.com',NULL,'$2a$10$xAMmaNODQ0g86L5Q9fqM8OfNMVU5FGfi6QTLzMJYqkcOs.VtDPz02',NULL,NULL,'前台接待','qtjd@qq.com','前台接待','','','0','100001003000000','100001003005000','2023-09-26 14:33:57','2023-09-26 14:33:57',NULL,1671403256519078138,NULL,0,0),(1671403256519078156,'hlbz@qq.com',NULL,'$2a$10$2Aw26i5i9QFY7YNYSbo2Ku6x5Xu2DAT0QvpGAKb7Few.BP/vdUUdm',NULL,NULL,'护理部部长','hlbz@qq.com','护理部部长','','','0','100001005000000','100001005001000','2023-09-26 14:34:36','2023-09-26 14:34:36',NULL,1671403256519078138,NULL,0,0),(1671403256519078158,'hly@qq.com',NULL,'$2a$10$gpOpjRW6VRHseIDPOJVJMuxB9DqpN80W1/N2EHqjsy/Is5SHzSiy2',NULL,NULL,'护理员','hly@qq.com','护理员','','','0','100001005000000','100001005003000','2023-09-26 14:35:41','2023-09-26 14:35:41',NULL,1671403256519078138,NULL,0,0),(1671403256519078159,'xsbz@qq.com',NULL,'$2a$10$nvIyWTPedfGxmSCRdJUBduJNH8dO94ZSykQ7qCz9MHh5eSZYgjzCG',NULL,NULL,'销售部部长','xsbz@qq.com','销售部部长','','','0','100001006000000','100001006001000','2023-09-26 14:36:14','2023-09-26 14:36:14',NULL,1671403256519078138,NULL,0,0),(1671403256519078160,'xszg@qq.com',NULL,'$2a$10$GJV3FdszXxjJOjyr.roemuzKBNsJPK25E8MwK72DroSM6hlax7EiG',NULL,NULL,'销售组主管','xszg@qq.com','销售组主管','','','0','100001006000000','100001006002000','2023-09-26 14:36:41','2023-09-26 14:36:41',NULL,1671403256519078138,NULL,0,0),(1671403256519078161,'ylgw@qq.com',NULL,'$2a$10$lbqnbzYtGvmLUU4fPtFXGOWH.UnsjMqODS7qHTT9stmtTKUGkKJ8.',NULL,NULL,'养老顾问','ylgw@qq.com','养老顾问','','','0','100001006000000','100001006003000','2023-09-26 14:37:05','2023-09-26 14:37:05',NULL,1671403256519078138,NULL,0,0),(1671403256519078162,'fwbbz@qq.com',NULL,'$2a$10$3LhWEtTUho1G0mLNQzSk2.I6uN6pqGweATgxpNEoCRgl7wSG/7FuG',NULL,NULL,'法务部部长','fwbbz@qq.com','法务部部长','','','0','100001007000000','100001007001000','2023-09-26 14:37:33','2023-09-26 14:37:33',NULL,1671403256519078138,NULL,0,0),(1671403256519078163,'fwzg@qq.com',NULL,'$2a$10$GiK8/aXCRjUQlOD1Cyjjie4txdoUu3Wkyjgprh840eHV4eWUKRVtm',NULL,NULL,'法务部主管','fwzg@qq.com','法务部主管','','','0','100001007000000','100001007002000','2023-09-26 14:37:56','2023-09-26 14:37:56',NULL,1671403256519078138,NULL,0,0),(1671403256519078164,'fwzy@qq.com',NULL,'$2a$10$Gw6XjI9wn1YX/kuuvAZvhOg05g05pMxYSQg9v4BHBwReqb/rBVdEC',NULL,NULL,'法务专员','fwzy@qq.com','法务专员','','','0','100001007000000','100001007003000','2023-09-26 14:38:36','2023-09-26 14:38:36',NULL,1671403256519078138,NULL,0,0),(1671403256519078165,'kfzy@qq.com',NULL,'$2a$10$TlxMcQLmry4bwIQ0GNAL7uXcoMGQJeFUAfDvMh/NHOSE2qf8i6S9W',NULL,NULL,'客服专员','kfzy@qq.com','客服专员','','','0','100001008000000','100001008003000','2023-09-26 14:38:57','2023-09-26 14:38:57',NULL,1671403256519078138,NULL,0,0),(1671403256519078166,'fawuzhang@qq.com',NULL,'$2a$10$iO3DUBYRTeuQMUKwC8lB1ex20cvOc2BozfADUOQEfGOuh39AJmfbm',NULL,NULL,'法务张','fawuzhang@qq.com','法务张','','0','1','100001007000000','100001007003000','2023-12-05 14:32:45','2023-12-05 14:33:22',NULL,1671403256519078138,1671403256519078138,0,NULL),(1671403256519078167,'lisiwen@qq.com',NULL,'$2a$10$bMM9b7qp3Ki6807qa4TDoe6oNyHEWhTVZQ4rlwDwT3JQWdWrluYoK',NULL,NULL,'李思文','lisiwen@qq.com','李思文','','','1','100001000000000','100001001000000','2023-12-05 17:22:04','2023-12-05 17:22:04',NULL,1671403256519078138,NULL,0,NULL),(1671403256519078168,'asdasd@qq.com',NULL,'$2a$10$5dwbhtVLHvThvtKoJ1rPBO5B0PbMvCZ9UTvNNW4uhzaJ.pDKCmU9K',NULL,NULL,'吴彦祖','asdasd@qq.com','吴彦祖','18888888888','0','0','100001002000000','100001002008000','2023-12-06 11:05:09','2023-12-06 14:23:02',NULL,1,1671403256519078138,0,NULL),(1671403256519078170,'sadasd@qq.com',NULL,'$2a$10$YcP4VJeTp3kIiwtUJ1j3vODMomqe0GEQqbjnvv/NzvQGO3sxM/k3q',NULL,NULL,'陈冠希','sadasd@qq.com','陈冠希1','18888888888','0','0','100001001000000','100001001002000','2023-12-06 15:01:11','2023-12-06 17:07:29',NULL,1671403256519078138,1671403256519078138,0,NULL),(1671403256519078171,'zhangbozhi@qq.com',NULL,'$2a$10$7Gr/l.MxVm63P1cgKCK7lewZNuoeImkQXE587CxJ6Iv6ZzhBx1TcO',NULL,NULL,'张柏芝','zhangbozhi@qq.com','张柏芝','','','0','100001009000000','100001009001000','2023-12-07 09:23:43','2023-12-08 14:57:57',NULL,1671403256519078138,1671403256519078138,0,NULL),(1671403256519078172,'haha2@itcast.cn',NULL,'$2a$10$YXyCHawI.ElbEOOxHkVoC.ibRikmuwkuKVKEkgptjb8W/oMD99Ztq',NULL,NULL,'哈哈','haha2@itcast.cn','哈哈哈5666','13211226789','0','1','100001012000000','100001012001000','2023-12-20 20:52:12','2023-12-23 00:08:28',NULL,1671403256519078138,1671403256519078172,0,NULL),(1671403256519078174,'sadas@qq.com',NULL,'$2a$10$zWQItYgdhiez5JJ6bbYTI.u6K1p4tzxHMwYjoDCsrgcp2uPCKQ64e',NULL,NULL,'王嘉尔','sadas@qq.com','王嘉尔','17777777777','','0','100001013000000','100001013002000','2023-12-25 10:27:25','2023-12-25 11:31:02',NULL,1671403256519078235,1671403256519078235,0,NULL),(1671403256519078175,'sdf@qq.com',NULL,'$2a$10$OxW4ojaYy7JsnNpGbCOnC.DM5xh2fj9sFylwQD9h37OQ6.QJksIyy',NULL,NULL,'sdfs','sdf@qq.com','sdfssssss','13456563333','0','0','100001013000000','100001013002000','2023-12-25 10:51:09','2023-12-26 17:19:12',NULL,1671403256519078138,1671403256519078138,0,NULL);
/*!40000 ALTER TABLE `sys_user` ENABLE KEYS */;
UNLOCK TABLES;

--
-- Table structure for table `sys_user_role`
--

DROP TABLE IF EXISTS `sys_user_role`;
/*!40101 SET @saved_cs_client     = @@character_set_client */;
/*!50503 SET character_set_client = utf8mb4 */;
CREATE TABLE `sys_user_role` (
  `id` bigint NOT NULL AUTO_INCREMENT COMMENT '角色资源Id',
  `user_id` bigint NOT NULL COMMENT '用户ID',
  `role_id` bigint NOT NULL COMMENT '角色ID',
  `create_time` datetime NOT NULL COMMENT '创建时间',
  `update_time` datetime DEFAULT NULL COMMENT '修改时间',
  `data_state` char(1) CHARACTER SET utf8mb3 COLLATE utf8mb3_bin NOT NULL DEFAULT '0' COMMENT '数据状态（0正常 1停用）',
  `create_by` bigint DEFAULT NULL COMMENT '创建者',
  `update_by` bigint DEFAULT NULL COMMENT '更新者',
  `remark` varchar(500) CHARACTER SET utf8mb3 COLLATE utf8mb3_bin DEFAULT NULL COMMENT '备注',
  PRIMARY KEY (`id`) USING BTREE
) ENGINE=InnoDB AUTO_INCREMENT=1671808600630572401 DEFAULT CHARSET=utf8mb3 COLLATE=utf8mb3_bin ROW_FORMAT=DYNAMIC COMMENT='用户角色关联表';
/*!40101 SET character_set_client = @saved_cs_client */;

--
-- Dumping data for table `sys_user_role`
--

LOCK TABLES `sys_user_role` WRITE;
/*!40000 ALTER TABLE `sys_user_role` DISABLE KEYS */;
INSERT INTO `sys_user_role` VALUES (1671808600630572358,1671403256519078138,1662380895291650049,'2023-09-25 11:53:21','2023-09-25 11:53:21','0',1671403256519078006,NULL,NULL),(1671808600630572363,1671403256519078142,1671403094153375877,'2023-09-26 13:54:27','2023-09-26 13:54:27','0',1671403256519078138,NULL,NULL),(1671808600630572367,1671403256519078147,1671403094153375826,'2023-09-26 14:09:28','2023-09-26 14:09:28','0',1671403256519078138,NULL,NULL),(1671808600630572368,1671403256519078148,1671403094153375873,'2023-09-26 14:09:51','2023-09-26 14:09:51','0',1671403256519078138,NULL,NULL),(1671808600630572369,1671403256519078149,1671403094153375906,'2023-09-26 14:14:27','2023-09-26 14:14:27','0',1671403256519078138,NULL,NULL),(1671808600630572370,1671403256519078150,1671403094153375877,'2023-09-26 14:15:20','2023-09-26 14:15:20','0',1671403256519078138,NULL,NULL),(1671808600630572371,1671403256519078151,1671403094153375879,'2023-09-26 14:16:28','2023-09-26 14:16:28','0',1671403256519078138,NULL,NULL),(1671808600630572372,1671403256519078152,1671403094153375880,'2023-09-26 14:17:03','2023-09-26 14:17:03','0',1671403256519078138,NULL,NULL),(1671808600630572373,1671403256519078153,1671403094153375881,'2023-09-26 14:32:52','2023-09-26 14:32:52','0',1671403256519078138,NULL,NULL),(1671808600630572374,1671403256519078154,1671403094153375882,'2023-09-26 14:33:33','2023-09-26 14:33:33','0',1671403256519078138,NULL,NULL),(1671808600630572375,1671403256519078155,1671403094153375883,'2023-09-26 14:33:57','2023-09-26 14:33:57','0',1671403256519078138,NULL,NULL),(1671808600630572376,1671403256519078156,1671403094153375894,'2023-09-26 14:34:36','2023-09-26 14:34:36','0',1671403256519078138,NULL,NULL),(1671808600630572377,1671403256519078157,1671403094153375895,'2023-09-26 14:34:57','2023-09-26 14:34:57','0',1671403256519078138,NULL,NULL),(1671808600630572378,1671403256519078158,1671403094153375896,'2023-09-26 14:35:41','2023-09-26 14:35:41','0',1671403256519078138,NULL,NULL),(1671808600630572379,1671403256519078159,1671403094153375897,'2023-09-26 14:36:14','2023-09-26 14:36:14','0',1671403256519078138,NULL,NULL),(1671808600630572380,1671403256519078160,1671403094153375898,'2023-09-26 14:36:41','2023-09-26 14:36:41','0',1671403256519078138,NULL,NULL),(1671808600630572381,1671403256519078161,1671403094153375899,'2023-09-26 14:37:05','2023-09-26 14:37:05','0',1671403256519078138,NULL,NULL),(1671808600630572382,1671403256519078162,1671403094153375900,'2023-09-26 14:37:33','2023-09-26 14:37:33','0',1671403256519078138,NULL,NULL),(1671808600630572383,1671403256519078163,1671403094153375901,'2023-09-26 14:37:56','2023-09-26 14:37:56','0',1671403256519078138,NULL,NULL),(1671808600630572384,1671403256519078164,1671403094153375902,'2023-09-26 14:38:36','2023-09-26 14:38:36','0',1671403256519078138,NULL,NULL),(1671808600630572385,1671403256519078165,1671403094153375905,'2023-09-26 14:38:57','2023-09-26 14:38:57','0',1671403256519078138,NULL,NULL),(1671808600630572386,1671403256519078166,1671403094153375907,'2023-11-02 17:46:41','2023-11-02 17:46:41','0',1671403256519078138,NULL,NULL),(1671808600630572387,1671403256519078167,1671403094153375896,'2023-11-02 21:51:28','2023-11-02 21:51:28','0',1671403256519078138,NULL,NULL),(1671808600630572388,1671403256519078168,1671403094153375902,'2023-11-15 16:17:38','2023-11-15 16:17:38','0',1671403256519078138,NULL,NULL),(1671808600630572389,1671403256519078169,1671403094153375906,'2023-12-08 11:31:25','2023-12-08 11:31:25','0',1671403256519078138,NULL,NULL),(1671808600630572392,1671403256519078172,1671403094153375877,'2023-12-22 23:31:56','2023-12-22 23:31:56','0',1671403256519078138,NULL,NULL),(1671808600630572395,1671403256519078174,1662380895291650049,'2023-12-25 11:31:02','2023-12-25 11:31:02','0',1671403256519078235,NULL,NULL),(1671808600630572400,1671403256519078175,1671403094153375875,'2023-12-26 17:19:12','2023-12-26 17:19:12','0',1671403256519078138,NULL,NULL);
/*!40000 ALTER TABLE `sys_user_role` ENABLE KEYS */;
UNLOCK TABLES;

--
-- Table structure for table `trading`
--

DROP TABLE IF EXISTS `trading`;
/*!40101 SET @saved_cs_client     = @@character_set_client */;
/*!50503 SET character_set_client = utf8mb4 */;
CREATE TABLE `trading` (
  `id` bigint NOT NULL AUTO_INCREMENT COMMENT '主键',
  `product_order_no` bigint unsigned DEFAULT NULL COMMENT '业务系统订单号',
  `trading_order_no` bigint DEFAULT NULL COMMENT '交易系统订单号【对于三方来说：商户订单】',
  `trading_channel` varchar(32) CHARACTER SET utf8mb4 COLLATE utf8mb4_0900_ai_ci DEFAULT NULL COMMENT '支付渠道【支付宝、微信、现金、免单挂账】',
  `trading_type` varchar(22) CHARACTER SET utf8mb3 COLLATE utf8mb3_general_ci DEFAULT NULL COMMENT '交易类型【1月度费用 2服务费用】',
  `trading_state` int DEFAULT NULL COMMENT '交易单状态【1-待付款,2-付款中,3-付款失败,4-已结算,5-取消订单,6-免单,7-挂账】',
  `payee_name` varchar(50) CHARACTER SET utf8mb3 COLLATE utf8mb3_general_ci DEFAULT NULL COMMENT '收款人姓名',
  `payee_id` bigint DEFAULT NULL COMMENT '收款人账户ID',
  `payer_name` varchar(50) CHARACTER SET utf8mb3 COLLATE utf8mb3_general_ci DEFAULT NULL COMMENT '付款人姓名',
  `payer_id` bigint DEFAULT NULL COMMENT '付款人Id',
  `trading_amount` decimal(22,2) DEFAULT NULL COMMENT '交易金额，单位：元',
  `refund` decimal(12,2) unsigned zerofill DEFAULT '0000000000.00' COMMENT '退款金额【付款后，单位：元',
  `is_refund` varchar(32) CHARACTER SET utf8mb4 COLLATE utf8mb4_0900_ai_ci DEFAULT NULL COMMENT '是否有退款：YES，NO',
  `result_code` varchar(80) CHARACTER SET utf8mb3 COLLATE utf8mb3_general_ci DEFAULT NULL COMMENT '第三方交易返回编码【最终确认交易结果】',
  `result_msg` varchar(255) CHARACTER SET utf8mb3 COLLATE utf8mb3_general_ci DEFAULT NULL COMMENT '第三方交易返回提示消息【最终确认交易信息】',
  `result_json` varchar(2000) CHARACTER SET utf8mb3 COLLATE utf8mb3_general_ci DEFAULT NULL COMMENT '第三方交易返回信息json【分析交易最终信息】',
  `place_order_code` varchar(80) CHARACTER SET utf8mb3 COLLATE utf8mb3_general_ci DEFAULT NULL COMMENT '统一下单返回编码',
  `place_order_msg` varchar(255) CHARACTER SET utf8mb3 COLLATE utf8mb3_general_ci DEFAULT NULL COMMENT '统一下单返回信息',
  `place_order_json` text CHARACTER SET utf8mb3 COLLATE utf8mb3_general_ci COMMENT '统一下单返回信息json【用于生产二维码、Android ios唤醒支付等】',
  `enterprise_id` bigint DEFAULT NULL COMMENT '商户号',
  `memo` varchar(150) CHARACTER SET utf8mb3 COLLATE utf8mb3_general_ci DEFAULT NULL COMMENT '备注【订单门店，桌台信息】',
  `qr_code` text CHARACTER SET utf8mb3 COLLATE utf8mb3_general_ci COMMENT '二维码base64数据',
  `open_id` varchar(36) CHARACTER SET utf8mb4 COLLATE utf8mb4_unicode_ci DEFAULT NULL COMMENT 'open_id标识',
  `enable_flag` varchar(10) CHARACTER SET utf8mb3 COLLATE utf8mb3_general_ci DEFAULT NULL COMMENT '是否有效',
  `create_time` datetime NOT NULL COMMENT '创建时间',
  `update_time` datetime DEFAULT NULL COMMENT '更新时间',
  `create_by` bigint DEFAULT NULL COMMENT '创建人id',
  `update_by` bigint DEFAULT NULL COMMENT '更新人id',
  `remark` varchar(255) CHARACTER SET utf8mb4 COLLATE utf8mb4_0900_ai_ci DEFAULT NULL COMMENT '备注',
  PRIMARY KEY (`id`) USING BTREE,
  KEY `index_order_id` (`product_order_no`) USING BTREE,
  KEY `index_tpptrs` (`trading_channel`) USING BTREE,
  KEY `trading_order_no` (`trading_order_no`) USING BTREE,
  KEY `trading_state` (`trading_state`) USING BTREE,
  KEY `create_time` (`create_time`) USING BTREE,
  KEY `enable_flag` (`enable_flag`) USING BTREE
) ENGINE=InnoDB AUTO_INCREMENT=593 DEFAULT CHARSET=utf8mb3 ROW_FORMAT=DYNAMIC COMMENT='交易订单表';
/*!40101 SET character_set_client = @saved_cs_client */;

--
-- Dumping data for table `trading`
--

LOCK TABLES `trading` WRITE;
/*!40000 ALTER TABLE `trading` DISABLE KEYS */;
INSERT INTO `trading` VALUES (582,651,NULL,'支付宝','1',4,NULL,NULL,NULL,NULL,NULL,NULL,NULL,NULL,NULL,NULL,NULL,NULL,NULL,NULL,'https://yjy-slwl-oss.oss-cn-hangzhou.aliyuncs.com/8eb07550-3163-47b3-acf0-23032e5b5521.png',NULL,NULL,NULL,'2023-09-28 22:54:21',NULL,1671403256519078138,NULL,'1234'),(583,653,NULL,'微信','1',4,NULL,NULL,NULL,NULL,NULL,NULL,NULL,NULL,NULL,NULL,NULL,NULL,NULL,NULL,'https://yjy-slwl-oss.oss-cn-hangzhou.aliyuncs.com/70d2f5ef-98b2-4db2-894e-709cccfd20bf.png',NULL,NULL,NULL,'2023-10-05 15:02:52',NULL,1671403256519078138,NULL,'222'),(584,654,NULL,'微信','1',4,NULL,NULL,NULL,NULL,NULL,NULL,NULL,NULL,NULL,NULL,NULL,NULL,NULL,NULL,'https://yjy-slwl-oss.oss-cn-hangzhou.aliyuncs.com/b60025a9-669e-46c0-b114-28b7eda7c3f9.png',NULL,NULL,NULL,'2023-10-05 16:01:18',NULL,1671403256519078150,NULL,'12444'),(585,655,NULL,'微信','1',4,NULL,NULL,NULL,NULL,NULL,NULL,NULL,NULL,NULL,NULL,NULL,NULL,NULL,NULL,'https://yjy-slwl-oss.oss-cn-hangzhou.aliyuncs.com/ce7fe19f-e734-4340-a5b2-ed1c7e52b490.png',NULL,NULL,NULL,'2023-10-05 16:01:27',NULL,1671403256519078150,NULL,'222'),(586,656,NULL,'微信','1',4,NULL,NULL,NULL,NULL,NULL,NULL,NULL,NULL,NULL,NULL,NULL,NULL,NULL,NULL,'https://yjy-slwl-oss.oss-cn-hangzhou.aliyuncs.com/de6ebdfb-6140-4c3f-a3d9-df72be501a67.png',NULL,NULL,NULL,'2023-10-05 16:01:35',NULL,1671403256519078150,NULL,'222'),(587,657,NULL,'支付宝','1',4,NULL,NULL,NULL,NULL,NULL,NULL,NULL,NULL,NULL,NULL,NULL,NULL,NULL,NULL,'https://yjy-slwl-oss.oss-cn-hangzhou.aliyuncs.com/2fe64758-74ff-4130-b6b0-85f88c639966.png',NULL,NULL,NULL,'2023-10-05 16:01:45',NULL,1671403256519078150,NULL,'222'),(588,658,NULL,'网银','1',4,NULL,NULL,NULL,NULL,NULL,NULL,NULL,NULL,NULL,NULL,NULL,NULL,NULL,NULL,'https://yjy-slwl-oss.oss-cn-hangzhou.aliyuncs.com/6258f25d-d258-44d5-b378-a7db3c23842b.png',NULL,NULL,NULL,'2023-10-05 16:01:56',NULL,1671403256519078150,NULL,'222'),(589,660,NULL,'微信','1',4,NULL,NULL,NULL,NULL,NULL,NULL,NULL,NULL,NULL,NULL,NULL,NULL,NULL,NULL,'https://itheim.oss-cn-beijing.aliyuncs.com/3c5c4249-bc86-42d4-a175-76c6edb36418.png',NULL,NULL,NULL,'2023-10-13 10:41:12','2023-10-13 10:41:12',1671403256519078138,NULL,'1233'),(590,659,NULL,'支付宝','1',4,NULL,NULL,NULL,NULL,NULL,NULL,NULL,NULL,NULL,NULL,NULL,NULL,NULL,NULL,'https://itheim.oss-cn-beijing.aliyuncs.com/8e0340c8-1506-463a-875e-e358e19d81b1.png',NULL,NULL,NULL,'2023-10-13 10:41:21','2023-10-13 10:41:21',1671403256519078138,NULL,'1222'),(591,662,NULL,'支付宝','1',4,NULL,NULL,NULL,NULL,NULL,NULL,NULL,NULL,NULL,NULL,NULL,NULL,NULL,NULL,'https://itheim.oss-cn-beijing.aliyuncs.com/6afd68fc-4ba6-4a41-a38b-14c6945e3be1.png',NULL,NULL,NULL,'2023-11-12 00:02:56','2023-11-12 00:02:56',1671403256519078138,NULL,'123'),(592,663,NULL,'微信','1',4,NULL,NULL,NULL,NULL,NULL,NULL,NULL,NULL,NULL,NULL,NULL,NULL,NULL,NULL,'https://itheim.oss-cn-beijing.aliyuncs.com/cc91b52b-19eb-4a88-8dd2-5325a8110193.png',NULL,NULL,NULL,'2023-11-12 15:50:33','2023-11-12 15:50:33',1671403256519078138,NULL,'5533.33');
/*!40000 ALTER TABLE `trading` ENABLE KEYS */;
UNLOCK TABLES;

--
-- Table structure for table `visit`
--

DROP TABLE IF EXISTS `visit`;
/*!40101 SET @saved_cs_client     = @@character_set_client */;
/*!50503 SET character_set_client = utf8mb4 */;
CREATE TABLE `visit` (
  `id` bigint NOT NULL AUTO_INCREMENT COMMENT '主键ID',
  `name` varchar(50) CHARACTER SET utf8mb4 COLLATE utf8mb4_0900_ai_ci NOT NULL COMMENT '到访人姓名',
  `mobile` varchar(20) CHARACTER SET utf8mb4 COLLATE utf8mb4_0900_ai_ci NOT NULL COMMENT '到访人手机号',
  `time` datetime NOT NULL COMMENT '到访时间',
  `visitor` varchar(50) CHARACTER SET utf8mb4 COLLATE utf8mb4_0900_ai_ci NOT NULL COMMENT '探访人',
  `type` int NOT NULL COMMENT '来访类型，0：参观来访，1：探访来访',
  `status` int NOT NULL COMMENT '来访状态，0：待报道，1：已完成，2：取消，3：过期',
  `create_time` datetime NOT NULL COMMENT '创建时间',
  `update_time` datetime DEFAULT NULL COMMENT '更新时间',
  `create_by` bigint DEFAULT NULL COMMENT '创建人id',
  `update_by` bigint DEFAULT NULL COMMENT '更新人id',
  `remark` varchar(255) CHARACTER SET utf8mb4 COLLATE utf8mb4_0900_ai_ci DEFAULT NULL COMMENT '备注',
  PRIMARY KEY (`id`) USING BTREE,
  UNIQUE KEY `name_mobile_time_visitor` (`name`,`mobile`,`time`,`visitor`) USING BTREE
) ENGINE=InnoDB AUTO_INCREMENT=115 DEFAULT CHARSET=utf8mb4 COLLATE=utf8mb4_0900_ai_ci ROW_FORMAT=DYNAMIC COMMENT='来访信息表';
/*!40101 SET character_set_client = @saved_cs_client */;

--
-- Dumping data for table `visit`
--

LOCK TABLES `visit` WRITE;
/*!40000 ALTER TABLE `visit` DISABLE KEYS */;
/*!40000 ALTER TABLE `visit` ENABLE KEYS */;
UNLOCK TABLES;
/*!40103 SET TIME_ZONE=@OLD_TIME_ZONE */;

/*!40101 SET SQL_MODE=@OLD_SQL_MODE */;
/*!40014 SET FOREIGN_KEY_CHECKS=@OLD_FOREIGN_KEY_CHECKS */;
/*!40014 SET UNIQUE_CHECKS=@OLD_UNIQUE_CHECKS */;
/*!40101 SET CHARACTER_SET_CLIENT=@OLD_CHARACTER_SET_CLIENT */;
/*!40101 SET CHARACTER_SET_RESULTS=@OLD_CHARACTER_SET_RESULTS */;
/*!40101 SET COLLATION_CONNECTION=@OLD_COLLATION_CONNECTION */;
/*!40111 SET SQL_NOTES=@OLD_SQL_NOTES */;

-- Dump completed on 2026-05-26 16:18:13
